{"level":"info","message":"GET /api/team-comments 304 in 450ms :: [{\"id\":20,\"authorId\":\"admin-id\",\"authorN…","service":"stargem-manager","timestamp":"2026-05-02 01:40:43"}
{"level":"info","message":"GET /api/todos 304 in 476ms :: [{\"id\":1,\"text\":\"Implementare verifica SMS/Whats…","service":"stargem-manager","timestamp":"2026-05-02 01:40:43"}
{"level":"info","message":"POST /api/users/presence/heartbeat 200 in 407ms :: {\"success\":true}","service":"stargem-manager","timestamp":"2026-05-02 01:40:44"}
{"level":"info","message":"GET /api/users/presence/active 200 in 1021ms :: [{\"id\":\"admin-id\",\"username\":\"a…","service":"stargem-manager","timestamp":"2026-05-02 01:40:48"}
{"level":"info","message":"GET /api/team-comments 304 in 365ms :: [{\"id\":20,\"authorId\":\"admin-id\",\"authorN…","service":"stargem-manager","timestamp":"2026-05-02 01:40:53"}
{"level":"info","message":"GET /api/todos 304 in 393ms :: [{\"id\":1,\"text\":\"Implementare verifica SMS/Whats…","service":"stargem-manager","timestamp":"2026-05-02 01:40:53"}
{"level":"info","message":"GET /api/client-categories 200 in 691ms","service":"stargem-manager","timestamp":"2026-05-02 01:40:55"}
{"level":"info","message":"GET /api/quotes 304 in 712ms :: [{\"id\":27,\"name\":\"sconto 20\",\"amount\":\"20.00\",\"…","service":"stargem-manager","timestamp":"2026-05-02 01:40:55"}
{"level":"info","message":"GET /api/workshops 200 in 712ms","service":"stargem-manager","timestamp":"2026-05-02 01:40:55"}
{"level":"info","message":"GET /api/team-notes 304 in 715ms :: []","service":"stargem-manager","timestamp":"2026-05-02 01:40:55"}
{"level":"info","message":"GET /api/price-lists 304 in 717ms :: [{\"id\":18,\"name\":\"Settembre\",\"validFrom\":\"…","service":"stargem-manager","timestamp":"2026-05-02 01:40:55"}
{"level":"info","message":"GET /api/courses 304 in 1266ms :: [{\"id\":827,\"sku\":\"2526GEDDOVEN20\",\"name\":\"Cor…","service":"stargem-manager","timestamp":"2026-05-02 01:40:56"}
{"level":"info","message":"GET /api/paid-trials 200 in 736ms","service":"stargem-manager","timestamp":"2026-05-02 01:40:56"}
{"level":"info","message":"GET /api/sunday-activities 200 in 820ms","service":"stargem-manager","timestamp":"2026-05-02 01:40:56"}
{"level":"info","message":"GET /api/free-trials 200 in 820ms","service":"stargem-manager","timestamp":"2026-05-02 01:40:56"}
{"level":"info","message":"GET /api/single-lessons 200 in 821ms","service":"stargem-manager","timestamp":"2026-05-02 01:40:56"}
{"level":"info","message":"GET /api/trainings 200 in 817ms","service":"stargem-manager","timestamp":"2026-05-02 01:40:56"}
{"level":"info","message":"GET /api/individual-lessons 200 in 508ms","service":"stargem-manager","timestamp":"2026-05-02 01:40:57"}
{"level":"info","message":"GET /api/campus-activities 200 in 663ms","service":"stargem-manager","timestamp":"2026-05-02 01:40:57"}
{"level":"info","message":"GET /api/categories 200 in 661ms","service":"stargem-manager","timestamp":"2026-05-02 01:40:57"}
{"level":"info","message":"GET /api/knowledge 200 in 662ms","service":"stargem-manager","timestamp":"2026-05-02 01:40:57"}
{"level":"info","message":"GET /api/vacation-studies 200 in 662ms","service":"stargem-manager","timestamp":"2026-05-02 01:40:57"}
{"level":"info","message":"GET /api/recitals 200 in 666ms","service":"stargem-manager","timestamp":"2026-05-02 01:40:57"}
{"level":"info","message":"GET /api/workshop-categories 200 in 537ms","service":"stargem-manager","timestamp":"2026-05-02 01:40:57"}
{"level":"info","message":"GET /api/sunday-categories 200 in 606ms","service":"stargem-manager","timestamp":"2026-05-02 01:40:57"}
{"level":"info","message":"GET /api/individual-lesson-categories 200 in 547ms","service":"stargem-manager","timestamp":"2026-05-02 01:40:58"}
{"level":"info","message":"GET /api/recital-categories 200 in 566ms","service":"stargem-manager","timestamp":"2026-05-02 01:40:58"}
{"level":"info","message":"GET /api/campus-categories 200 in 569ms","service":"stargem-manager","timestamp":"2026-05-02 01:40:58"}
{"level":"info","message":"GET /api/training-categories 200 in 571ms","service":"stargem-manager","timestamp":"2026-05-02 01:40:58"}
{"level":"info","message":"GET /api/vacation-categories 200 in 703ms","service":"stargem-manager","timestamp":"2026-05-02 01:40:58"}
{"level":"info","message":"GET /api/studios 304 in 499ms :: [{\"id\":10,\"name\":\"STUDIO 01 (80mq)\",\"floor\":\"\"…","service":"stargem-manager","timestamp":"2026-05-02 01:40:58"}
{"level":"info","message":"GET /api/custom-lists/provenienza_marketing 304 in 580ms :: {\"id\":18,\"name\":\"Ca…","service":"stargem-manager","timestamp":"2026-05-02 01:40:58"}
{"level":"info","message":"GET /api/booking-services 304 in 526ms :: [{\"id\":8,\"name\":\"Lezione Zaccaria\",\"d…","service":"stargem-manager","timestamp":"2026-05-02 01:40:58"}
{"level":"info","message":"GET /api/custom-lists/livello_crm 304 in 575ms :: {\"id\":19,\"name\":\"Livello CRM\"…","service":"stargem-manager","timestamp":"2026-05-02 01:40:58"}
{"level":"info","message":"GET /api/instructors 304 in 1354ms :: [{\"id\":2336,\"userId\":null,\"firstName\":\"AN…","service":"stargem-manager","timestamp":"2026-05-02 01:40:59"}
{"level":"info","message":"GET /api/client-categories 200 in 896ms","service":"stargem-manager","timestamp":"2026-05-02 01:40:59"}
{"level":"info","message":"GET /api/members/duplicates 304 in 1180ms :: [{\"id1\":16881,\"id2\":18708,\"name1\":…","service":"stargem-manager","timestamp":"2026-05-02 01:40:59"}
{"level":"info","message":"GET /api/team-notes 304 in 906ms :: []","service":"stargem-manager","timestamp":"2026-05-02 01:40:59"}
{"level":"info","message":"GET /api/enrollment-details 304 in 961ms :: [{\"id\":2,\"name\":\"Iscritto Donna\",\"c…","service":"stargem-manager","timestamp":"2026-05-02 01:40:59"}
{"level":"info","message":"GET /api/payments 304 in 1511ms :: []","service":"stargem-manager","timestamp":"2026-05-02 01:41:00"}
{"level":"info","message":"GET /api/participant-types 500 in 785ms :: {\"message\":\"Failed to fetch particip…","service":"stargem-manager","timestamp":"2026-05-02 01:41:00"}
{"level":"info","message":"GET /api/subscription-types 500 in 845ms :: {\"message\":\"Failed to fetch subscri…","service":"stargem-manager","timestamp":"2026-05-02 01:41:00"}
{"level":"info","message":"GET /api/members 304 in 1742ms :: {\"members\":[{\"id\":15616,\"firstName\":\"LIA\",\"la…","service":"stargem-manager","timestamp":"2026-05-02 01:41:01"}
{"level":"info","message":"GET /api/enrollments 304 in 1778ms :: [{\"id\":65,\"memberId\":14194,\"courseId\":7,\"…","service":"stargem-manager","timestamp":"2026-05-02 01:41:01"}
{"level":"info","message":"GET /api/members 304 in 1772ms :: {\"members\":[{\"id\":15616,\"firstName\":\"LIA\",\"la…","service":"stargem-manager","timestamp":"2026-05-02 01:41:01"}
{"level":"info","message":"GET /api/client-categories 200 in 982ms","service":"stargem-manager","timestamp":"2026-05-02 01:41:01"}
{"level":"info","message":"GET /api/members/counts-by-type 304 in 1099ms :: {\"partecipanti\":\"4826\",\"staff\"…","service":"stargem-manager","timestamp":"2026-05-02 01:41:01"}
{"level":"info","message":"GET /api/members/missing-data 304 in 1445ms :: {\"missingFiscalCode\":731,\"missin…","service":"stargem-manager","timestamp":"2026-05-02 01:41:01"}
{"level":"info","message":"GET /api/gempass/firme-all 304 in 432ms :: [{\"id\":1,\"memberId\":1,\"seasonId\":1,\"…","service":"stargem-manager","timestamp":"2026-05-02 01:41:01"}
{"level":"info","message":"GET /api/team-notes 304 in 458ms :: []","service":"stargem-manager","timestamp":"2026-05-02 01:41:01"}
{"level":"info","message":"GET /api/seasons/active 304 in 446ms :: {\"id\":1,\"name\":\"Stagione 2025/2026\",\"de…","service":"stargem-manager","timestamp":"2026-05-02 01:41:01"}
{"level":"info","message":"GET /api/team-notes 304 in 645ms :: []","service":"stargem-manager","timestamp":"2026-05-02 01:41:02"}
{"level":"info","message":"GET /api/medical-certificates 304 in 969ms :: [{\"id\":2471,\"memberId\":17092,\"iss…","service":"stargem-manager","timestamp":"2026-05-02 01:41:02"}
{"level":"info","message":"GET /api/members 304 in 993ms :: {\"members\":[{\"id\":15616,\"firstName\":\"LIA\",\"las…","service":"stargem-manager","timestamp":"2026-05-02 01:41:02"}
{"level":"info","message":"GET /api/members/entity-cards 304 in 994ms :: [{\"id\":2218,\"userId\":null,\"firstN…","service":"stargem-manager","timestamp":"2026-05-02 01:41:02"}
{"level":"info","message":"GET /api/gemteam/permessi/pending-count 304 in 864ms :: {\"count\":0}","service":"stargem-manager","timestamp":"2026-05-02 01:41:02"}
{"level":"info","message":"GET /api/users/presence/active 304 in 1187ms :: [{\"id\":\"admin-id\",\"username\":\"a…","service":"stargem-manager","timestamp":"2026-05-02 01:41:04"}
{"level":"info","message":"GET /api/team-comments 304 in 477ms :: [{\"id\":20,\"authorId\":\"admin-id\",\"authorN…","service":"stargem-manager","timestamp":"2026-05-02 01:41:04"}
{"level":"info","message":"GET /api/todos 304 in 434ms :: [{\"id\":1,\"text\":\"Implementare verifica SMS/Whats…","service":"stargem-manager","timestamp":"2026-05-02 01:41:04"}
{"level":"info","message":"GET /api/team-notes 304 in 369ms :: []","service":"stargem-manager","timestamp":"2026-05-02 01:41:05"}
{"level":"info","message":"GET /api/members 304 in 1373ms :: {\"members\":[{\"id\":15616,\"firstName\":\"LIA\",\"la…","service":"stargem-manager","timestamp":"2026-05-02 01:41:06"}
{"level":"info","message":"GET /api/memberships 200 in 7072ms :: [{\"id\":18384,\"memberId\":17571,\"membership…","service":"stargem-manager","timestamp":"2026-05-02 01:41:08"}
{"level":"info","message":"GET /api/team-notes 304 in 252ms :: [{\"id\":30,\"authorId\":\"admin-id\",\"authorName…","service":"stargem-manager","timestamp":"2026-05-02 01:41:11"}
{"level":"info","message":"GET /api/team-comments 304 in 365ms :: [{\"id\":20,\"authorId\":\"admin-id\",\"authorN…","service":"stargem-manager","timestamp":"2026-05-02 01:41:14"}
{"level":"info","message":"GET /api/todos 304 in 365ms :: [{\"id\":1,\"text\":\"Implementare verifica SMS/Whats…","service":"stargem-manager","timestamp":"2026-05-02 01:41:14"}
{"level":"info","message":"POST /api/users/presence/heartbeat 200 in 330ms :: {\"success\":true}","service":"stargem-manager","timestamp":"2026-05-02 01:41:15"}
{"level":"info","message":"GET /api/users/presence/active 200 in 758ms :: [{\"id\":\"admin-id\",\"username\":\"ad…","service":"stargem-manager","timestamp":"2026-05-02 01:41:20"}
{"level":"info","message":"GET /api/team-comments 304 in 366ms :: [{\"id\":20,\"authorId\":\"admin-id\",\"authorN…","service":"stargem-manager","timestamp":"2026-05-02 01:41:25"}
{"level":"info","message":"GET /api/todos 304 in 366ms :: [{\"id\":1,\"text\":\"Implementare verifica SMS/Whats…","service":"stargem-manager","timestamp":"2026-05-02 01:41:25"}
{"level":"info","message":"GET /api/team-comments 304 in 700ms :: [{\"id\":20,\"authorId\":\"admin-id\",\"authorN…","service":"stargem-manager","timestamp":"2026-05-02 01:41:35"}
{"level":"info","message":"GET /api/todos 304 in 673ms :: [{\"id\":1,\"text\":\"Implementare verifica SMS/Whats…","service":"stargem-manager","timestamp":"2026-05-02 01:41:35"}
{"level":"info","message":"GET /api/users/presence/active 304 in 970ms :: [{\"id\":\"admin-id\",\"username\":\"ad…","service":"stargem-manager","timestamp":"2026-05-02 01:41:36"}
{"level":"info","message":"GET /api/team-comments 304 in 332ms :: [{\"id\":20,\"authorId\":\"admin-id\",\"authorN…","service":"stargem-manager","timestamp":"2026-05-02 01:41:46"}
{"level":"info","message":"GET /api/todos 304 in 359ms :: [{\"id\":1,\"text\":\"Implementare verifica SMS/Whats…","service":"stargem-manager","timestamp":"2026-05-02 01:41:46"}
{"level":"info","message":"GET /api/users/presence/active 304 in 816ms :: [{\"id\":\"admin-id\",\"username\":\"ad…","service":"stargem-manager","timestamp":"2026-05-02 01:41:51"}
{"level":"info","message":"GET /api/team-comments 304 in 351ms :: [{\"id\":20,\"authorId\":\"admin-id\",\"authorN…","service":"stargem-manager","timestamp":"2026-05-02 01:41:56"}
{"level":"info","message":"GET /api/todos 304 in 349ms :: [{\"id\":1,\"text\":\"Implementare verifica SMS/Whats…","service":"stargem-manager","timestamp":"2026-05-02 01:41:56"}
{"level":"info","message":"POST /api/users/presence/heartbeat 200 in 363ms :: {\"success\":true}","service":"stargem-manager","timestamp":"2026-05-02 01:42:02"}
{"level":"info","message":"GET /api/gemteam/permessi/pending-count 304 in 231ms :: {\"count\":0}","service":"stargem-manager","timestamp":"2026-05-02 01:42:03"}
{"level":"info","message":"GET /api/client-categories 200 in 498ms","service":"stargem-manager","timestamp":"2026-05-02 01:42:04"}
{"level":"info","message":"GET /api/paid-trials 200 in 496ms","service":"stargem-manager","timestamp":"2026-05-02 01:42:04"}
{"level":"info","message":"GET /api/workshops 200 in 497ms","service":"stargem-manager","timestamp":"2026-05-02 01:42:04"}
{"level":"info","message":"GET /api/single-lessons 200 in 523ms","service":"stargem-manager","timestamp":"2026-05-02 01:42:04"}
{"level":"info","message":"GET /api/free-trials 200 in 524ms","service":"stargem-manager","timestamp":"2026-05-02 01:42:04"}
{"level":"info","message":"GET /api/team-notes 304 in 552ms :: []","service":"stargem-manager","timestamp":"2026-05-02 01:42:04"}
{"level":"info","message":"GET /api/trainings 200 in 414ms","service":"stargem-manager","timestamp":"2026-05-02 01:42:04"}
{"level":"info","message":"GET /api/individual-lessons 200 in 412ms","service":"stargem-manager","timestamp":"2026-05-02 01:42:04"}
{"level":"info","message":"GET /api/sunday-activities 200 in 468ms","service":"stargem-manager","timestamp":"2026-05-02 01:42:04"}
{"level":"info","message":"GET /api/campus-activities 200 in 441ms","service":"stargem-manager","timestamp":"2026-05-02 01:42:04"}
{"level":"info","message":"GET /api/recitals 200 in 441ms","service":"stargem-manager","timestamp":"2026-05-02 01:42:04"}
{"level":"info","message":"GET /api/vacation-studies 200 in 444ms","service":"stargem-manager","timestamp":"2026-05-02 01:42:04"}
{"level":"info","message":"GET /api/categories 200 in 390ms","service":"stargem-manager","timestamp":"2026-05-02 01:42:05"}
{"level":"info","message":"GET /api/knowledge 200 in 444ms","service":"stargem-manager","timestamp":"2026-05-02 01:42:05"}
{"level":"info","message":"GET /api/workshop-categories 200 in 392ms","service":"stargem-manager","timestamp":"2026-05-02 01:42:05"}
{"level":"info","message":"GET /api/training-categories 200 in 416ms","service":"stargem-manager","timestamp":"2026-05-02 01:42:05"}
{"level":"info","message":"GET /api/sunday-categories 200 in 417ms","service":"stargem-manager","timestamp":"2026-05-02 01:42:05"}
{"level":"info","message":"GET /api/individual-lesson-categories 200 in 426ms","service":"stargem-manager","timestamp":"2026-05-02 01:42:05"}
{"level":"info","message":"GET /api/campus-categories 200 in 329ms","service":"stargem-manager","timestamp":"2026-05-02 01:42:05"}
{"level":"info","message":"GET /api/recital-categories 200 in 275ms","service":"stargem-manager","timestamp":"2026-05-02 01:42:05"}
{"level":"info","message":"GET /api/vacation-categories 200 in 275ms","service":"stargem-manager","timestamp":"2026-05-02 01:42:05"}
{"level":"info","message":"GET /api/client-categories 200 in 274ms","service":"stargem-manager","timestamp":"2026-05-02 01:42:05"}
{"level":"info","message":"GET /api/team-comments 304 in 309ms :: [{\"id\":20,\"authorId\":\"admin-id\",\"authorN…","service":"stargem-manager","timestamp":"2026-05-02 01:42:06"}
{"level":"info","message":"GET /api/todos 304 in 361ms :: [{\"id\":1,\"text\":\"Implementare verifica SMS/Whats…","service":"stargem-manager","timestamp":"2026-05-02 01:42:06"}
{"level":"info","message":"GET /api/users/presence/active 200 in 615ms :: [{\"id\":\"admin-id\",\"username\":\"ad…","service":"stargem-manager","timestamp":"2026-05-02 01:42:07"}
{"level":"info","message":"GET /api/client-categories 200 in 460ms","service":"stargem-manager","timestamp":"2026-05-02 01:42:13"}
{"level":"info","message":"GET /api/subscription-types 500 in 469ms :: {\"message\":\"Failed to fetch subscri…","service":"stargem-manager","timestamp":"2026-05-02 01:42:13"}
{"level":"info","message":"GET /api/participant-types 500 in 469ms :: {\"message\":\"Failed to fetch particip…","service":"stargem-manager","timestamp":"2026-05-02 01:42:13"}
{"level":"info","message":"GET /api/team-notes 304 in 582ms :: []","service":"stargem-manager","timestamp":"2026-05-02 01:42:13"}
{"level":"info","message":"GET /api/members/counts-by-type 304 in 580ms :: {\"partecipanti\":\"4826\",\"staff\":…","service":"stargem-manager","timestamp":"2026-05-02 01:42:13"}
{"level":"info","message":"GET /api/members 304 in 638ms :: {\"members\":[{\"id\":15616,\"firstName\":\"LIA\",\"las…","service":"stargem-manager","timestamp":"2026-05-02 01:42:13"}
{"level":"info","message":"GET /api/team-comments 304 in 301ms :: [{\"id\":20,\"authorId\":\"admin-id\",\"authorN…","service":"stargem-manager","timestamp":"2026-05-02 01:42:17"}
{"level":"info","message":"GET /api/todos 304 in 276ms :: [{\"id\":1,\"text\":\"Implementare verifica SMS/Whats…","service":"stargem-manager","timestamp":"2026-05-02 01:42:17"}
{"level":"info","message":"GET /api/users/presence/active 200 in 671ms :: [{\"id\":\"admin-id\",\"username\":\"ad…","service":"stargem-manager","timestamp":"2026-05-02 01:42:23"}
{"level":"info","message":"GET /api/team-notes 304 in 280ms :: []","service":"stargem-manager","timestamp":"2026-05-02 01:42:25"}
{"level":"info","message":"GET /api/team-comments 304 in 303ms :: [{\"id\":20,\"authorId\":\"admin-id\",\"authorN…","service":"stargem-manager","timestamp":"2026-05-02 01:42:27"}
{"level":"info","message":"GET /api/todos 304 in 308ms :: [{\"id\":1,\"text\":\"Implementare verifica SMS/Whats…","service":"stargem-manager","timestamp":"2026-05-02 01:42:27"}
{"level":"info","message":"POST /api/users/presence/heartbeat 200 in 363ms :: {\"success\":true}","service":"stargem-manager","timestamp":"2026-05-02 01:42:32"}
{"level":"info","message":"GET /api/team-notes 304 in 220ms :: []","service":"stargem-manager","timestamp":"2026-05-02 01:42:33"}
{"level":"info","message":"GET /api/team-notes 304 in 250ms :: []","service":"stargem-manager","timestamp":"2026-05-02 01:42:36"}
{"level":"info","message":"GET /api/team-comments 304 in 255ms :: [{\"id\":20,\"authorId\":\"admin-id\",\"authorN…","service":"stargem-manager","timestamp":"2026-05-02 01:42:37"}
{"level":"info","message":"GET /api/todos 304 in 282ms :: [{\"id\":1,\"text\":\"Implementare verifica SMS/Whats…","service":"stargem-manager","timestamp":"2026-05-02 01:42:37"}
{"level":"info","message":"GET /api/users/presence/active 200 in 619ms :: [{\"id\":\"admin-id\",\"username\":\"ad…","service":"stargem-manager","timestamp":"2026-05-02 01:42:38"}
{"level":"info","message":"GET /api/team-comments 304 in 330ms :: [{\"id\":20,\"authorId\":\"admin-id\",\"authorN…","service":"stargem-manager","timestamp":"2026-05-02 01:42:48"}
{"level":"info","message":"GET /api/todos 304 in 302ms :: [{\"id\":1,\"text\":\"Implementare verifica SMS/Whats…","service":"stargem-manager","timestamp":"2026-05-02 01:42:48"}
{"level":"info","message":"GET /api/users/presence/active 304 in 663ms :: [{\"id\":\"admin-id\",\"username\":\"ad…","service":"stargem-manager","timestamp":"2026-05-02 01:42:54"}
{"level":"info","message":"GET /api/team-comments 304 in 300ms :: [{\"id\":20,\"authorId\":\"admin-id\",\"authorN…","service":"stargem-manager","timestamp":"2026-05-02 01:42:58"}
{"level":"info","message":"GET /api/todos 304 in 300ms :: [{\"id\":1,\"text\":\"Implementare verifica SMS/Whats…","service":"stargem-manager","timestamp":"2026-05-02 01:42:58"}
{"level":"info","message":"GET /api/gemteam/permessi/pending-count 304 in 250ms :: {\"count\":0}","service":"stargem-manager","timestamp":"2026-05-02 01:43:03"}
{"level":"info","message":"POST /api/users/presence/heartbeat 200 in 322ms :: {\"success\":true}","service":"stargem-manager","timestamp":"2026-05-02 01:43:04"}
{"level":"info","message":"GET /api/workshop-enrollments 200 in 421ms","service":"stargem-manager","timestamp":"2026-05-02 01:43:07"}
{"level":"info","message":"GET /api/team-notes 304 in 445ms :: []","service":"stargem-manager","timestamp":"2026-05-02 01:43:07"}
{"level":"info","message":"GET /api/access-logs 304 in 472ms :: []","service":"stargem-manager","timestamp":"2026-05-02 01:43:07"}
{"level":"info","message":"GET /api/workshops 200 in 473ms","service":"stargem-manager","timestamp":"2026-05-02 01:43:07"}
{"level":"info","message":"GET /api/team-comments 304 in 301ms :: [{\"id\":20,\"authorId\":\"admin-id\",\"authorN…","service":"stargem-manager","timestamp":"2026-05-02 01:43:08"}
{"level":"info","message":"GET /api/todos 304 in 303ms :: [{\"id\":1,\"text\":\"Implementare verifica SMS/Whats…","service":"stargem-manager","timestamp":"2026-05-02 01:43:08"}
{"level":"info","message":"GET /api/seasons 304 in 300ms :: [{\"id\":2,\"name\":\"2026/2027\",\"description\":null…","service":"stargem-manager","timestamp":"2026-05-02 01:43:09"}
{"level":"info","message":"GET /api/course-quotes-grid 304 in 326ms :: [{\"id\":53,\"activityType\":\"adulti\",\"…","service":"stargem-manager","timestamp":"2026-05-02 01:43:09"}
{"level":"info","message":"GET /api/team-notes 304 in 353ms :: []","service":"stargem-manager","timestamp":"2026-05-02 01:43:09"}
{"level":"info","message":"GET /api/course-quotes-grid 304 in 204ms :: [{\"id\":53,\"activityType\":\"adulti\",\"…","service":"stargem-manager","timestamp":"2026-05-02 01:43:09"}
{"level":"info","message":"GET /api/users/presence/active 200 in 662ms :: [{\"id\":\"admin-id\",\"username\":\"ad…","service":"stargem-manager","timestamp":"2026-05-02 01:43:10"}
{"level":"info","message":"GET /api/team-notes 304 in 297ms :: []","service":"stargem-manager","timestamp":"2026-05-02 01:43:16"}
{"level":"info","message":"GET /api/webhook-logs 304 in 352ms :: [{\"id\":3,\"tenantId\":1,\"source\":\"woocommer…","service":"stargem-manager","timestamp":"2026-05-02 01:43:16"}
{"level":"info","message":"GET /api/team-comments 304 in 255ms :: [{\"id\":20,\"authorId\":\"admin-id\",\"authorN…","service":"stargem-manager","timestamp":"2026-05-02 01:43:18"}
{"level":"info","message":"GET /api/todos 304 in 285ms :: [{\"id\":1,\"text\":\"Implementare verifica SMS/Whats…","service":"stargem-manager","timestamp":"2026-05-02 01:43:19"}
{"level":"info","message":"GET /api/wc-product-mapping 200 in 249ms","service":"stargem-manager","timestamp":"2026-05-02 01:43:19"}
{"level":"info","message":"GET /api/team-notes 304 in 299ms :: []","service":"stargem-manager","timestamp":"2026-05-02 01:43:19"}
{"level":"info","message":"GET /api/wc-product-mapping 200 in 231ms","service":"stargem-manager","timestamp":"2026-05-02 01:43:20"}
{"level":"info","message":"GET /api/free-trials 200 in 440ms","service":"stargem-manager","timestamp":"2026-05-02 01:43:22"}
{"level":"info","message":"GET /api/paid-trials 200 in 441ms","service":"stargem-manager","timestamp":"2026-05-02 01:43:22"}
{"level":"info","message":"GET /api/workshops 200 in 443ms","service":"stargem-manager","timestamp":"2026-05-02 01:43:22"}
{"level":"info","message":"GET /api/single-lessons 200 in 440ms","service":"stargem-manager","timestamp":"2026-05-02 01:43:22"}
{"level":"info","message":"GET /api/sunday-activities 200 in 463ms","service":"stargem-manager","timestamp":"2026-05-02 01:43:22"}
{"level":"info","message":"GET /api/trainings 200 in 492ms","service":"stargem-manager","timestamp":"2026-05-02 01:43:22"}
{"level":"info","message":"GET /api/campus-activities 200 in 306ms","service":"stargem-manager","timestamp":"2026-05-02 01:43:22"}
{"level":"info","message":"GET /api/recitals 200 in 307ms","service":"stargem-manager","timestamp":"2026-05-02 01:43:22"}
{"level":"info","message":"GET /api/individual-lessons 200 in 358ms","service":"stargem-manager","timestamp":"2026-05-02 01:43:23"}
{"level":"info","message":"GET /api/vacation-studies 200 in 337ms","service":"stargem-manager","timestamp":"2026-05-02 01:43:23"}
{"level":"info","message":"GET /api/team-notes 304 in 360ms :: []","service":"stargem-manager","timestamp":"2026-05-02 01:43:23"}
{"level":"info","message":"GET /api/payment-methods 500 in 424ms :: {\"message\":\"Failed to fetch payment me…","service":"stargem-manager","timestamp":"2026-05-02 01:43:23"}
{"level":"info","message":"GET /api/workshop-enrollments 200 in 263ms","service":"stargem-manager","timestamp":"2026-05-02 01:43:23"}
{"level":"info","message":"GET /api/enrollments 304 in 625ms :: [{\"id\":256,\"memberId\":14240,\"courseId\":385…","service":"stargem-manager","timestamp":"2026-05-02 01:43:23"}
{"level":"info","message":"GET /api/studio-bookings 304 in 602ms :: []","service":"stargem-manager","timestamp":"2026-05-02 01:43:23"}
{"level":"info","message":"GET /api/users/presence/active 200 in 657ms :: [{\"id\":\"admin-id\",\"username\":\"ad…","service":"stargem-manager","timestamp":"2026-05-02 01:43:25"}
{"level":"info","message":"GET /api/workshops 200 in 310ms","service":"stargem-manager","timestamp":"2026-05-02 01:43:27"}
{"level":"info","message":"GET /api/payment-methods 500 in 335ms :: {\"message\":\"Failed to fetch payment me…","service":"stargem-manager","timestamp":"2026-05-02 01:43:27"}
{"level":"info","message":"GET /api/team-notes 304 in 385ms :: []","service":"stargem-manager","timestamp":"2026-05-02 01:43:27"}
{"level":"info","message":"GET /api/team-comments 304 in 302ms :: [{\"id\":20,\"authorId\":\"admin-id\",\"authorN…","service":"stargem-manager","timestamp":"2026-05-02 01:43:29"}
{"level":"info","message":"GET /api/todos 304 in 289ms :: [{\"id\":1,\"text\":\"Implementare verifica SMS/Whats…","service":"stargem-manager","timestamp":"2026-05-02 01:43:29"}
{"level":"info","message":"GET /api/custom-reports 304 in 716ms :: []","service":"stargem-manager","timestamp":"2026-05-02 01:43:31"}
{"level":"info","message":"GET /api/team-notes 304 in 779ms :: []","service":"stargem-manager","timestamp":"2026-05-02 01:43:31"}
{"level":"info","message":"GET /api/stats/reports 304 in 3083ms :: {\"totalMembers\":4918,\"newMembersThisMon…","service":"stargem-manager","timestamp":"2026-05-02 01:43:33"}
{"level":"info","message":"POST /api/users/presence/heartbeat 200 in 306ms :: {\"success\":true}","service":"stargem-manager","timestamp":"2026-05-02 01:43:34"}
{"level":"info","message":"GET /api/sunday-categories 200 in 378ms","service":"stargem-manager","timestamp":"2026-05-02 01:43:37"}
{"level":"info","message":"GET /api/campus-categories 200 in 377ms","service":"stargem-manager","timestamp":"2026-05-02 01:43:37"}
{"level":"info","message":"GET /api/rental-categories 200 in 377ms","service":"stargem-manager","timestamp":"2026-05-02 01:43:37"}
{"level":"info","message":"GET /api/training-categories 200 in 379ms","service":"stargem-manager","timestamp":"2026-05-02 01:43:37"}
{"level":"info","message":"GET /api/recital-categories 200 in 403ms","service":"stargem-manager","timestamp":"2026-05-02 01:43:37"}
{"level":"info","message":"GET /api/individual-lesson-categories 200 in 432ms","service":"stargem-manager","timestamp":"2026-05-02 01:43:37"}
{"level":"info","message":"GET /api/merchandising-categories 200 in 250ms","service":"stargem-manager","timestamp":"2026-05-02 01:43:37"}
{"level":"info","message":"GET /api/workshop-categories 200 in 251ms","service":"stargem-manager","timestamp":"2026-05-02 01:43:37"}
{"level":"info","message":"GET /api/vacation-categories 200 in 252ms","service":"stargem-manager","timestamp":"2026-05-02 01:43:37"}
{"level":"info","message":"GET /api/booking-service-categories 200 in 252ms","service":"stargem-manager","timestamp":"2026-05-02 01:43:37"}
{"level":"info","message":"GET /api/team-notes 304 in 304ms :: []","service":"stargem-manager","timestamp":"2026-05-02 01:43:37"}
{"level":"info","message":"GET /api/custom-lists/categorie 304 in 359ms :: {\"id\":23,\"name\":\"Categorie\",\"sy…","service":"stargem-manager","timestamp":"2026-05-02 01:43:37"}
{"level":"info","message":"GET /api/courses 304 in 242ms :: [{\"id\":802,\"sku\":\"2526AMBER-ALDRIN15MA\",\"name\"…","service":"stargem-manager","timestamp":"2026-05-02 01:43:38"}
{"level":"info","message":"GET /api/team-comments 304 in 277ms :: [{\"id\":20,\"authorId\":\"admin-id\",\"authorN…","service":"stargem-manager","timestamp":"2026-05-02 01:43:39"}
{"level":"info","message":"GET /api/todos 304 in 260ms :: [{\"id\":1,\"text\":\"Implementare verifica SMS/Whats…","service":"stargem-manager","timestamp":"2026-05-02 01:43:39"}
{"level":"info","message":"GET /api/users/presence/active 200 in 629ms :: [{\"id\":\"admin-id\",\"username\":\"ad…","service":"stargem-manager","timestamp":"2026-05-02 01:43:41"}
{"level":"info","message":"GET /api/custom-lists/pacchetti_prenotazioni 304 in 369ms :: {\"items\":[]}","service":"stargem-manager","timestamp":"2026-05-02 01:43:44"}
{"level":"info","message":"GET /api/custom-lists/genere 304 in 398ms :: {\"id\":21,\"name\":\"Generi Workshop\",…","service":"stargem-manager","timestamp":"2026-05-02 01:43:44"}
{"level":"info","message":"GET /api/activity-statuses 304 in 399ms :: [{\"id\":5,\"name\":\"APERTO\",\"color\":\"#2…","service":"stargem-manager","timestamp":"2026-05-02 01:43:44"}
{"level":"info","message":"GET /api/custom-lists/posti_disponibili 304 in 442ms :: {\"id\":14,\"name\":\"Posti …","service":"stargem-manager","timestamp":"2026-05-02 01:43:44"}
{"level":"info","message":"GET /api/courses 304 in 444ms :: [{\"id\":827,\"sku\":\"2526GEDDOVEN20\",\"name\":\"Cors…","service":"stargem-manager","timestamp":"2026-05-02 01:43:44"}
{"level":"info","message":"GET /api/custom-lists/livello 304 in 444ms :: {\"id\":5,\"name\":\"Livello\",\"systemN…","service":"stargem-manager","timestamp":"2026-05-02 01:43:44"}
{"level":"info","message":"GET /api/team-notes 304 in 272ms :: []","service":"stargem-manager","timestamp":"2026-05-02 01:43:44"}
{"level":"info","message":"GET /api/custom-lists/fascia_eta 304 in 269ms :: {\"id\":6,\"name\":\"Fascia età\",\"s…","service":"stargem-manager","timestamp":"2026-05-02 01:43:44"}
{"level":"info","message":"GET /api/custom-lists/nomi_corsi 304 in 332ms :: {\"id\":15,\"name\":\"Generi Corsi\"…","service":"stargem-manager","timestamp":"2026-05-02 01:43:44"}
{"level":"info","message":"GET /api/attendances 304 in 312ms :: []","service":"stargem-manager","timestamp":"2026-05-02 01:43:44"}
{"level":"info","message":"GET /api/custom-lists/stato_corso 304 in 312ms :: {\"id\":34,\"name\":\"Stato Corso\"…","service":"stargem-manager","timestamp":"2026-05-02 01:43:44"}
{"level":"info","message":"GET /api/custom-lists/numero_persone 304 in 364ms :: {\"id\":25,\"name\":\"Numero Pe…","service":"stargem-manager","timestamp":"2026-05-02 01:43:44"}
{"level":"info","message":"GET /api/custom-lists/campus 304 in 249ms :: {\"id\":22,\"name\":\"Campus\",\"systemNa…","service":"stargem-manager","timestamp":"2026-05-02 01:43:44"}
{"level":"info","message":"GET /api/workshop-categories 200 in 327ms","service":"stargem-manager","timestamp":"2026-05-02 01:43:48"}
{"level":"info","message":"GET /api/workshop-enrollments 200 in 369ms","service":"stargem-manager","timestamp":"2026-05-02 01:43:48"}
{"level":"info","message":"GET /api/workshop-attendances 200 in 369ms","service":"stargem-manager","timestamp":"2026-05-02 01:43:48"}
{"level":"info","message":"GET /api/team-notes 304 in 418ms :: []","service":"stargem-manager","timestamp":"2026-05-02 01:43:48"}
{"level":"info","message":"GET /api/courses 304 in 445ms :: [{\"id\":802,\"sku\":\"2526AMBER-ALDRIN15MA\",\"name\"…","service":"stargem-manager","timestamp":"2026-05-02 01:43:48"}
{"level":"info","message":"GET /api/team-comments 304 in 295ms :: [{\"id\":20,\"authorId\":\"admin-id\",\"authorN…","service":"stargem-manager","timestamp":"2026-05-02 01:43:49"}
{"level":"info","message":"GET /api/todos 304 in 298ms :: [{\"id\":1,\"text\":\"Implementare verifica SMS/Whats…","service":"stargem-manager","timestamp":"2026-05-02 01:43:49"}
{"level":"info","message":"GET /api/sunday-categories 200 in 337ms","service":"stargem-manager","timestamp":"2026-05-02 01:43:52"}
{"level":"info","message":"GET /api/team-notes 304 in 493ms :: []","service":"stargem-manager","timestamp":"2026-05-02 01:43:52"}
{"level":"info","message":"GET /api/courses 304 in 691ms :: [{\"id\":807,\"sku\":\"2526KUQI15MAR - A\",\"name\":\"D…","service":"stargem-manager","timestamp":"2026-05-02 01:43:52"}
{"level":"info","message":"GET /api/members 304 in 1985ms :: {\"members\":[{\"id\":15616,\"firstName\":\"LIA\",\"la…","service":"stargem-manager","timestamp":"2026-05-02 01:43:54"}
{"level":"info","message":"GET /api/individual-lesson-categories 200 in 246ms","service":"stargem-manager","timestamp":"2026-05-02 01:43:54"}
{"level":"info","message":"GET /api/team-notes 304 in 359ms :: []","service":"stargem-manager","timestamp":"2026-05-02 01:43:55"}
{"level":"info","message":"GET /api/courses 304 in 386ms :: [{\"id\":560,\"sku\":\"2526LEZINDIVIDUALE\",\"name\":\"…","service":"stargem-manager","timestamp":"2026-05-02 01:43:55"}
{"level":"info","message":"GET /api/users/presence/active 304 in 566ms :: [{\"id\":\"admin-id\",\"username\":\"ad…","service":"stargem-manager","timestamp":"2026-05-02 01:43:56"}
{"level":"info","message":"GET /api/team-notes 304 in 385ms :: []","service":"stargem-manager","timestamp":"2026-05-02 01:43:58"}
{"level":"info","message":"GET /api/courses 304 in 431ms :: []","service":"stargem-manager","timestamp":"2026-05-02 01:43:58"}
{"level":"info","message":"GET /api/enrollments 304 in 439ms :: [{\"id\":12454,\"memberId\":18192,\"courseId\":5…","service":"stargem-manager","timestamp":"2026-05-02 01:43:58"}
{"level":"info","message":"GET /api/courses 304 in 523ms :: []","service":"stargem-manager","timestamp":"2026-05-02 01:43:58"}
{"level":"info","message":"GET /api/courses 304 in 552ms :: [{\"id\":827,\"sku\":\"2526GEDDOVEN20\",\"name\":\"Cors…","service":"stargem-manager","timestamp":"2026-05-02 01:43:58"}
{"level":"info","message":"GET /api/enrollments 304 in 577ms :: [{\"id\":65,\"memberId\":14194,\"courseId\":7,\"p…","service":"stargem-manager","timestamp":"2026-05-02 01:43:59"}
{"level":"info","message":"GET /api/courses 304 in 345ms :: [{\"id\":529,\"sku\":\"2526ALLENAMENTO\",\"name\":\"All…","service":"stargem-manager","timestamp":"2026-05-02 01:43:59"}
{"level":"info","message":"GET /api/courses 304 in 321ms :: [{\"id\":560,\"sku\":\"2526LEZINDIVIDUALE\",\"name\":\"…","service":"stargem-manager","timestamp":"2026-05-02 01:43:59"}
{"level":"info","message":"GET /api/courses 304 in 355ms :: [{\"id\":810,\"sku\":\"PROVA2526CRUZMAR12\",\"name\":\"…","service":"stargem-manager","timestamp":"2026-05-02 01:43:59"}
{"level":"info","message":"GET /api/courses 304 in 243ms :: [{\"id\":813,\"sku\":\"2526CAMPUSDANZAS2\",\"name\":\"C…","service":"stargem-manager","timestamp":"2026-05-02 01:43:59"}
{"level":"info","message":"GET /api/courses 304 in 268ms :: []","service":"stargem-manager","timestamp":"2026-05-02 01:43:59"}
{"level":"info","message":"GET /api/enrollments 304 in 264ms :: []","service":"stargem-manager","timestamp":"2026-05-02 01:43:59"}
{"level":"info","message":"GET /api/courses 304 in 229ms :: []","service":"stargem-manager","timestamp":"2026-05-02 01:43:59"}
{"level":"info","message":"GET /api/courses 304 in 225ms :: []","service":"stargem-manager","timestamp":"2026-05-02 01:43:59"}
{"level":"info","message":"GET /api/enrollments 304 in 240ms :: []","service":"stargem-manager","timestamp":"2026-05-02 01:43:59"}
{"level":"info","message":"GET /api/enrollments 304 in 256ms :: []","service":"stargem-manager","timestamp":"2026-05-02 01:43:59"}
{"level":"info","message":"GET /api/enrollments 304 in 271ms :: [{\"id\":6929,\"memberId\":17989,\"courseId\":56…","service":"stargem-manager","timestamp":"2026-05-02 01:43:59"}
{"level":"info","message":"GET /api/enrollments 304 in 274ms :: [{\"id\":6071,\"memberId\":15573,\"courseId\":52…","service":"stargem-manager","timestamp":"2026-05-02 01:43:59"}
{"level":"info","message":"GET /api/enrollments 304 in 206ms :: []","service":"stargem-manager","timestamp":"2026-05-02 01:43:59"}
{"level":"info","message":"GET /api/enrollments 304 in 201ms :: [{\"id\":7224,\"memberId\":14186,\"courseId\":56…","service":"stargem-manager","timestamp":"2026-05-02 01:43:59"}
{"level":"info","message":"GET /api/courses 304 in 236ms :: [{\"id\":807,\"sku\":\"2526KUQI15MAR - A\",\"name\":\"D…","service":"stargem-manager","timestamp":"2026-05-02 01:43:59"}
{"level":"info","message":"GET /api/enrollments 304 in 252ms :: [{\"id\":6133,\"memberId\":18311,\"courseId\":53…","service":"stargem-manager","timestamp":"2026-05-02 01:43:59"}
{"level":"info","message":"GET /api/enrollments 304 in 280ms :: [{\"id\":10586,\"memberId\":14957,\"courseId\":7…","service":"stargem-manager","timestamp":"2026-05-02 01:43:59"}
{"level":"info","message":"GET /api/enrollments 304 in 274ms :: []","service":"stargem-manager","timestamp":"2026-05-02 01:43:59"}
{"level":"info","message":"GET /api/team-comments 304 in 223ms :: [{\"id\":20,\"authorId\":\"admin-id\",\"authorN…","service":"stargem-manager","timestamp":"2026-05-02 01:44:00"}
{"level":"info","message":"GET /api/todos 304 in 192ms :: [{\"id\":1,\"text\":\"Implementare verifica SMS/Whats…","service":"stargem-manager","timestamp":"2026-05-02 01:44:00"}
{"level":"info","message":"GET /api/gemteam/permessi/pending-count 304 in 249ms :: {\"count\":0}","service":"stargem-manager","timestamp":"2026-05-02 01:44:03"}
{"level":"info","message":"POST /api/users/presence/heartbeat 200 in 277ms :: {\"success\":true}","service":"stargem-manager","timestamp":"2026-05-02 01:44:04"}
{"level":"info","message":"GET /api/workshops 200 in 326ms","service":"stargem-manager","timestamp":"2026-05-02 01:44:05"}
{"level":"info","message":"GET /api/workshop-attendances 200 in 326ms","service":"stargem-manager","timestamp":"2026-05-02 01:44:05"}
{"level":"info","message":"GET /api/config/center-hours 304 in 355ms :: {\"start\":\"07:00\",\"end\":\"23:30\",\"da…","service":"stargem-manager","timestamp":"2026-05-02 01:44:05"}
{"level":"info","message":"GET /api/payment-methods 500 in 357ms :: {\"message\":\"Failed to fetch payment me…","service":"stargem-manager","timestamp":"2026-05-02 01:44:05"}
{"level":"info","message":"GET /api/team-notes 304 in 384ms :: []","service":"stargem-manager","timestamp":"2026-05-02 01:44:05"}
{"level":"info","message":"GET /api/custom-lists/tag_interni 304 in 439ms :: {\"id\":35,\"name\":\"Interno Cors…","service":"stargem-manager","timestamp":"2026-05-02 01:44:05"}
{"level":"info","message":"GET /api/workshops 200 in 213ms","service":"stargem-manager","timestamp":"2026-05-02 01:44:05"}
{"level":"info","message":"GET /api/strategic-events 304 in 317ms :: [{\"id\":48,\"title\":\"Ferragosto\",\"descr…","service":"stargem-manager","timestamp":"2026-05-02 01:44:05"}
{"level":"info","message":"GET /api/strategic-events 304 in 289ms :: [{\"id\":61,\"title\":\"Ferragosto\",\"descr…","service":"stargem-manager","timestamp":"2026-05-02 01:44:05"}
{"level":"info","message":"GET /api/courses 304 in 312ms :: [{\"id\":845,\"sku\":\"2627MALINMER17\",\"name\":\"Danz…","service":"stargem-manager","timestamp":"2026-05-02 01:44:05"}
{"level":"info","message":"GET /api/courses 304 in 243ms :: [{\"id\":845,\"sku\":\"2627MALINMER17\",\"name\":\"Danz…","service":"stargem-manager","timestamp":"2026-05-02 01:44:06"}
{"level":"info","message":"GET /api/courses 304 in 253ms :: [{\"id\":827,\"sku\":\"2526GEDDOVEN20\",\"name\":\"Cors…","service":"stargem-manager","timestamp":"2026-05-02 01:44:06"}
{"level":"info","message":"GET /api/strategic-events/closed-days 304 in 266ms :: {\"closedDays\":[\"2026-11-0…","service":"stargem-manager","timestamp":"2026-05-02 01:44:06"}
{"level":"info","message":"GET /api/courses 304 in 220ms :: [{\"id\":845,\"sku\":\"2627MALINMER17\",\"name\":\"Danz…","service":"stargem-manager","timestamp":"2026-05-02 01:44:06"}
{"level":"info","message":"GET /api/team-comments 304 in 298ms :: [{\"id\":20,\"authorId\":\"admin-id\",\"authorN…","service":"stargem-manager","timestamp":"2026-05-02 01:44:10"}
{"level":"info","message":"GET /api/todos 304 in 270ms :: [{\"id\":1,\"text\":\"Implementare verifica SMS/Whats…","service":"stargem-manager","timestamp":"2026-05-02 01:44:10"}
{"level":"info","message":"GET /api/campus 200 in 199ms","service":"stargem-manager","timestamp":"2026-05-02 01:44:10"}
{"level":"info","message":"GET /api/recitals 200 in 200ms","service":"stargem-manager","timestamp":"2026-05-02 01:44:10"}
{"level":"info","message":"GET /api/workshops 200 in 221ms","service":"stargem-manager","timestamp":"2026-05-02 01:44:10"}
{"level":"info","message":"GET /api/sunday-activities 200 in 231ms","service":"stargem-manager","timestamp":"2026-05-02 01:44:10"}
{"level":"info","message":"GET /api/vacation-studies 200 in 247ms","service":"stargem-manager","timestamp":"2026-05-02 01:44:10"}
{"level":"info","message":"GET /api/team-notes 304 in 667ms :: []","service":"stargem-manager","timestamp":"2026-05-02 01:44:11"}
{"level":"info","message":"GET /api/strategic-events 304 in 799ms :: [{\"id\":61,\"title\":\"Ferragosto\",\"descr…","service":"stargem-manager","timestamp":"2026-05-02 01:44:11"}
{"level":"info","message":"GET /api/activities-unified-preview 304 in 1946ms :: [{\"id\":\"course_7_2025-09-0…","service":"stargem-manager","timestamp":"2026-05-02 01:44:12"}
{"level":"info","message":"GET /api/users/presence/active 200 in 1824ms :: [{\"id\":\"admin-id\",\"username\":\"a…","service":"stargem-manager","timestamp":"2026-05-02 01:44:13"}
{"level":"info","message":"GET /api/user 200 in 167ms :: {\"id\":\"admin-id\",\"username\":\"admin\",\"password\":\"d…","service":"stargem-manager","timestamp":"2026-05-02 01:44:20"}
{"level":"info","message":"GET /api/latest-activity 304 in 253ms :: {\"id\":2597,\"userId\":\"admin-id\",\"action…","service":"stargem-manager","timestamp":"2026-05-02 01:44:20"}
{"level":"info","message":"GET /api/gemteam/permessi/pending-count 304 in 253ms :: {\"count\":0}","service":"stargem-manager","timestamp":"2026-05-02 01:44:20"}
{"level":"info","message":"GET /api/activities-summary 304 in 366ms :: {\"corsi\":{\"total\":314,\"active\":294}…","service":"stargem-manager","timestamp":"2026-05-02 01:44:21"}
{"level":"info","message":"GET /api/users/presence/active 200 in 641ms :: [{\"id\":\"admin-id\",\"username\":\"ad…","service":"stargem-manager","timestamp":"2026-05-02 01:44:21"}
{"level":"info","message":"GET /api/todos 304 in 465ms :: [{\"id\":1,\"text\":\"Implementare verifica SMS/Whats…","service":"stargem-manager","timestamp":"2026-05-02 01:44:21"}
{"level":"info","message":"GET /api/team-notes 304 in 495ms :: []","service":"stargem-manager","timestamp":"2026-05-02 01:44:21"}
{"level":"info","message":"GET /api/team-comments 304 in 469ms :: [{\"id\":20,\"authorId\":\"admin-id\",\"authorN…","service":"stargem-manager","timestamp":"2026-05-02 01:44:21"}
{"level":"info","message":"GET /api/workshops 200 in 451ms","service":"stargem-manager","timestamp":"2026-05-02 01:44:21"}
{"level":"info","message":"GET /api/seasons 304 in 622ms :: [{\"id\":2,\"name\":\"2026/2027\",\"description\":null…","service":"stargem-manager","timestamp":"2026-05-02 01:44:21"}
{"level":"info","message":"GET /api/sunday-activities 200 in 574ms","service":"stargem-manager","timestamp":"2026-05-02 01:44:21"}
{"level":"info","message":"GET /api/campus 200 in 678ms","service":"stargem-manager","timestamp":"2026-05-02 01:44:22"}
{"level":"info","message":"POST /api/users/presence/heartbeat 200 in 1150ms :: {\"success\":true}","service":"stargem-manager","timestamp":"2026-05-02 01:44:22"}
{"level":"info","message":"GET /api/recitals 200 in 697ms","service":"stargem-manager","timestamp":"2026-05-02 01:44:22"}
{"level":"info","message":"GET /api/vacation-studies 200 in 674ms","service":"stargem-manager","timestamp":"2026-05-02 01:44:22"}
{"level":"info","message":"GET /api/strategic-events 304 in 825ms :: [{\"id\":61,\"title\":\"Ferragosto\",\"descr…","service":"stargem-manager","timestamp":"2026-05-02 01:44:22"}
{"level":"info","message":"GET /api/booking-services 304 in 825ms :: [{\"id\":8,\"name\":\"Lezione Zaccaria\",\"d…","service":"stargem-manager","timestamp":"2026-05-02 01:44:22"}
{"level":"info","message":"GET /api/workshops 200 in 598ms","service":"stargem-manager","timestamp":"2026-05-02 01:44:23"}
{"level":"info","message":"GET /api/activities-unified-preview 200 in 2097ms :: [{\"id\":\"course_7_2025-09-0…","service":"stargem-manager","timestamp":"2026-05-02 01:44:23"}
{"level":"info","message":"GET /api/sunday-activities 200 in 589ms","service":"stargem-manager","timestamp":"2026-05-02 01:44:23"}
{"level":"info","message":"GET /api/campus 200 in 457ms","service":"stargem-manager","timestamp":"2026-05-02 01:44:23"}
{"level":"info","message":"GET /api/recitals 200 in 473ms","service":"stargem-manager","timestamp":"2026-05-02 01:44:23"}
{"level":"info","message":"GET /api/vacation-studies 200 in 421ms","service":"stargem-manager","timestamp":"2026-05-02 01:44:23"}
{"level":"info","message":"GET /api/activities-unified-preview 304 in 1857ms :: [{\"id\":\"course_7_2025-09-0…","service":"stargem-manager","timestamp":"2026-05-02 01:44:24"}
{"level":"info","message":"GET /api/user 200 in 139ms :: {\"id\":\"admin-id\",\"username\":\"admin\",\"password\":\"d…","service":"stargem-manager","timestamp":"2026-05-02 01:44:33"}
{"level":"info","message":"GET /api/activities-summary 304 in 272ms :: {\"corsi\":{\"total\":314,\"active\":294}…","service":"stargem-manager","timestamp":"2026-05-02 01:44:33"}
{"level":"info","message":"GET /api/gemteam/permessi/pending-count 304 in 271ms :: {\"count\":0}","service":"stargem-manager","timestamp":"2026-05-02 01:44:33"}
{"level":"info","message":"GET /api/latest-activity 304 in 358ms :: {\"id\":2597,\"userId\":\"admin-id\",\"action…","service":"stargem-manager","timestamp":"2026-05-02 01:44:33"}
{"level":"info","message":"GET /api/team-notes 304 in 430ms :: []","service":"stargem-manager","timestamp":"2026-05-02 01:44:33"}
{"level":"info","message":"GET /api/users/presence/active 200 in 582ms :: [{\"id\":\"admin-id\",\"username\":\"ad…","service":"stargem-manager","timestamp":"2026-05-02 01:44:33"}
{"level":"info","message":"GET /api/todos 304 in 380ms :: [{\"id\":1,\"text\":\"Implementare verifica SMS/Whats…","service":"stargem-manager","timestamp":"2026-05-02 01:44:33"}
{"level":"info","message":"GET /api/team-comments 304 in 368ms :: [{\"id\":20,\"authorId\":\"admin-id\",\"authorN…","service":"stargem-manager","timestamp":"2026-05-02 01:44:33"}
{"level":"info","message":"GET /api/workshops 200 in 300ms","service":"stargem-manager","timestamp":"2026-05-02 01:44:33"}
{"level":"info","message":"GET /api/sunday-activities 200 in 160ms","service":"stargem-manager","timestamp":"2026-05-02 01:44:33"}
{"level":"info","message":"GET /api/recitals 200 in 162ms","service":"stargem-manager","timestamp":"2026-05-02 01:44:34"}
{"level":"info","message":"GET /api/campus 200 in 171ms","service":"stargem-manager","timestamp":"2026-05-02 01:44:34"}
{"level":"info","message":"GET /api/vacation-studies 200 in 166ms","service":"stargem-manager","timestamp":"2026-05-02 01:44:34"}
{"level":"info","message":"POST /api/users/presence/heartbeat 200 in 552ms :: {\"success\":true}","service":"stargem-manager","timestamp":"2026-05-02 01:44:34"}
{"level":"info","message":"GET /api/seasons 304 in 201ms :: [{\"id\":2,\"name\":\"2026/2027\",\"description\":null…","service":"stargem-manager","timestamp":"2026-05-02 01:44:34"}
{"level":"info","message":"GET /api/strategic-events 304 in 174ms :: [{\"id\":61,\"title\":\"Ferragosto\",\"descr…","service":"stargem-manager","timestamp":"2026-05-02 01:44:34"}
{"level":"info","message":"GET /api/booking-services 304 in 219ms :: [{\"id\":8,\"name\":\"Lezione Zaccaria\",\"d…","service":"stargem-manager","timestamp":"2026-05-02 01:44:34"}
{"level":"info","message":"GET /api/workshops 200 in 364ms","service":"stargem-manager","timestamp":"2026-05-02 01:44:34"}
{"level":"info","message":"GET /api/sunday-activities 200 in 368ms","service":"stargem-manager","timestamp":"2026-05-02 01:44:34"}
{"level":"info","message":"GET /api/recitals 200 in 595ms","service":"stargem-manager","timestamp":"2026-05-02 01:44:34"}
{"level":"info","message":"GET /api/campus 200 in 596ms","service":"stargem-manager","timestamp":"2026-05-02 01:44:34"}
{"level":"info","message":"GET /api/vacation-studies 200 in 673ms","service":"stargem-manager","timestamp":"2026-05-02 01:44:35"}
{"level":"info","message":"GET /api/activities-unified-preview 304 in 2128ms :: [{\"id\":\"course_7_2025-09-0…","service":"stargem-manager","timestamp":"2026-05-02 01:44:36"}
{"level":"info","message":"GET /api/activities-unified-preview 304 in 2277ms :: [{\"id\":\"course_7_2025-09-0…","service":"stargem-manager","timestamp":"2026-05-02 01:44:36"}
{"level":"info","message":"GET /api/todos 304 in 299ms :: [{\"id\":1,\"text\":\"Implementare verifica SMS/Whats…","service":"stargem-manager","timestamp":"2026-05-02 01:44:44"}
{"level":"info","message":"GET /api/team-comments 304 in 306ms :: [{\"id\":20,\"authorId\":\"admin-id\",\"authorN…","service":"stargem-manager","timestamp":"2026-05-02 01:44:44"}
{"level":"info","message":"GET /api/team-notes 304 in 169ms :: []","service":"stargem-manager","timestamp":"2026-05-02 01:44:44"}
{"level":"info","message":"GET /api/studios 304 in 325ms :: [{\"id\":10,\"name\":\"STUDIO 01 (80mq)\",\"floor\":\"\"…","service":"stargem-manager","timestamp":"2026-05-02 01:44:48"}
{"level":"info","message":"GET /api/team-notes 304 in 350ms :: []","service":"stargem-manager","timestamp":"2026-05-02 01:44:48"}
{"level":"info","message":"GET /api/users/presence/active 200 in 465ms :: [{\"id\":\"admin-id\",\"username\":\"ad…","service":"stargem-manager","timestamp":"2026-05-02 01:44:49"}
{"level":"info","message":"GET /api/team-notes 304 in 318ms :: []","service":"stargem-manager","timestamp":"2026-05-02 01:44:50"}
{"level":"info","message":"GET /api/gemstaff/insegnanti 304 in 326ms :: [{\"id\":3,\"firstName\":\"ROBERTO\",\"la…","service":"stargem-manager","timestamp":"2026-05-02 01:44:50"}
{"level":"info","message":"GET /api/gemstaff/pt 304 in 342ms :: [{\"id\":2,\"firstName\":\"MARCO\",\"lastName\":\"M…","service":"stargem-manager","timestamp":"2026-05-02 01:44:50"}
{"level":"info","message":"GET /api/instructors 304 in 349ms :: [{\"id\":2336,\"userId\":null,\"firstName\":\"ANT…","service":"stargem-manager","timestamp":"2026-05-02 01:44:50"}
{"level":"info","message":"GET /api/courses 304 in 375ms :: [{\"id\":827,\"sku\":\"2526GEDDOVEN20\",\"name\":\"Cors…","service":"stargem-manager","timestamp":"2026-05-02 01:44:50"}
{"level":"info","message":"GET /api/gemteam/checkin/oggi 304 in 373ms :: [{\"employeeId\":15,\"firstName\":\"AD…","service":"stargem-manager","timestamp":"2026-05-02 01:44:54"}
{"level":"info","message":"GET /api/gemteam/report/lock/2026/04 200 in 374ms","service":"stargem-manager","timestamp":"2026-05-02 01:44:54"}
{"level":"info","message":"GET /api/gemteam/turni/scheduled 304 in 375ms :: []","service":"stargem-manager","timestamp":"2026-05-02 01:44:54"}
{"level":"info","message":"GET /api/team-notes 304 in 378ms :: []","service":"stargem-manager","timestamp":"2026-05-02 01:44:54"}
{"level":"info","message":"GET /api/gemteam/turni/eventi-giorno 200 in 402ms :: [{\"title\":\"No corsi\",\"even…","service":"stargem-manager","timestamp":"2026-05-02 01:44:54"}
{"level":"info","message":"GET /api/gemteam/dipendenti 200 in 628ms :: [{\"id\":1,\"memberId\":9556,\"userId\":\"…","service":"stargem-manager","timestamp":"2026-05-02 01:44:54"}
{"level":"info","message":"GET /api/gemteam/presenze/2026/04 304 in 314ms :: [{\"id\":3776,\"employeeId\":16,\"…","service":"stargem-manager","timestamp":"2026-05-02 01:44:54"}
{"level":"info","message":"GET /api/gemteam/turni/week-assignment 304 in 316ms :: {\"settimana\":\"A\",\"weekSt…","service":"stargem-manager","timestamp":"2026-05-02 01:44:54"}
{"level":"info","message":"GET /api/gemteam/postazioni 304 in 315ms :: [{\"id\":1,\"nome\":\"AMM.ZIONE\",\"contaO…","service":"stargem-manager","timestamp":"2026-05-02 01:44:54"}
{"level":"info","message":"GET /api/gemteam/turni 304 in 316ms :: [{\"id\":1660,\"employeeId\":1,\"settimanaTip…","service":"stargem-manager","timestamp":"2026-05-02 01:44:54"}
{"level":"info","message":"GET /api/todos 304 in 237ms :: [{\"id\":1,\"text\":\"Implementare verifica SMS/Whats…","service":"stargem-manager","timestamp":"2026-05-02 01:44:54"}
{"level":"info","message":"GET /api/team-comments 304 in 203ms :: [{\"id\":20,\"authorId\":\"admin-id\",\"authorN…","service":"stargem-manager","timestamp":"2026-05-02 01:44:54"}
{"level":"info","message":"POST /api/users/presence/heartbeat 200 in 364ms :: {\"success\":true}","service":"stargem-manager","timestamp":"2026-05-02 01:45:03"}
{"level":"info","message":"GET /api/todos 304 in 255ms :: [{\"id\":1,\"text\":\"Implementare verifica SMS/Whats…","service":"stargem-manager","timestamp":"2026-05-02 01:45:04"}
{"level":"info","message":"GET /api/team-comments 304 in 351ms :: [{\"id\":20,\"authorId\":\"admin-id\",\"authorN…","service":"stargem-manager","timestamp":"2026-05-02 01:45:04"}
{"level":"info","message":"GET /api/users/presence/active 200 in 544ms :: [{\"id\":\"admin-id\",\"username\":\"ad…","service":"stargem-manager","timestamp":"2026-05-02 01:45:04"}
{"level":"info","message":"GET /api/team-notes 304 in 229ms :: [{\"id\":26,\"authorId\":\"admin-id\",\"authorName…","service":"stargem-manager","timestamp":"2026-05-02 01:45:05"}
{"level":"info","message":"GET /api/team-notes 304 in 254ms :: []","service":"stargem-manager","timestamp":"2026-05-02 01:45:05"}
{"level":"info","message":"GET /api/team-notes/archived 304 in 280ms :: [{\"id\":19,\"authorId\":\"admin-id\",\"a…","service":"stargem-manager","timestamp":"2026-05-02 01:45:05"}
{"level":"info","message":"GET /api/auth/user 200 in 267ms :: {\"id\":\"admin-id\",\"username\":\"admin\",\"passwor…","service":"stargem-manager","timestamp":"2026-05-02 01:45:07"}
{"level":"info","message":"GET /api/team-notes 304 in 357ms :: []","service":"stargem-manager","timestamp":"2026-05-02 01:45:07"}
{"level":"info","message":"GET /api/users 200 in 388ms :: [{\"id\":\"admin-id\",\"username\":\"admin\",\"email\":nul…","service":"stargem-manager","timestamp":"2026-05-02 01:45:07"}
{"level":"info","message":"GET /api/team-notes 304 in 251ms :: []","service":"stargem-manager","timestamp":"2026-05-02 01:45:10"}
{"level":"info","message":"GET /api/team-notes 304 in 248ms :: []","service":"stargem-manager","timestamp":"2026-05-02 01:45:12"}
{"level":"info","message":"GET /api/team-notes 304 in 337ms :: [{\"id\":29,\"authorId\":\"admin-id\",\"authorName…","service":"stargem-manager","timestamp":"2026-05-02 01:45:14"}
{"level":"info","message":"GET /api/config/center-hours 304 in 383ms :: {\"start\":\"07:00\",\"end\":\"23:30\",\"da…","service":"stargem-manager","timestamp":"2026-05-02 01:45:14"}
{"level":"info","message":"GET /api/auth/google/status 304 in 383ms :: {\"connected\":false,\"method\":\"None\"}","service":"stargem-manager","timestamp":"2026-05-02 01:45:14"}
{"level":"info","message":"GET /api/todos 304 in 253ms :: [{\"id\":1,\"text\":\"Implementare verifica SMS/Whats…","service":"stargem-manager","timestamp":"2026-05-02 01:45:14"}
{"level":"info","message":"GET /api/admin/ai-usage 304 in 535ms :: {\"totalCost\":\"0.000671\",\"totalTokens\":\"…","service":"stargem-manager","timestamp":"2026-05-02 01:45:15"}
{"level":"info","message":"GET /api/team-comments 304 in 228ms :: [{\"id\":20,\"authorId\":\"admin-id\",\"authorN…","service":"stargem-manager","timestamp":"2026-05-02 01:45:15"}
{"level":"info","message":"GET /api/import-configs 304 in 319ms :: [{\"id\":2,\"name\":\"Anagrafica Athena\",\"en…","service":"stargem-manager","timestamp":"2026-05-02 01:45:19"}
{"level":"info","message":"GET /api/team-notes 304 in 344ms :: [{\"id\":22,\"authorId\":\"admin-id\",\"authorName…","service":"stargem-manager","timestamp":"2026-05-02 01:45:19"}
{"level":"info","message":"GET /api/users/presence/active 304 in 515ms :: [{\"id\":\"admin-id\",\"username\":\"ad…","service":"stargem-manager","timestamp":"2026-05-02 01:45:20"}
{"level":"info","message":"GET /api/roles 304 in 315ms :: [{\"id\":10,\"name\":\"admin\",\"description\":\"Amminist…","service":"stargem-manager","timestamp":"2026-05-02 01:45:22"}
{"level":"info","message":"GET /api/team-notes 304 in 318ms :: [{\"id\":23,\"authorId\":\"admin-id\",\"authorName…","service":"stargem-manager","timestamp":"2026-05-02 01:45:22"}
{"level":"info","message":"GET /api/activity-logs 304 in 342ms :: [{\"id\":2597,\"userId\":\"admin-id\",\"action\"…","service":"stargem-manager","timestamp":"2026-05-02 01:45:23"}
{"level":"info","message":"GET /api/todos 304 in 340ms :: [{\"id\":1,\"text\":\"Implementare verifica SMS/Whats…","service":"stargem-manager","timestamp":"2026-05-02 01:45:25"}
{"level":"info","message":"GET /api/team-comments 304 in 239ms :: [{\"id\":20,\"authorId\":\"admin-id\",\"authorN…","service":"stargem-manager","timestamp":"2026-05-02 01:45:25"}
{"level":"info","message":"GET /api/team-notes 304 in 261ms :: []","service":"stargem-manager","timestamp":"2026-05-02 01:45:27"}
{"level":"info","message":"GET /api/gemteam/permessi/pending-count 304 in 337ms :: {\"count\":0}","service":"stargem-manager","timestamp":"2026-05-02 01:45:33"}
{"level":"info","message":"POST /api/users/presence/heartbeat 200 in 478ms :: {\"success\":true}","service":"stargem-manager","timestamp":"2026-05-02 01:45:34"}
{"level":"info","message":"GET /api/todos 304 in 279ms :: [{\"id\":1,\"text\":\"Implementare verifica SMS/Whats…","service":"stargem-manager","timestamp":"2026-05-02 01:45:35"}
{"level":"info","message":"GET /api/team-comments 304 in 330ms :: [{\"id\":20,\"authorId\":\"admin-id\",\"authorN…","service":"stargem-manager","timestamp":"2026-05-02 01:45:35"}
{"level":"info","message":"GET /api/users/presence/active 200 in 492ms :: [{\"id\":\"admin-id\",\"username\":\"ad…","service":"stargem-manager","timestamp":"2026-05-02 01:45:35"}
{"level":"info","message":"GET /api/enrollments/pending 304 in 439ms :: []","service":"stargem-manager","timestamp":"2026-05-02 01:45:44"}
{"level":"info","message":"GET /api/team-notes 304 in 440ms :: [{\"id\":30,\"authorId\":\"admin-id\",\"authorName…","service":"stargem-manager","timestamp":"2026-05-02 01:45:44"}
{"level":"info","message":"GET /api/stats/alerts 304 in 979ms :: {\"expiringMemberships\":0,\"expiredCertific…","service":"stargem-manager","timestamp":"2026-05-02 01:45:44"}
{"level":"info","message":"GET /api/stats/recent-activity 304 in 2009ms :: [{\"memberName\":\"AURORA GRIECO\",…","service":"stargem-manager","timestamp":"2026-05-02 01:45:45"}
{"level":"info","message":"GET /api/todos 304 in 283ms :: [{\"id\":1,\"text\":\"Implementare verifica SMS/Whats…","service":"stargem-manager","timestamp":"2026-05-02 01:45:45"}
{"level":"info","message":"GET /api/team-comments 304 in 181ms :: [{\"id\":20,\"authorId\":\"admin-id\",\"authorN…","service":"stargem-manager","timestamp":"2026-05-02 01:45:45"}
{"level":"info","message":"GET /api/stats/dashboard 304 in 2192ms :: {\"totalMembers\":4918,\"activeMembershi…","service":"stargem-manager","timestamp":"2026-05-02 01:45:45"}
{"level":"info","message":"GET /api/users/presence/active 304 in 553ms :: [{\"id\":\"admin-id\",\"username\":\"ad…","service":"stargem-manager","timestamp":"2026-05-02 01:45:51"}
{"level":"info","message":"GET /api/single-lessons 200 in 174ms","service":"stargem-manager","timestamp":"2026-05-02 01:45:52"}
{"level":"info","message":"GET /api/sunday-activities 200 in 174ms","service":"stargem-manager","timestamp":"2026-05-02 01:45:52"}
{"level":"info","message":"GET /api/free-trials 200 in 202ms","service":"stargem-manager","timestamp":"2026-05-02 01:45:52"}
{"level":"info","message":"GET /api/paid-trials 200 in 202ms","service":"stargem-manager","timestamp":"2026-05-02 01:45:52"}
{"level":"info","message":"GET /api/client-categories 200 in 205ms","service":"stargem-manager","timestamp":"2026-05-02 01:45:52"}
{"level":"info","message":"GET /api/workshops 200 in 228ms","service":"stargem-manager","timestamp":"2026-05-02 01:45:52"}
{"level":"info","message":"GET /api/individual-lessons 200 in 167ms","service":"stargem-manager","timestamp":"2026-05-02 01:45:52"}
{"level":"info","message":"GET /api/trainings 200 in 193ms","service":"stargem-manager","timestamp":"2026-05-02 01:45:52"}
{"level":"info","message":"GET /api/vacation-studies 200 in 193ms","service":"stargem-manager","timestamp":"2026-05-02 01:45:52"}
{"level":"info","message":"GET /api/knowledge 200 in 169ms","service":"stargem-manager","timestamp":"2026-05-02 01:45:52"}
{"level":"info","message":"GET /api/recitals 200 in 220ms","service":"stargem-manager","timestamp":"2026-05-02 01:45:52"}
{"level":"info","message":"GET /api/campus-activities 200 in 221ms","service":"stargem-manager","timestamp":"2026-05-02 01:45:52"}
{"level":"info","message":"GET /api/team-notes 304 in 208ms :: []","service":"stargem-manager","timestamp":"2026-05-02 01:45:52"}
{"level":"info","message":"GET /api/custom-lists/livello_crm 304 in 183ms :: {\"id\":19,\"name\":\"Livello CRM\"…","service":"stargem-manager","timestamp":"2026-05-02 01:45:52"}
{"level":"info","message":"GET /api/categories 200 in 156ms","service":"stargem-manager","timestamp":"2026-05-02 01:45:52"}
{"level":"info","message":"GET /api/price-lists 304 in 210ms :: [{\"id\":18,\"name\":\"Settembre\",\"validFrom\":\"…","service":"stargem-manager","timestamp":"2026-05-02 01:45:52"}
{"level":"info","message":"GET /api/quotes 304 in 209ms :: [{\"id\":27,\"name\":\"sconto 20\",\"amount\":\"20.00\",\"…","service":"stargem-manager","timestamp":"2026-05-02 01:45:52"}
{"level":"info","message":"GET /api/workshop-categories 200 in 181ms","service":"stargem-manager","timestamp":"2026-05-02 01:45:52"}
{"level":"info","message":"GET /api/sunday-categories 200 in 165ms","service":"stargem-manager","timestamp":"2026-05-02 01:45:52"}
{"level":"info","message":"GET /api/campus-categories 200 in 162ms","service":"stargem-manager","timestamp":"2026-05-02 01:45:52"}
{"level":"info","message":"GET /api/training-categories 200 in 191ms","service":"stargem-manager","timestamp":"2026-05-02 01:45:52"}
{"level":"info","message":"GET /api/individual-lesson-categories 200 in 189ms","service":"stargem-manager","timestamp":"2026-05-02 01:45:52"}
{"level":"info","message":"GET /api/recital-categories 200 in 189ms","service":"stargem-manager","timestamp":"2026-05-02 01:45:52"}
{"level":"info","message":"GET /api/vacation-categories 200 in 189ms","service":"stargem-manager","timestamp":"2026-05-02 01:45:52"}
{"level":"info","message":"GET /api/enrollment-details 304 in 208ms :: [{\"id\":2,\"name\":\"Iscritto Donna\",\"c…","service":"stargem-manager","timestamp":"2026-05-02 01:45:52"}
{"level":"info","message":"GET /api/client-categories 200 in 176ms","service":"stargem-manager","timestamp":"2026-05-02 01:45:52"}
{"level":"info","message":"GET /api/members/duplicates 304 in 297ms :: [{\"id1\":16881,\"id2\":18708,\"name1\":\"…","service":"stargem-manager","timestamp":"2026-05-02 01:45:52"}
{"level":"info","message":"GET /api/custom-lists/provenienza_marketing 304 in 295ms :: {\"id\":18,\"name\":\"Ca…","service":"stargem-manager","timestamp":"2026-05-02 01:45:52"}
{"level":"info","message":"GET /api/todos 304 in 306ms :: [{\"id\":1,\"text\":\"Implementare verifica SMS/Whats…","service":"stargem-manager","timestamp":"2026-05-02 01:45:56"}
{"level":"info","message":"GET /api/team-comments 304 in 322ms :: [{\"id\":20,\"authorId\":\"admin-id\",\"authorN…","service":"stargem-manager","timestamp":"2026-05-02 01:45:56"}
{"level":"info","message":"GET /api/todos 304 in 316ms :: [{\"id\":1,\"text\":\"Implementare verifica SMS/Whats…","service":"stargem-manager","timestamp":"2026-05-02 01:46:06"}
{"level":"info","message":"GET /api/team-comments 304 in 319ms :: [{\"id\":20,\"authorId\":\"admin-id\",\"authorN…","service":"stargem-manager","timestamp":"2026-05-02 01:46:06"}
{"level":"info","message":"GET /api/users/presence/active 200 in 422ms :: [{\"id\":\"admin-id\",\"username\":\"ad…","service":"stargem-manager","timestamp":"2026-05-02 01:46:06"}
{"level":"info","message":"GET /api/todos 304 in 291ms :: [{\"id\":1,\"text\":\"Implementare verifica SMS/Whats…","service":"stargem-manager","timestamp":"2026-05-02 01:46:16"}
{"level":"info","message":"GET /api/team-comments 304 in 291ms :: [{\"id\":20,\"authorId\":\"admin-id\",\"authorN…","service":"stargem-manager","timestamp":"2026-05-02 01:46:16"}
{"level":"info","message":"GET /api/users/presence/active 304 in 518ms :: [{\"id\":\"admin-id\",\"username\":\"ad…","service":"stargem-manager","timestamp":"2026-05-02 01:46:22"}
{"level":"info","message":"GET /api/todos 304 in 335ms :: [{\"id\":1,\"text\":\"Implementare verifica SMS/Whats…","service":"stargem-manager","timestamp":"2026-05-02 01:46:27"}
{"level":"info","message":"GET /api/team-comments 304 in 308ms :: [{\"id\":20,\"authorId\":\"admin-id\",\"authorN…","service":"stargem-manager","timestamp":"2026-05-02 01:46:27"}
{"level":"info","message":"GET /api/gemteam/permessi/pending-count 304 in 248ms :: {\"count\":0}","service":"stargem-manager","timestamp":"2026-05-02 01:46:34"}
{"level":"info","message":"GET /api/todos 304 in 323ms :: [{\"id\":1,\"text\":\"Implementare verifica SMS/Whats…","service":"stargem-manager","timestamp":"2026-05-02 01:46:37"}
{"level":"info","message":"GET /api/team-comments 304 in 324ms :: [{\"id\":20,\"authorId\":\"admin-id\",\"authorN…","service":"stargem-manager","timestamp":"2026-05-02 01:46:37"}
{"level":"info","message":"GET /api/users/presence/active 304 in 472ms :: [{\"id\":\"admin-id\",\"username\":\"ad…","service":"stargem-manager","timestamp":"2026-05-02 01:46:37"}
{"level":"info","message":"GET /api/todos 304 in 325ms :: [{\"id\":1,\"text\":\"Implementare verifica SMS/Whats…","service":"stargem-manager","timestamp":"2026-05-02 01:46:47"}
{"level":"info","message":"GET /api/team-comments 304 in 329ms :: [{\"id\":20,\"authorId\":\"admin-id\",\"authorN…","service":"stargem-manager","timestamp":"2026-05-02 01:46:47"}
{"level":"info","message":"GET /api/users/presence/active 200 in 541ms :: [{\"id\":\"admin-id\",\"username\":\"ad…","service":"stargem-manager","timestamp":"2026-05-02 01:46:53"}
{"level":"info","message":"GET /api/todos 304 in 330ms :: [{\"id\":1,\"text\":\"Implementare verifica SMS/Whats…","service":"stargem-manager","timestamp":"2026-05-02 01:46:58"}
{"level":"info","message":"GET /api/team-comments 304 in 323ms :: [{\"id\":20,\"authorId\":\"admin-id\",\"authorN…","service":"stargem-manager","timestamp":"2026-05-02 01:46:58"}
{"level":"info","message":"POST /api/users/presence/heartbeat 200 in 393ms :: {\"success\":true}","service":"stargem-manager","timestamp":"2026-05-02 01:47:02"}
{"level":"info","message":"GET /api/todos 304 in 322ms :: [{\"id\":1,\"text\":\"Implementare verifica SMS/Whats…","service":"stargem-manager","timestamp":"2026-05-02 01:47:08"}
{"level":"info","message":"GET /api/team-comments 304 in 324ms :: [{\"id\":20,\"authorId\":\"admin-id\",\"authorN…","service":"stargem-manager","timestamp":"2026-05-02 01:47:08"}
{"level":"info","message":"GET /api/users/presence/active 200 in 431ms :: [{\"id\":\"admin-id\",\"username\":\"ad…","service":"stargem-manager","timestamp":"2026-05-02 01:47:08"}
{"level":"info","message":"GET /api/todos 304 in 329ms :: [{\"id\":1,\"text\":\"Implementare verifica SMS/Whats…","service":"stargem-manager","timestamp":"2026-05-02 01:47:18"}
{"level":"info","message":"GET /api/team-comments 304 in 329ms :: [{\"id\":20,\"authorId\":\"admin-id\",\"authorN…","service":"stargem-manager","timestamp":"2026-05-02 01:47:18"}
{"level":"info","message":"GET /api/users/presence/active 304 in 534ms :: [{\"id\":\"admin-id\",\"username\":\"ad…","service":"stargem-manager","timestamp":"2026-05-02 01:47:24"}
{"level":"info","message":"GET /api/todos 304 in 328ms :: [{\"id\":1,\"text\":\"Implementare verifica SMS/Whats…","service":"stargem-manager","timestamp":"2026-05-02 01:47:29"}
{"level":"info","message":"GET /api/team-comments 304 in 329ms :: [{\"id\":20,\"authorId\":\"admin-id\",\"authorN…","service":"stargem-manager","timestamp":"2026-05-02 01:47:29"}
{"level":"info","message":"GET /api/gemteam/permessi/pending-count 304 in 251ms :: {\"count\":0}","service":"stargem-manager","timestamp":"2026-05-02 01:47:34"}
{"level":"info","message":"GET /api/todos 304 in 355ms :: [{\"id\":1,\"text\":\"Implementare verifica SMS/Whats…","service":"stargem-manager","timestamp":"2026-05-02 01:47:39"}
{"level":"info","message":"GET /api/team-comments 304 in 356ms :: [{\"id\":20,\"authorId\":\"admin-id\",\"authorN…","service":"stargem-manager","timestamp":"2026-05-02 01:47:39"}
{"level":"info","message":"GET /api/users/presence/active 200 in 416ms :: [{\"id\":\"admin-id\",\"username\":\"ad…","service":"stargem-manager","timestamp":"2026-05-02 01:47:39"}
{"level":"info","message":"POST /api/users/presence/heartbeat 200 in 380ms :: {\"success\":true}","service":"stargem-manager","timestamp":"2026-05-02 01:47:45"}
{"level":"info","message":"GET /api/team-notes 304 in 256ms :: [{\"id\":30,\"authorId\":\"admin-id\",\"authorName…","service":"stargem-manager","timestamp":"2026-05-02 01:47:48"}
{"level":"info","message":"GET /api/todos 304 in 323ms :: [{\"id\":1,\"text\":\"Implementare verifica SMS/Whats…","service":"stargem-manager","timestamp":"2026-05-02 01:47:49"}
{"level":"info","message":"GET /api/team-comments 304 in 321ms :: [{\"id\":20,\"authorId\":\"admin-id\",\"authorN…","service":"stargem-manager","timestamp":"2026-05-02 01:47:49"}
{"level":"info","message":"GET /api/users/presence/active 200 in 580ms :: [{\"id\":\"admin-id\",\"username\":\"ad…","service":"stargem-manager","timestamp":"2026-05-02 01:47:55"}
{"level":"info","message":"GET /api/client-categories 200 in 322ms","service":"stargem-manager","timestamp":"2026-05-02 01:47:58"}
{"level":"info","message":"GET /api/team-notes 304 in 347ms :: []","service":"stargem-manager","timestamp":"2026-05-02 01:47:58"}
{"level":"info","message":"GET /api/payments 304 in 400ms :: []","service":"stargem-manager","timestamp":"2026-05-02 01:47:58"}
{"level":"info","message":"GET /api/participant-types 500 in 233ms :: {\"message\":\"Failed to fetch particip…","service":"stargem-manager","timestamp":"2026-05-02 01:47:59"}
{"level":"info","message":"GET /api/enrollments 304 in 582ms :: [{\"id\":65,\"memberId\":14194,\"courseId\":7,\"p…","service":"stargem-manager","timestamp":"2026-05-02 01:47:59"}
{"level":"info","message":"GET /api/subscription-types 500 in 262ms :: {\"message\":\"Failed to fetch subscri…","service":"stargem-manager","timestamp":"2026-05-02 01:47:59"}
{"level":"info","message":"GET /api/members 304 in 609ms :: {\"members\":[{\"id\":15616,\"firstName\":\"LIA\",\"las…","service":"stargem-manager","timestamp":"2026-05-02 01:47:59"}
{"level":"info","message":"GET /api/members 304 in 636ms :: {\"members\":[{\"id\":15616,\"firstName\":\"LIA\",\"las…","service":"stargem-manager","timestamp":"2026-05-02 01:47:59"}
{"level":"info","message":"GET /api/members/missing-data 304 in 369ms :: {\"missingFiscalCode\":731,\"missing…","service":"stargem-manager","timestamp":"2026-05-02 01:47:59"}
{"level":"info","message":"GET /api/members/counts-by-type 304 in 238ms :: {\"partecipanti\":\"4826\",\"staff\":…","service":"stargem-manager","timestamp":"2026-05-02 01:47:59"}
{"level":"info","message":"GET /api/todos 304 in 233ms :: [{\"id\":1,\"text\":\"Implementare verifica SMS/Whats…","service":"stargem-manager","timestamp":"2026-05-02 01:48:00"}
{"level":"info","message":"GET /api/team-comments 304 in 235ms :: [{\"id\":20,\"authorId\":\"admin-id\",\"authorN…","service":"stargem-manager","timestamp":"2026-05-02 01:48:00"}
{"level":"info","message":"GET /api/seasons/active 304 in 329ms :: {\"id\":1,\"name\":\"Stagione 2025/2026\",\"de…","service":"stargem-manager","timestamp":"2026-05-02 01:48:08"}
{"level":"info","message":"GET /api/team-notes 304 in 329ms :: []","service":"stargem-manager","timestamp":"2026-05-02 01:48:08"}
{"level":"info","message":"GET /api/gempass/firme-all 304 in 355ms :: [{\"id\":1,\"memberId\":1,\"seasonId\":1,\"…","service":"stargem-manager","timestamp":"2026-05-02 01:48:08"}
{"level":"info","message":"GET /api/todos 304 in 294ms :: [{\"id\":1,\"text\":\"Implementare verifica SMS/Whats…","service":"stargem-manager","timestamp":"2026-05-02 01:48:10"}
{"level":"info","message":"GET /api/team-comments 304 in 294ms :: [{\"id\":20,\"authorId\":\"admin-id\",\"authorN…","service":"stargem-manager","timestamp":"2026-05-02 01:48:10"}
{"level":"info","message":"GET /api/users/presence/active 304 in 448ms :: [{\"id\":\"admin-id\",\"username\":\"ad…","service":"stargem-manager","timestamp":"2026-05-02 01:48:10"}
{"level":"info","message":"GET /api/memberships 304 in 7047ms :: [{\"id\":18384,\"memberId\":17571,\"membership…","service":"stargem-manager","timestamp":"2026-05-02 01:48:15"}
{"level":"info","message":"POST /api/users/presence/heartbeat 200 in 365ms :: {\"success\":true}","service":"stargem-manager","timestamp":"2026-05-02 01:48:15"}
{"level":"info","message":"GET /api/todos 304 in 348ms :: [{\"id\":1,\"text\":\"Implementare verifica SMS/Whats…","service":"stargem-manager","timestamp":"2026-05-02 01:48:20"}
{"level":"info","message":"GET /api/team-comments 304 in 366ms :: [{\"id\":20,\"authorId\":\"admin-id\",\"authorN…","service":"stargem-manager","timestamp":"2026-05-02 01:48:20"}
{"level":"info","message":"GET /api/team-notes 304 in 288ms :: []","service":"stargem-manager","timestamp":"2026-05-02 01:48:22"}
{"level":"info","message":"GET /api/members/entity-cards 304 in 270ms :: [{\"id\":2218,\"userId\":null,\"firstN…","service":"stargem-manager","timestamp":"2026-05-02 01:48:22"}
{"level":"info","message":"GET /api/medical-certificates 304 in 296ms :: [{\"id\":2471,\"memberId\":17092,\"iss…","service":"stargem-manager","timestamp":"2026-05-02 01:48:22"}
{"level":"info","message":"GET /api/members 304 in 322ms :: {\"members\":[{\"id\":15616,\"firstName\":\"LIA\",\"las…","service":"stargem-manager","timestamp":"2026-05-02 01:48:22"}
{"level":"info","message":"GET /api/users/presence/active 200 in 524ms :: [{\"id\":\"admin-id\",\"username\":\"ad…","service":"stargem-manager","timestamp":"2026-05-02 01:48:26"}
{"level":"info","message":"GET /api/todos 304 in 297ms :: [{\"id\":1,\"text\":\"Implementare verifica SMS/Whats…","service":"stargem-manager","timestamp":"2026-05-02 01:48:30"}
{"level":"info","message":"GET /api/team-comments 304 in 310ms :: [{\"id\":20,\"authorId\":\"admin-id\",\"authorN…","service":"stargem-manager","timestamp":"2026-05-02 01:48:31"}
{"level":"info","message":"GET /api/gemteam/permessi/pending-count 304 in 250ms :: {\"count\":0}","service":"stargem-manager","timestamp":"2026-05-02 01:48:34"}
{"level":"info","message":"GET /api/workshop-enrollments 200 in 308ms","service":"stargem-manager","timestamp":"2026-05-02 01:48:40"}
{"level":"info","message":"GET /api/workshops 200 in 334ms","service":"stargem-manager","timestamp":"2026-05-02 01:48:40"}
{"level":"info","message":"GET /api/access-logs 304 in 358ms :: []","service":"stargem-manager","timestamp":"2026-05-02 01:48:40"}
{"level":"info","message":"GET /api/team-notes 304 in 382ms :: []","service":"stargem-manager","timestamp":"2026-05-02 01:48:40"}
{"level":"info","message":"GET /api/todos 304 in 237ms :: [{\"id\":1,\"text\":\"Implementare verifica SMS/Whats…","service":"stargem-manager","timestamp":"2026-05-02 01:48:41"}
{"level":"info","message":"GET /api/team-comments 304 in 235ms :: [{\"id\":20,\"authorId\":\"admin-id\",\"authorN…","service":"stargem-manager","timestamp":"2026-05-02 01:48:41"}
{"level":"info","message":"GET /api/users/presence/active 200 in 450ms :: [{\"id\":\"admin-id\",\"username\":\"ad…","service":"stargem-manager","timestamp":"2026-05-02 01:48:41"}
{"level":"info","message":"GET /api/team-notes 304 in 317ms :: []","service":"stargem-manager","timestamp":"2026-05-02 01:48:44"}
{"level":"info","message":"GET /api/course-quotes-grid 304 in 312ms :: [{\"id\":53,\"activityType\":\"adulti\",\"…","service":"stargem-manager","timestamp":"2026-05-02 01:48:44"}
{"level":"info","message":"GET /api/course-quotes-grid 304 in 343ms :: [{\"id\":53,\"activityType\":\"adulti\",\"…","service":"stargem-manager","timestamp":"2026-05-02 01:48:44"}
{"level":"info","message":"POST /api/users/presence/heartbeat 200 in 279ms :: {\"success\":true}","service":"stargem-manager","timestamp":"2026-05-02 01:48:45"}
{"level":"info","message":"GET /api/todos 304 in 296ms :: [{\"id\":1,\"text\":\"Implementare verifica SMS/Whats…","service":"stargem-manager","timestamp":"2026-05-02 01:48:51"}
{"level":"info","message":"GET /api/team-comments 304 in 301ms :: [{\"id\":20,\"authorId\":\"admin-id\",\"authorN…","service":"stargem-manager","timestamp":"2026-05-02 01:48:51"}
{"level":"info","message":"GET /api/users/presence/active 200 in 512ms :: [{\"id\":\"admin-id\",\"username\":\"ad…","service":"stargem-manager","timestamp":"2026-05-02 01:48:57"}
{"level":"info","message":"GET /api/team-notes 304 in 235ms :: []","service":"stargem-manager","timestamp":"2026-05-02 01:48:57"}
{"level":"info","message":"GET /api/webhook-logs 304 in 260ms :: [{\"id\":3,\"tenantId\":1,\"source\":\"woocommer…","service":"stargem-manager","timestamp":"2026-05-02 01:48:58"}
{"level":"info","message":"GET /api/todos 304 in 329ms :: [{\"id\":1,\"text\":\"Implementare verifica SMS/Whats…","service":"stargem-manager","timestamp":"2026-05-02 01:49:01"}
{"level":"info","message":"GET /api/team-comments 304 in 303ms :: [{\"id\":20,\"authorId\":\"admin-id\",\"authorN…","service":"stargem-manager","timestamp":"2026-05-02 01:49:01"}
{"level":"info","message":"GET /api/todos 304 in 295ms :: [{\"id\":1,\"text\":\"Implementare verifica SMS/Whats…","service":"stargem-manager","timestamp":"2026-05-02 01:49:12"}
{"level":"info","message":"GET /api/team-comments 304 in 320ms :: [{\"id\":20,\"authorId\":\"admin-id\",\"authorN…","service":"stargem-manager","timestamp":"2026-05-02 01:49:12"}
{"level":"info","message":"GET /api/users/presence/active 304 in 405ms :: [{\"id\":\"admin-id\",\"username\":\"ad…","service":"stargem-manager","timestamp":"2026-05-02 01:49:12"}
{"level":"info","message":"POST /api/users/presence/heartbeat 200 in 375ms :: {\"success\":true}","service":"stargem-manager","timestamp":"2026-05-02 01:49:15"}
{"level":"info","message":"GET /api/wc-product-mapping 200 in 214ms","service":"stargem-manager","timestamp":"2026-05-02 01:49:16"}
{"level":"info","message":"GET /api/team-notes 304 in 268ms :: []","service":"stargem-manager","timestamp":"2026-05-02 01:49:16"}
{"level":"info","message":"GET /api/wc-product-mapping 200 in 192ms","service":"stargem-manager","timestamp":"2026-05-02 01:49:17"}
{"level":"info","message":"GET /api/workshops 200 in 169ms","service":"stargem-manager","timestamp":"2026-05-02 01:49:17"}
{"level":"info","message":"GET /api/free-trials 200 in 170ms","service":"stargem-manager","timestamp":"2026-05-02 01:49:17"}
{"level":"info","message":"GET /api/paid-trials 200 in 173ms","service":"stargem-manager","timestamp":"2026-05-02 01:49:17"}
{"level":"info","message":"GET /api/sunday-activities 200 in 197ms","service":"stargem-manager","timestamp":"2026-05-02 01:49:17"}
{"level":"info","message":"GET /api/single-lessons 200 in 226ms","service":"stargem-manager","timestamp":"2026-05-02 01:49:17"}
{"level":"info","message":"GET /api/team-notes 304 in 228ms :: []","service":"stargem-manager","timestamp":"2026-05-02 01:49:17"}
{"level":"info","message":"GET /api/trainings 200 in 151ms","service":"stargem-manager","timestamp":"2026-05-02 01:49:17"}
{"level":"info","message":"GET /api/individual-lessons 200 in 149ms","service":"stargem-manager","timestamp":"2026-05-02 01:49:17"}
{"level":"info","message":"GET /api/campus-activities 200 in 153ms","service":"stargem-manager","timestamp":"2026-05-02 01:49:17"}
{"level":"info","message":"GET /api/recitals 200 in 149ms","service":"stargem-manager","timestamp":"2026-05-02 01:49:17"}
{"level":"info","message":"GET /api/vacation-studies 200 in 159ms","service":"stargem-manager","timestamp":"2026-05-02 01:49:17"}
{"level":"info","message":"GET /api/payment-methods 500 in 188ms :: {\"message\":\"Failed to fetch payment me…","service":"stargem-manager","timestamp":"2026-05-02 01:49:17"}
{"level":"info","message":"GET /api/workshop-enrollments 200 in 147ms","service":"stargem-manager","timestamp":"2026-05-02 01:49:18"}
{"level":"info","message":"GET /api/studio-bookings 304 in 291ms :: []","service":"stargem-manager","timestamp":"2026-05-02 01:49:18"}
{"level":"info","message":"GET /api/enrollments 304 in 445ms :: [{\"id\":256,\"memberId\":14240,\"courseId\":385…","service":"stargem-manager","timestamp":"2026-05-02 01:49:18"}
{"level":"info","message":"GET /api/workshops 200 in 204ms","service":"stargem-manager","timestamp":"2026-05-02 01:49:18"}
{"level":"info","message":"GET /api/payment-methods 500 in 230ms :: {\"message\":\"Failed to fetch payment me…","service":"stargem-manager","timestamp":"2026-05-02 01:49:18"}
{"level":"info","message":"GET /api/team-notes 304 in 229ms :: []","service":"stargem-manager","timestamp":"2026-05-02 01:49:18"}
{"level":"info","message":"GET /api/team-notes 304 in 293ms :: []","service":"stargem-manager","timestamp":"2026-05-02 01:49:20"}
{"level":"info","message":"GET /api/custom-reports 304 in 292ms :: []","service":"stargem-manager","timestamp":"2026-05-02 01:49:20"}
{"level":"info","message":"GET /api/stats/reports 304 in 941ms :: {\"totalMembers\":4918,\"newMembersThisMont…","service":"stargem-manager","timestamp":"2026-05-02 01:49:21"}
{"level":"info","message":"GET /api/todos 304 in 237ms :: [{\"id\":1,\"text\":\"Implementare verifica SMS/Whats…","service":"stargem-manager","timestamp":"2026-05-02 01:49:22"}
{"level":"info","message":"GET /api/team-comments 304 in 238ms :: [{\"id\":20,\"authorId\":\"admin-id\",\"authorN…","service":"stargem-manager","timestamp":"2026-05-02 01:49:22"}
{"level":"info","message":"GET /api/sunday-categories 200 in 298ms","service":"stargem-manager","timestamp":"2026-05-02 01:49:27"}
{"level":"info","message":"GET /api/training-categories 200 in 295ms","service":"stargem-manager","timestamp":"2026-05-02 01:49:27"}
{"level":"info","message":"GET /api/rental-categories 200 in 321ms","service":"stargem-manager","timestamp":"2026-05-02 01:49:27"}
{"level":"info","message":"GET /api/individual-lesson-categories 200 in 323ms","service":"stargem-manager","timestamp":"2026-05-02 01:49:27"}
{"level":"info","message":"GET /api/campus-categories 200 in 321ms","service":"stargem-manager","timestamp":"2026-05-02 01:49:27"}
{"level":"info","message":"GET /api/team-notes 304 in 348ms :: []","service":"stargem-manager","timestamp":"2026-05-02 01:49:27"}
{"level":"info","message":"GET /api/vacation-categories 200 in 175ms","service":"stargem-manager","timestamp":"2026-05-02 01:49:27"}
{"level":"info","message":"GET /api/recital-categories 200 in 201ms","service":"stargem-manager","timestamp":"2026-05-02 01:49:27"}
{"level":"info","message":"GET /api/merchandising-categories 200 in 176ms","service":"stargem-manager","timestamp":"2026-05-02 01:49:27"}
{"level":"info","message":"GET /api/booking-service-categories 200 in 201ms","service":"stargem-manager","timestamp":"2026-05-02 01:49:27"}
{"level":"info","message":"GET /api/workshop-categories 200 in 201ms","service":"stargem-manager","timestamp":"2026-05-02 01:49:27"}
{"level":"info","message":"GET /api/courses 304 in 321ms :: [{\"id\":802,\"sku\":\"2526AMBER-ALDRIN15MA\",\"name\"…","service":"stargem-manager","timestamp":"2026-05-02 01:49:28"}
{"level":"info","message":"GET /api/custom-lists/categorie 304 in 329ms :: {\"id\":23,\"name\":\"Categorie\",\"sy…","service":"stargem-manager","timestamp":"2026-05-02 01:49:28"}
{"level":"info","message":"GET /api/users/presence/active 200 in 499ms :: [{\"id\":\"admin-id\",\"username\":\"ad…","service":"stargem-manager","timestamp":"2026-05-02 01:49:28"}
{"level":"info","message":"GET /api/team-notes 304 in 281ms :: []","service":"stargem-manager","timestamp":"2026-05-02 01:49:30"}
{"level":"info","message":"GET /api/courses 304 in 316ms :: []","service":"stargem-manager","timestamp":"2026-05-02 01:49:30"}
{"level":"info","message":"GET /api/courses 304 in 318ms :: []","service":"stargem-manager","timestamp":"2026-05-02 01:49:30"}
{"level":"info","message":"GET /api/courses 304 in 371ms :: [{\"id\":827,\"sku\":\"2526GEDDOVEN20\",\"name\":\"Cors…","service":"stargem-manager","timestamp":"2026-05-02 01:49:30"}
{"level":"info","message":"GET /api/enrollments 304 in 372ms :: [{\"id\":12454,\"memberId\":18192,\"courseId\":5…","service":"stargem-manager","timestamp":"2026-05-02 01:49:30"}
{"level":"info","message":"GET /api/enrollments 304 in 393ms :: [{\"id\":65,\"memberId\":14194,\"courseId\":7,\"p…","service":"stargem-manager","timestamp":"2026-05-02 01:49:30"}
{"level":"info","message":"GET /api/courses 304 in 222ms :: [{\"id\":810,\"sku\":\"PROVA2526CRUZMAR12\",\"name\":\"…","service":"stargem-manager","timestamp":"2026-05-02 01:49:30"}
{"level":"info","message":"GET /api/courses 304 in 233ms :: [{\"id\":807,\"sku\":\"2526KUQI15MAR - A\",\"name\":\"D…","service":"stargem-manager","timestamp":"2026-05-02 01:49:30"}
{"level":"info","message":"GET /api/courses 304 in 240ms :: []","service":"stargem-manager","timestamp":"2026-05-02 01:49:30"}
{"level":"info","message":"GET /api/courses 304 in 218ms :: [{\"id\":560,\"sku\":\"2526LEZINDIVIDUALE\",\"name\":\"…","service":"stargem-manager","timestamp":"2026-05-02 01:49:30"}
{"level":"info","message":"GET /api/courses 304 in 227ms :: [{\"id\":529,\"sku\":\"2526ALLENAMENTO\",\"name\":\"All…","service":"stargem-manager","timestamp":"2026-05-02 01:49:30"}
{"level":"info","message":"GET /api/courses 304 in 228ms :: [{\"id\":813,\"sku\":\"2526CAMPUSDANZAS2\",\"name\":\"C…","service":"stargem-manager","timestamp":"2026-05-02 01:49:30"}
{"level":"info","message":"GET /api/courses 304 in 221ms :: []","service":"stargem-manager","timestamp":"2026-05-02 01:49:30"}
{"level":"info","message":"GET /api/courses 304 in 213ms :: []","service":"stargem-manager","timestamp":"2026-05-02 01:49:30"}
{"level":"info","message":"GET /api/enrollments 304 in 233ms :: []","service":"stargem-manager","timestamp":"2026-05-02 01:49:30"}
{"level":"info","message":"GET /api/enrollments 304 in 220ms :: []","service":"stargem-manager","timestamp":"2026-05-02 01:49:30"}
{"level":"info","message":"GET /api/enrollments 304 in 215ms :: []","service":"stargem-manager","timestamp":"2026-05-02 01:49:30"}
{"level":"info","message":"GET /api/enrollments 304 in 238ms :: [{\"id\":6133,\"memberId\":18311,\"courseId\":53…","service":"stargem-manager","timestamp":"2026-05-02 01:49:30"}
{"level":"info","message":"GET /api/enrollments 304 in 221ms :: [{\"id\":10586,\"memberId\":14957,\"courseId\":7…","service":"stargem-manager","timestamp":"2026-05-02 01:49:30"}
{"level":"info","message":"GET /api/enrollments 304 in 185ms :: [{\"id\":6929,\"memberId\":17989,\"courseId\":56…","service":"stargem-manager","timestamp":"2026-05-02 01:49:30"}
{"level":"info","message":"GET /api/enrollments 304 in 236ms :: [{\"id\":7224,\"memberId\":14186,\"courseId\":56…","service":"stargem-manager","timestamp":"2026-05-02 01:49:30"}
{"level":"info","message":"GET /api/enrollments 304 in 187ms :: []","service":"stargem-manager","timestamp":"2026-05-02 01:49:30"}
{"level":"info","message":"GET /api/enrollments 304 in 257ms :: [{\"id\":6071,\"memberId\":15573,\"courseId\":52…","service":"stargem-manager","timestamp":"2026-05-02 01:49:30"}
{"level":"info","message":"GET /api/enrollments 304 in 252ms :: []","service":"stargem-manager","timestamp":"2026-05-02 01:49:30"}
{"level":"info","message":"GET /api/todos 304 in 243ms :: [{\"id\":1,\"text\":\"Implementare verifica SMS/Whats…","service":"stargem-manager","timestamp":"2026-05-02 01:49:32"}
{"level":"info","message":"GET /api/team-comments 304 in 242ms :: [{\"id\":20,\"authorId\":\"admin-id\",\"authorN…","service":"stargem-manager","timestamp":"2026-05-02 01:49:32"}
{"level":"info","message":"GET /api/gemteam/permessi/pending-count 304 in 245ms :: {\"count\":0}","service":"stargem-manager","timestamp":"2026-05-02 01:49:34"}
{"level":"info","message":"GET /api/workshops 200 in 291ms","service":"stargem-manager","timestamp":"2026-05-02 01:49:37"}
{"level":"info","message":"GET /api/workshop-attendances 200 in 320ms","service":"stargem-manager","timestamp":"2026-05-02 01:49:37"}
{"level":"info","message":"GET /api/team-notes 304 in 349ms :: []","service":"stargem-manager","timestamp":"2026-05-02 01:49:37"}
{"level":"info","message":"GET /api/custom-lists/genere 304 in 376ms :: {\"id\":21,\"name\":\"Generi Workshop\",…","service":"stargem-manager","timestamp":"2026-05-02 01:49:37"}
{"level":"info","message":"GET /api/payment-methods 500 in 375ms :: {\"message\":\"Failed to fetch payment me…","service":"stargem-manager","timestamp":"2026-05-02 01:49:37"}
{"level":"info","message":"GET /api/custom-lists/stato_corso 304 in 401ms :: {\"id\":34,\"name\":\"Stato Corso\"…","service":"stargem-manager","timestamp":"2026-05-02 01:49:37"}
{"level":"info","message":"GET /api/workshops 200 in 169ms","service":"stargem-manager","timestamp":"2026-05-02 01:49:37"}
{"level":"info","message":"GET /api/strategic-events 304 in 264ms :: [{\"id\":48,\"title\":\"Ferragosto\",\"descr…","service":"stargem-manager","timestamp":"2026-05-02 01:49:37"}
{"level":"info","message":"GET /api/custom-lists/tag_interni 304 in 237ms :: {\"id\":35,\"name\":\"Interno Cors…","service":"stargem-manager","timestamp":"2026-05-02 01:49:37"}
{"level":"info","message":"GET /api/courses 304 in 225ms :: [{\"id\":845,\"sku\":\"2627MALINMER17\",\"name\":\"Danz…","service":"stargem-manager","timestamp":"2026-05-02 01:49:37"}
{"level":"info","message":"GET /api/strategic-events 304 in 252ms :: [{\"id\":61,\"title\":\"Ferragosto\",\"descr…","service":"stargem-manager","timestamp":"2026-05-02 01:49:37"}
{"level":"info","message":"GET /api/custom-lists/nomi_corsi 304 in 198ms :: {\"id\":15,\"name\":\"Generi Corsi\"…","service":"stargem-manager","timestamp":"2026-05-02 01:49:37"}
{"level":"info","message":"GET /api/custom-lists/livello 304 in 198ms :: {\"id\":5,\"name\":\"Livello\",\"systemN…","service":"stargem-manager","timestamp":"2026-05-02 01:49:37"}
{"level":"info","message":"GET /api/courses 304 in 226ms :: [{\"id\":827,\"sku\":\"2526GEDDOVEN20\",\"name\":\"Cors…","service":"stargem-manager","timestamp":"2026-05-02 01:49:37"}
{"level":"info","message":"GET /api/custom-lists/fascia_eta 304 in 200ms :: {\"id\":6,\"name\":\"Fascia età\",\"s…","service":"stargem-manager","timestamp":"2026-05-02 01:49:37"}
{"level":"info","message":"GET /api/custom-lists/posti_disponibili 304 in 230ms :: {\"id\":14,\"name\":\"Posti …","service":"stargem-manager","timestamp":"2026-05-02 01:49:37"}
{"level":"info","message":"GET /api/custom-lists/numero_persone 304 in 229ms :: {\"id\":25,\"name\":\"Numero Pe…","service":"stargem-manager","timestamp":"2026-05-02 01:49:37"}
{"level":"info","message":"GET /api/custom-lists/pacchetti_prenotazioni 304 in 147ms :: {\"items\":[]}","service":"stargem-manager","timestamp":"2026-05-02 01:49:38"}
{"level":"info","message":"GET /api/activity-statuses 304 in 176ms :: [{\"id\":5,\"name\":\"APERTO\",\"color\":\"#2…","service":"stargem-manager","timestamp":"2026-05-02 01:49:38"}
{"level":"info","message":"GET /api/custom-lists/campus 304 in 237ms :: {\"id\":22,\"name\":\"Campus\",\"systemNa…","service":"stargem-manager","timestamp":"2026-05-02 01:49:38"}
{"level":"info","message":"GET /api/courses 304 in 231ms :: [{\"id\":845,\"sku\":\"2627MALINMER17\",\"name\":\"Danz…","service":"stargem-manager","timestamp":"2026-05-02 01:49:38"}
{"level":"info","message":"GET /api/strategic-events/closed-days 304 in 259ms :: {\"closedDays\":[\"2026-11-0…","service":"stargem-manager","timestamp":"2026-05-02 01:49:38"}
{"level":"info","message":"GET /api/courses 304 in 248ms :: [{\"id\":845,\"sku\":\"2627MALINMER17\",\"name\":\"Danz…","service":"stargem-manager","timestamp":"2026-05-02 01:49:38"}
{"level":"info","message":"GET /api/todos 304 in 297ms :: [{\"id\":1,\"text\":\"Implementare verifica SMS/Whats…","service":"stargem-manager","timestamp":"2026-05-02 01:49:42"}
{"level":"info","message":"GET /api/team-comments 304 in 300ms :: [{\"id\":20,\"authorId\":\"admin-id\",\"authorN…","service":"stargem-manager","timestamp":"2026-05-02 01:49:42"}
{"level":"info","message":"GET /api/users/presence/active 200 in 421ms :: [{\"id\":\"admin-id\",\"username\":\"ad…","service":"stargem-manager","timestamp":"2026-05-02 01:49:43"}
{"level":"info","message":"POST /api/users/presence/heartbeat 200 in 342ms :: {\"success\":true}","service":"stargem-manager","timestamp":"2026-05-02 01:49:45"}
{"level":"info","message":"GET /api/todos 304 in 294ms :: [{\"id\":1,\"text\":\"Implementare verifica SMS/Whats…","service":"stargem-manager","timestamp":"2026-05-02 01:49:53"}
{"level":"info","message":"GET /api/team-comments 304 in 301ms :: [{\"id\":20,\"authorId\":\"admin-id\",\"authorN…","service":"stargem-manager","timestamp":"2026-05-02 01:49:53"}
{"level":"info","message":"GET /api/users/presence/active 200 in 522ms :: [{\"id\":\"admin-id\",\"username\":\"ad…","service":"stargem-manager","timestamp":"2026-05-02 01:49:59"}
{"level":"info","message":"GET /api/todos 304 in 306ms :: [{\"id\":1,\"text\":\"Implementare verifica SMS/Whats…","service":"stargem-manager","timestamp":"2026-05-02 01:50:03"}
{"level":"info","message":"GET /api/team-comments 304 in 297ms :: [{\"id\":20,\"authorId\":\"admin-id\",\"authorN…","service":"stargem-manager","timestamp":"2026-05-02 01:50:03"}
{"level":"info","message":"GET /api/todos 304 in 254ms :: [{\"id\":1,\"text\":\"Implementare verifica SMS/Whats…","service":"stargem-manager","timestamp":"2026-05-02 01:50:13"}
{"level":"info","message":"GET /api/team-comments 304 in 280ms :: [{\"id\":20,\"authorId\":\"admin-id\",\"authorN…","service":"stargem-manager","timestamp":"2026-05-02 01:50:13"}
{"level":"info","message":"GET /api/users/presence/active 304 in 436ms :: [{\"id\":\"admin-id\",\"username\":\"ad…","service":"stargem-manager","timestamp":"2026-05-02 01:50:14"}
{"level":"info","message":"GET /api/todos 304 in 301ms :: [{\"id\":1,\"text\":\"Implementare verifica SMS/Whats…","service":"stargem-manager","timestamp":"2026-05-02 01:50:24"}
{"level":"info","message":"GET /api/team-comments 304 in 276ms :: [{\"id\":20,\"authorId\":\"admin-id\",\"authorN…","service":"stargem-manager","timestamp":"2026-05-02 01:50:24"}
{"level":"info","message":"GET /api/users/presence/active 304 in 535ms :: [{\"id\":\"admin-id\",\"username\":\"ad…","service":"stargem-manager","timestamp":"2026-05-02 01:50:30"}
{"level":"info","message":"GET /api/todos 304 in 312ms :: [{\"id\":1,\"text\":\"Implementare verifica SMS/Whats…","service":"stargem-manager","timestamp":"2026-05-02 01:50:34"}
{"level":"info","message":"GET /api/team-comments 304 in 282ms :: [{\"id\":20,\"authorId\":\"admin-id\",\"authorN…","service":"stargem-manager","timestamp":"2026-05-02 01:50:34"}
{"level":"info","message":"GET /api/gemteam/permessi/pending-count 304 in 166ms :: {\"count\":0}","service":"stargem-manager","timestamp":"2026-05-02 01:50:35"}
{"level":"info","message":"GET /api/todos 304 in 327ms :: [{\"id\":1,\"text\":\"Implementare verifica SMS/Whats…","service":"stargem-manager","timestamp":"2026-05-02 01:50:44"}
{"level":"info","message":"GET /api/team-comments 304 in 329ms :: [{\"id\":20,\"authorId\":\"admin-id\",\"authorN…","service":"stargem-manager","timestamp":"2026-05-02 01:50:44"}
{"level":"info","message":"GET /api/users/presence/active 200 in 468ms :: [{\"id\":\"admin-id\",\"username\":\"ad…","service":"stargem-manager","timestamp":"2026-05-02 01:50:45"}
{"level":"info","message":"POST /api/users/presence/heartbeat 200 in 384ms :: {\"success\":true}","service":"stargem-manager","timestamp":"2026-05-02 01:50:48"}
{"level":"info","message":"GET /api/todos 304 in 328ms :: [{\"id\":1,\"text\":\"Implementare verifica SMS/Whats…","service":"stargem-manager","timestamp":"2026-05-02 01:50:55"}
{"level":"info","message":"GET /api/team-comments 304 in 330ms :: [{\"id\":20,\"authorId\":\"admin-id\",\"authorN…","service":"stargem-manager","timestamp":"2026-05-02 01:50:55"}
{"level":"info","message":"GET /api/campus 200 in 316ms","service":"stargem-manager","timestamp":"2026-05-02 01:50:57"}
{"level":"info","message":"GET /api/workshops 200 in 342ms","service":"stargem-manager","timestamp":"2026-05-02 01:50:57"}
{"level":"info","message":"GET /api/recitals 200 in 342ms","service":"stargem-manager","timestamp":"2026-05-02 01:50:57"}
{"level":"info","message":"GET /api/sunday-activities 200 in 351ms","service":"stargem-manager","timestamp":"2026-05-02 01:50:57"}
{"level":"info","message":"GET /api/team-notes 304 in 378ms :: []","service":"stargem-manager","timestamp":"2026-05-02 01:50:57"}
{"level":"info","message":"GET /api/vacation-studies 200 in 127ms","service":"stargem-manager","timestamp":"2026-05-02 01:50:57"}
{"level":"info","message":"GET /api/strategic-events 304 in 167ms :: [{\"id\":61,\"title\":\"Ferragosto\",\"descr…","service":"stargem-manager","timestamp":"2026-05-02 01:50:57"}
{"level":"info","message":"GET /api/activities-unified-preview 304 in 837ms :: [{\"id\":\"course_7_2025-09-01…","service":"stargem-manager","timestamp":"2026-05-02 01:50:58"}
{"level":"info","message":"GET /api/users/presence/active 200 in 527ms :: [{\"id\":\"admin-id\",\"username\":\"ad…","service":"stargem-manager","timestamp":"2026-05-02 01:51:01"}
{"level":"info","message":"GET /api/todos 304 in 320ms :: [{\"id\":1,\"text\":\"Implementare verifica SMS/Whats…","service":"stargem-manager","timestamp":"2026-05-02 01:51:05"}
{"level":"info","message":"GET /api/team-comments 304 in 320ms :: [{\"id\":20,\"authorId\":\"admin-id\",\"authorN…","service":"stargem-manager","timestamp":"2026-05-02 01:51:05"}
{"level":"info","message":"GET /api/user 200 in 140ms :: {\"id\":\"admin-id\",\"username\":\"admin\",\"password\":\"d…","service":"stargem-manager","timestamp":"2026-05-02 01:51:16"}
{"level":"info","message":"GET /api/latest-activity 304 in 185ms :: {\"id\":2597,\"userId\":\"admin-id\",\"action…","service":"stargem-manager","timestamp":"2026-05-02 01:51:16"}
{"level":"info","message":"GET /api/gemteam/permessi/pending-count 304 in 187ms :: {\"count\":0}","service":"stargem-manager","timestamp":"2026-05-02 01:51:16"}
{"level":"info","message":"GET /api/activities-summary 304 in 367ms :: {\"corsi\":{\"total\":314,\"active\":294}…","service":"stargem-manager","timestamp":"2026-05-02 01:51:16"}
{"level":"info","message":"GET /api/users/presence/active 200 in 402ms :: [{\"id\":\"admin-id\",\"username\":\"ad…","service":"stargem-manager","timestamp":"2026-05-02 01:51:16"}
{"level":"info","message":"GET /api/team-notes 304 in 277ms :: []","service":"stargem-manager","timestamp":"2026-05-02 01:51:16"}
{"level":"info","message":"GET /api/todos 304 in 294ms :: [{\"id\":1,\"text\":\"Implementare verifica SMS/Whats…","service":"stargem-manager","timestamp":"2026-05-02 01:51:16"}
{"level":"info","message":"GET /api/team-comments 304 in 314ms :: [{\"id\":20,\"authorId\":\"admin-id\",\"authorN…","service":"stargem-manager","timestamp":"2026-05-02 01:51:16"}
{"level":"info","message":"GET /api/workshops 200 in 135ms","service":"stargem-manager","timestamp":"2026-05-02 01:51:16"}
{"level":"info","message":"GET /api/sunday-activities 200 in 151ms","service":"stargem-manager","timestamp":"2026-05-02 01:51:17"}
{"level":"info","message":"GET /api/seasons 304 in 204ms :: [{\"id\":2,\"name\":\"2026/2027\",\"description\":null…","service":"stargem-manager","timestamp":"2026-05-02 01:51:17"}
{"level":"info","message":"GET /api/campus 200 in 159ms","service":"stargem-manager","timestamp":"2026-05-02 01:51:17"}
{"level":"info","message":"POST /api/users/presence/heartbeat 200 in 470ms :: {\"success\":true}","service":"stargem-manager","timestamp":"2026-05-02 01:51:17"}
{"level":"info","message":"GET /api/recitals 200 in 159ms","service":"stargem-manager","timestamp":"2026-05-02 01:51:17"}
{"level":"info","message":"GET /api/vacation-studies 200 in 155ms","service":"stargem-manager","timestamp":"2026-05-02 01:51:17"}
{"level":"info","message":"GET /api/workshops 200 in 128ms","service":"stargem-manager","timestamp":"2026-05-02 01:51:17"}
{"level":"info","message":"GET /api/booking-services 304 in 209ms :: [{\"id\":8,\"name\":\"Lezione Zaccaria\",\"d…","service":"stargem-manager","timestamp":"2026-05-02 01:51:17"}
{"level":"info","message":"GET /api/sunday-activities 200 in 164ms","service":"stargem-manager","timestamp":"2026-05-02 01:51:17"}
{"level":"info","message":"GET /api/strategic-events 304 in 218ms :: [{\"id\":61,\"title\":\"Ferragosto\",\"descr…","service":"stargem-manager","timestamp":"2026-05-02 01:51:17"}
{"level":"info","message":"GET /api/campus 200 in 162ms","service":"stargem-manager","timestamp":"2026-05-02 01:51:17"}
{"level":"info","message":"GET /api/vacation-studies 200 in 179ms","service":"stargem-manager","timestamp":"2026-05-02 01:51:17"}
{"level":"info","message":"GET /api/recitals 200 in 187ms","service":"stargem-manager","timestamp":"2026-05-02 01:51:17"}
{"level":"info","message":"GET /api/activities-unified-preview 304 in 861ms :: [{\"id\":\"course_7_2025-09-01…","service":"stargem-manager","timestamp":"2026-05-02 01:51:17"}
{"level":"info","message":"GET /api/activities-unified-preview 304 in 1006ms :: [{\"id\":\"course_7_2025-09-0…","service":"stargem-manager","timestamp":"2026-05-02 01:51:18"}
{"level":"info","message":"GET /api/todos 304 in 299ms :: [{\"id\":1,\"text\":\"Implementare verifica SMS/Whats…","service":"stargem-manager","timestamp":"2026-05-02 01:51:27"}
{"level":"info","message":"GET /api/team-comments 304 in 303ms :: [{\"id\":20,\"authorId\":\"admin-id\",\"authorN…","service":"stargem-manager","timestamp":"2026-05-02 01:51:27"}
{"level":"info","message":"GET /api/team-notes 200 in 253ms :: []","service":"stargem-manager","timestamp":"2026-05-02 01:51:28"}
{"level":"info","message":"GET /api/users/presence/active 200 in 506ms :: [{\"id\":\"admin-id\",\"username\":\"ad…","service":"stargem-manager","timestamp":"2026-05-02 01:51:32"}
{"level":"info","message":"GET /api/team-notes 304 in 326ms :: []","service":"stargem-manager","timestamp":"2026-05-02 01:51:35"}
{"level":"info","message":"GET /api/studios 304 in 351ms :: [{\"id\":10,\"name\":\"STUDIO 01 (80mq)\",\"floor\":\"\"…","service":"stargem-manager","timestamp":"2026-05-02 01:51:35"}
{"level":"info","message":"GET /api/todos 304 in 302ms :: [{\"id\":1,\"text\":\"Implementare verifica SMS/Whats…","service":"stargem-manager","timestamp":"2026-05-02 01:51:37"}
{"level":"info","message":"GET /api/team-notes 304 in 325ms :: []","service":"stargem-manager","timestamp":"2026-05-02 01:51:37"}
{"level":"info","message":"GET /api/team-comments 304 in 328ms :: [{\"id\":20,\"authorId\":\"admin-id\",\"authorN…","service":"stargem-manager","timestamp":"2026-05-02 01:51:37"}
{"level":"info","message":"GET /api/team-notes 304 in 309ms :: []","service":"stargem-manager","timestamp":"2026-05-02 01:51:39"}
{"level":"info","message":"GET /api/gemstaff/pt 304 in 309ms :: [{\"id\":2,\"firstName\":\"MARCO\",\"lastName\":\"M…","service":"stargem-manager","timestamp":"2026-05-02 01:51:39"}
{"level":"info","message":"GET /api/gemstaff/insegnanti 304 in 312ms :: [{\"id\":3,\"firstName\":\"ROBERTO\",\"la…","service":"stargem-manager","timestamp":"2026-05-02 01:51:39"}
{"level":"info","message":"GET /api/instructors 304 in 346ms :: [{\"id\":2336,\"userId\":null,\"firstName\":\"ANT…","service":"stargem-manager","timestamp":"2026-05-02 01:51:39"}
{"level":"info","message":"GET /api/courses 304 in 372ms :: [{\"id\":827,\"sku\":\"2526GEDDOVEN20\",\"name\":\"Cors…","service":"stargem-manager","timestamp":"2026-05-02 01:51:39"}
{"level":"info","message":"GET /api/gemteam/report/lock/2026/04 200 in 224ms","service":"stargem-manager","timestamp":"2026-05-02 01:51:41"}
{"level":"info","message":"GET /api/gemteam/postazioni 304 in 270ms :: [{\"id\":1,\"nome\":\"AMM.ZIONE\",\"contaO…","service":"stargem-manager","timestamp":"2026-05-02 01:51:41"}
{"level":"info","message":"GET /api/team-notes 304 in 325ms :: []","service":"stargem-manager","timestamp":"2026-05-02 01:51:41"}
{"level":"info","message":"GET /api/gemteam/turni/week-assignment 304 in 324ms :: {\"settimana\":\"A\",\"weekSt…","service":"stargem-manager","timestamp":"2026-05-02 01:51:41"}
{"level":"info","message":"GET /api/gemteam/turni/eventi-giorno 304 in 331ms :: [{\"title\":\"No corsi\",\"even…","service":"stargem-manager","timestamp":"2026-05-02 01:51:41"}
{"level":"info","message":"GET /api/gemteam/dipendenti 200 in 478ms :: [{\"id\":1,\"memberId\":9556,\"userId\":\"…","service":"stargem-manager","timestamp":"2026-05-02 01:51:41"}
{"level":"info","message":"GET /api/gemteam/turni 304 in 299ms :: [{\"id\":1660,\"employeeId\":1,\"settimanaTip…","service":"stargem-manager","timestamp":"2026-05-02 01:51:41"}
{"level":"info","message":"GET /api/gemteam/checkin/oggi 304 in 283ms :: [{\"employeeId\":15,\"firstName\":\"AD…","service":"stargem-manager","timestamp":"2026-05-02 01:51:41"}
{"level":"info","message":"GET /api/gemteam/turni/scheduled 304 in 231ms :: []","service":"stargem-manager","timestamp":"2026-05-02 01:51:41"}
{"level":"info","message":"GET /api/gemteam/presenze/2026/04 304 in 254ms :: [{\"id\":3776,\"employeeId\":16,\"…","service":"stargem-manager","timestamp":"2026-05-02 01:51:41"}
{"level":"info","message":"POST /api/users/presence/heartbeat 200 in 361ms :: {\"success\":true}","service":"stargem-manager","timestamp":"2026-05-02 01:51:46"}
{"level":"info","message":"GET /api/todos 304 in 332ms :: [{\"id\":1,\"text\":\"Implementare verifica SMS/Whats…","service":"stargem-manager","timestamp":"2026-05-02 01:51:47"}
{"level":"info","message":"GET /api/users/presence/active 200 in 505ms :: [{\"id\":\"admin-id\",\"username\":\"ad…","service":"stargem-manager","timestamp":"2026-05-02 01:51:47"}
{"level":"info","message":"GET /api/team-comments 304 in 336ms :: [{\"id\":20,\"authorId\":\"admin-id\",\"authorN…","service":"stargem-manager","timestamp":"2026-05-02 01:51:47"}
{"level":"info","message":"GET /api/todos 304 in 321ms :: [{\"id\":1,\"text\":\"Implementare verifica SMS/Whats…","service":"stargem-manager","timestamp":"2026-05-02 01:51:58"}
{"level":"info","message":"GET /api/team-comments 304 in 295ms :: [{\"id\":20,\"authorId\":\"admin-id\",\"authorN…","service":"stargem-manager","timestamp":"2026-05-02 01:51:58"}
{"level":"info","message":"GET /api/users/presence/active 304 in 524ms :: [{\"id\":\"admin-id\",\"username\":\"ad…","service":"stargem-manager","timestamp":"2026-05-02 01:52:03"}
{"level":"info","message":"GET /api/todos 304 in 327ms :: [{\"id\":1,\"text\":\"Implementare verifica SMS/Whats…","service":"stargem-manager","timestamp":"2026-05-02 01:52:08"}
{"level":"info","message":"GET /api/team-comments 304 in 298ms :: [{\"id\":20,\"authorId\":\"admin-id\",\"authorN…","service":"stargem-manager","timestamp":"2026-05-02 01:52:08"}
{"level":"info","message":"GET /api/gemteam/permessi/pending-count 304 in 247ms :: {\"count\":0}","service":"stargem-manager","timestamp":"2026-05-02 01:52:16"}
{"level":"info","message":"GET /api/team-comments 304 in 191ms :: [{\"id\":20,\"authorId\":\"admin-id\",\"authorN…","service":"stargem-manager","timestamp":"2026-05-02 01:52:18"}
{"level":"info","message":"GET /api/todos 304 in 276ms :: [{\"id\":1,\"text\":\"Implementare verifica SMS/Whats…","service":"stargem-manager","timestamp":"2026-05-02 01:52:18"}
{"level":"info","message":"GET /api/users/presence/active 304 in 541ms :: [{\"id\":\"admin-id\",\"username\":\"ad…","service":"stargem-manager","timestamp":"2026-05-02 01:52:18"}
{"level":"info","message":"GET /api/team-comments 304 in 333ms :: [{\"id\":20,\"authorId\":\"admin-id\",\"authorN…","service":"stargem-manager","timestamp":"2026-05-02 01:52:29"}
{"level":"info","message":"GET /api/todos 304 in 302ms :: [{\"id\":1,\"text\":\"Implementare verifica SMS/Whats…","service":"stargem-manager","timestamp":"2026-05-02 01:52:29"}
{"level":"info","message":"GET /api/users/presence/active 304 in 525ms :: [{\"id\":\"admin-id\",\"username\":\"ad…","service":"stargem-manager","timestamp":"2026-05-02 01:52:34"}
{"level":"info","message":"GET /api/team-comments 304 in 324ms :: [{\"id\":20,\"authorId\":\"admin-id\",\"authorN…","service":"stargem-manager","timestamp":"2026-05-02 01:52:39"}
{"level":"info","message":"GET /api/todos 304 in 324ms :: [{\"id\":1,\"text\":\"Implementare verifica SMS/Whats…","service":"stargem-manager","timestamp":"2026-05-02 01:52:39"}
{"level":"info","message":"GET /api/gemteam/checkin/oggi 304 in 304ms :: [{\"employeeId\":15,\"firstName\":\"AD…","service":"stargem-manager","timestamp":"2026-05-02 01:52:41"}
{"level":"info","message":"GET /api/team-comments 304 in 322ms :: [{\"id\":20,\"authorId\":\"admin-id\",\"authorN…","service":"stargem-manager","timestamp":"2026-05-02 01:52:49"}
{"level":"info","message":"GET /api/todos 304 in 320ms :: [{\"id\":1,\"text\":\"Implementare verifica SMS/Whats…","service":"stargem-manager","timestamp":"2026-05-02 01:52:49"}
{"level":"info","message":"GET /api/users/presence/active 200 in 549ms :: [{\"id\":\"admin-id\",\"username\":\"ad…","service":"stargem-manager","timestamp":"2026-05-02 01:52:50"}
{"level":"info","message":"GET /api/todos 304 in 359ms :: [{\"id\":1,\"text\":\"Implementare verifica SMS/Whats…","service":"stargem-manager","timestamp":"2026-05-02 01:53:00"}
{"level":"info","message":"GET /api/team-comments 304 in 384ms :: [{\"id\":20,\"authorId\":\"admin-id\",\"authorN…","service":"stargem-manager","timestamp":"2026-05-02 01:53:00"}
{"level":"info","message":"POST /api/users/presence/heartbeat 200 in 284ms :: {\"success\":true}","service":"stargem-manager","timestamp":"2026-05-02 01:53:00"}
{"level":"info","message":"GET /api/users/presence/active 200 in 563ms :: [{\"id\":\"admin-id\",\"username\":\"ad…","service":"stargem-manager","timestamp":"2026-05-02 01:53:05"}
{"level":"info","message":"GET /api/team-notes 304 in 295ms :: [{\"id\":26,\"authorId\":\"admin-id\",\"authorName…","service":"stargem-manager","timestamp":"2026-05-02 01:53:07"}
{"level":"info","message":"GET /api/team-notes 304 in 346ms :: []","service":"stargem-manager","timestamp":"2026-05-02 01:53:07"}
{"level":"info","message":"GET /api/team-notes/archived 304 in 371ms :: [{\"id\":19,\"authorId\":\"admin-id\",\"a…","service":"stargem-manager","timestamp":"2026-05-02 01:53:07"}
{"level":"info","message":"GET /api/todos 304 in 322ms :: [{\"id\":1,\"text\":\"Implementare verifica SMS/Whats…","service":"stargem-manager","timestamp":"2026-05-02 01:53:10"}
{"level":"info","message":"GET /api/team-comments 304 in 347ms :: [{\"id\":20,\"authorId\":\"admin-id\",\"authorN…","service":"stargem-manager","timestamp":"2026-05-02 01:53:10"}
{"level":"info","message":"GET /api/gemteam/permessi/pending-count 304 in 249ms :: {\"count\":0}","service":"stargem-manager","timestamp":"2026-05-02 01:53:17"}
{"level":"info","message":"GET /api/todos 304 in 298ms :: [{\"id\":1,\"text\":\"Implementare verifica SMS/Whats…","service":"stargem-manager","timestamp":"2026-05-02 01:53:20"}
{"level":"info","message":"GET /api/team-comments 304 in 325ms :: [{\"id\":20,\"authorId\":\"admin-id\",\"authorN…","service":"stargem-manager","timestamp":"2026-05-02 01:53:20"}
{"level":"info","message":"GET /api/users/presence/active 304 in 468ms :: [{\"id\":\"admin-id\",\"username\":\"ad…","service":"stargem-manager","timestamp":"2026-05-02 01:53:21"}
{"level":"info","message":"GET /api/auth/user 200 in 222ms :: {\"id\":\"admin-id\",\"username\":\"admin\",\"passwor…","service":"stargem-manager","timestamp":"2026-05-02 01:53:21"}
{"level":"info","message":"GET /api/team-notes 304 in 223ms :: []","service":"stargem-manager","timestamp":"2026-05-02 01:53:21"}
{"level":"info","message":"GET /api/users 200 in 266ms :: [{\"id\":\"admin-id\",\"username\":\"admin\",\"email\":nul…","service":"stargem-manager","timestamp":"2026-05-02 01:53:21"}
{"level":"info","message":"GET /api/team-notes 304 in 258ms :: []","service":"stargem-manager","timestamp":"2026-05-02 01:53:25"}
{"level":"info","message":"GET /api/team-notes 304 in 249ms :: []","service":"stargem-manager","timestamp":"2026-05-02 01:53:26"}
{"level":"info","message":"GET /api/todos 304 in 302ms :: [{\"id\":1,\"text\":\"Implementare verifica SMS/Whats…","service":"stargem-manager","timestamp":"2026-05-02 01:53:31"}
{"level":"info","message":"GET /api/team-comments 304 in 325ms :: [{\"id\":20,\"authorId\":\"admin-id\",\"authorN…","service":"stargem-manager","timestamp":"2026-05-02 01:53:31"}
{"level":"info","message":"GET /api/users/presence/active 304 in 517ms :: [{\"id\":\"admin-id\",\"username\":\"ad…","service":"stargem-manager","timestamp":"2026-05-02 01:53:36"}
{"level":"info","message":"POST /api/users/presence/heartbeat 200 in 315ms :: {\"success\":true}","service":"stargem-manager","timestamp":"2026-05-02 01:53:38"}
{"level":"info","message":"GET /api/team-notes 304 in 280ms :: [{\"id\":30,\"authorId\":\"admin-id\",\"authorName…","service":"stargem-manager","timestamp":"2026-05-02 01:53:40"}
{"level":"info","message":"GET /api/enrollments/pending 304 in 350ms :: []","service":"stargem-manager","timestamp":"2026-05-02 01:53:40"}
{"level":"info","message":"GET /api/stats/alerts 304 in 576ms :: {\"expiringMemberships\":0,\"expiredCertific…","service":"stargem-manager","timestamp":"2026-05-02 01:53:40"}
{"level":"info","message":"GET /api/stats/recent-activity 304 in 1154ms :: [{\"memberName\":\"AURORA GRIECO\",…","service":"stargem-manager","timestamp":"2026-05-02 01:53:40"}
{"level":"info","message":"GET /api/stats/dashboard 304 in 1358ms :: {\"totalMembers\":4918,\"activeMembershi…","service":"stargem-manager","timestamp":"2026-05-02 01:53:41"}
{"level":"info","message":"GET /api/todos 304 in 245ms :: [{\"id\":1,\"text\":\"Implementare verifica SMS/Whats…","service":"stargem-manager","timestamp":"2026-05-02 01:53:41"}
{"level":"info","message":"GET /api/team-comments 304 in 225ms :: [{\"id\":20,\"authorId\":\"admin-id\",\"authorN…","service":"stargem-manager","timestamp":"2026-05-02 01:53:41"}
{"level":"info","message":"GET /api/client-categories 200 in 273ms","service":"stargem-manager","timestamp":"2026-05-02 01:53:48"}
{"level":"info","message":"GET /api/team-notes 304 in 324ms :: []","service":"stargem-manager","timestamp":"2026-05-02 01:53:48"}
{"level":"info","message":"GET /api/price-lists 304 in 323ms :: [{\"id\":18,\"name\":\"Settembre\",\"validFrom\":\"…","service":"stargem-manager","timestamp":"2026-05-02 01:53:48"}
{"level":"info","message":"GET /api/paid-trials 200 in 322ms","service":"stargem-manager","timestamp":"2026-05-02 01:53:48"}
{"level":"info","message":"GET /api/workshops 200 in 323ms","service":"stargem-manager","timestamp":"2026-05-02 01:53:48"}
{"level":"info","message":"GET /api/quotes 304 in 350ms :: [{\"id\":27,\"name\":\"sconto 20\",\"amount\":\"20.00\",\"…","service":"stargem-manager","timestamp":"2026-05-02 01:53:48"}
{"level":"info","message":"GET /api/free-trials 200 in 159ms","service":"stargem-manager","timestamp":"2026-05-02 01:53:48"}
{"level":"info","message":"GET /api/single-lessons 200 in 159ms","service":"stargem-manager","timestamp":"2026-05-02 01:53:49"}
{"level":"info","message":"GET /api/individual-lessons 200 in 156ms","service":"stargem-manager","timestamp":"2026-05-02 01:53:49"}
{"level":"info","message":"GET /api/sunday-activities 200 in 184ms","service":"stargem-manager","timestamp":"2026-05-02 01:53:49"}
{"level":"info","message":"GET /api/trainings 200 in 184ms","service":"stargem-manager","timestamp":"2026-05-02 01:53:49"}
{"level":"info","message":"GET /api/campus-activities 200 in 183ms","service":"stargem-manager","timestamp":"2026-05-02 01:53:49"}
{"level":"info","message":"GET /api/recitals 200 in 144ms","service":"stargem-manager","timestamp":"2026-05-02 01:53:49"}
{"level":"info","message":"GET /api/knowledge 200 in 149ms","service":"stargem-manager","timestamp":"2026-05-02 01:53:49"}
{"level":"info","message":"GET /api/vacation-studies 200 in 149ms","service":"stargem-manager","timestamp":"2026-05-02 01:53:49"}
{"level":"info","message":"GET /api/workshop-categories 200 in 128ms","service":"stargem-manager","timestamp":"2026-05-02 01:53:49"}
{"level":"info","message":"GET /api/categories 200 in 156ms","service":"stargem-manager","timestamp":"2026-05-02 01:53:49"}
{"level":"info","message":"GET /api/sunday-categories 200 in 130ms","service":"stargem-manager","timestamp":"2026-05-02 01:53:49"}
{"level":"info","message":"GET /api/training-categories 200 in 151ms","service":"stargem-manager","timestamp":"2026-05-02 01:53:49"}
{"level":"info","message":"GET /api/individual-lesson-categories 200 in 142ms","service":"stargem-manager","timestamp":"2026-05-02 01:53:49"}
{"level":"info","message":"GET /api/campus-categories 200 in 140ms","service":"stargem-manager","timestamp":"2026-05-02 01:53:49"}
{"level":"info","message":"GET /api/vacation-categories 200 in 167ms","service":"stargem-manager","timestamp":"2026-05-02 01:53:49"}
{"level":"info","message":"GET /api/recital-categories 200 in 192ms","service":"stargem-manager","timestamp":"2026-05-02 01:53:49"}
{"level":"info","message":"GET /api/enrollment-details 304 in 200ms :: [{\"id\":2,\"name\":\"Iscritto Donna\",\"c…","service":"stargem-manager","timestamp":"2026-05-02 01:53:49"}
{"level":"info","message":"GET /api/client-categories 200 in 129ms","service":"stargem-manager","timestamp":"2026-05-02 01:53:49"}
{"level":"info","message":"GET /api/custom-lists/livello_crm 304 in 235ms :: {\"id\":19,\"name\":\"Livello CRM\"…","service":"stargem-manager","timestamp":"2026-05-02 01:53:49"}
{"level":"info","message":"GET /api/members/duplicates 304 in 270ms :: [{\"id1\":16881,\"id2\":18708,\"name1\":\"…","service":"stargem-manager","timestamp":"2026-05-02 01:53:49"}
{"level":"info","message":"GET /api/custom-lists/provenienza_marketing 304 in 296ms :: {\"id\":18,\"name\":\"Ca…","service":"stargem-manager","timestamp":"2026-05-02 01:53:49"}
{"level":"info","message":"GET /api/todos 304 in 272ms :: [{\"id\":1,\"text\":\"Implementare verifica SMS/Whats…","service":"stargem-manager","timestamp":"2026-05-02 01:53:51"}
{"level":"info","message":"GET /api/team-comments 304 in 269ms :: [{\"id\":20,\"authorId\":\"admin-id\",\"authorN…","service":"stargem-manager","timestamp":"2026-05-02 01:53:51"}
{"level":"info","message":"GET /api/users/presence/active 200 in 406ms :: [{\"id\":\"admin-id\",\"username\":\"ad…","service":"stargem-manager","timestamp":"2026-05-02 01:53:52"}
{"level":"info","message":"GET /api/todos 304 in 295ms :: [{\"id\":1,\"text\":\"Implementare verifica SMS/Whats…","service":"stargem-manager","timestamp":"2026-05-02 01:54:01"}
{"level":"info","message":"GET /api/team-comments 304 in 300ms :: [{\"id\":20,\"authorId\":\"admin-id\",\"authorN…","service":"stargem-manager","timestamp":"2026-05-02 01:54:01"}
{"level":"info","message":"GET /api/users/presence/active 304 in 508ms :: [{\"id\":\"admin-id\",\"username\":\"ad…","service":"stargem-manager","timestamp":"2026-05-02 01:54:07"}
{"level":"info","message":"POST /api/users/presence/heartbeat 200 in 365ms :: {\"success\":true}","service":"stargem-manager","timestamp":"2026-05-02 01:54:11"}
{"level":"info","message":"GET /api/todos 304 in 322ms :: [{\"id\":1,\"text\":\"Implementare verifica SMS/Whats…","service":"stargem-manager","timestamp":"2026-05-02 01:54:12"}
{"level":"info","message":"GET /api/team-comments 304 in 293ms :: [{\"id\":20,\"authorId\":\"admin-id\",\"authorN…","service":"stargem-manager","timestamp":"2026-05-02 01:54:12"}
{"level":"info","message":"GET /api/gemteam/permessi/pending-count 304 in 251ms :: {\"count\":0}","service":"stargem-manager","timestamp":"2026-05-02 01:54:17"}
{"level":"info","message":"GET /api/todos 304 in 351ms :: [{\"id\":1,\"text\":\"Implementare verifica SMS/Whats…","service":"stargem-manager","timestamp":"2026-05-02 01:54:22"}
{"level":"info","message":"GET /api/team-comments 304 in 352ms :: [{\"id\":20,\"authorId\":\"admin-id\",\"authorN…","service":"stargem-manager","timestamp":"2026-05-02 01:54:22"}
{"level":"info","message":"GET /api/users/presence/active 200 in 415ms :: [{\"id\":\"admin-id\",\"username\":\"ad…","service":"stargem-manager","timestamp":"2026-05-02 01:54:22"}
{"level":"info","message":"GET /api/todos 304 in 321ms :: [{\"id\":1,\"text\":\"Implementare verifica SMS/Whats…","service":"stargem-manager","timestamp":"2026-05-02 01:54:32"}
{"level":"info","message":"GET /api/team-comments 304 in 319ms :: [{\"id\":20,\"authorId\":\"admin-id\",\"authorN…","service":"stargem-manager","timestamp":"2026-05-02 01:54:32"}
{"level":"info","message":"GET /api/users/presence/active 304 in 525ms :: [{\"id\":\"admin-id\",\"username\":\"ad…","service":"stargem-manager","timestamp":"2026-05-02 01:54:38"}
{"level":"info","message":"GET /api/todos 304 in 323ms :: [{\"id\":1,\"text\":\"Implementare verifica SMS/Whats…","service":"stargem-manager","timestamp":"2026-05-02 01:54:43"}
{"level":"info","message":"GET /api/team-comments 304 in 326ms :: [{\"id\":20,\"authorId\":\"admin-id\",\"authorN…","service":"stargem-manager","timestamp":"2026-05-02 01:54:43"}
{"level":"info","message":"GET /api/todos 304 in 324ms :: [{\"id\":1,\"text\":\"Implementare verifica SMS/Whats…","service":"stargem-manager","timestamp":"2026-05-02 01:54:53"}
{"level":"info","message":"GET /api/team-comments 304 in 324ms :: [{\"id\":20,\"authorId\":\"admin-id\",\"authorN…","service":"stargem-manager","timestamp":"2026-05-02 01:54:53"}
{"level":"info","message":"GET /api/users/presence/active 200 in 458ms :: [{\"id\":\"admin-id\",\"username\":\"ad…","service":"stargem-manager","timestamp":"2026-05-02 01:54:53"}
{"level":"info","message":"GET /api/todos 304 in 326ms :: [{\"id\":1,\"text\":\"Implementare verifica SMS/Whats…","service":"stargem-manager","timestamp":"2026-05-02 01:55:03"}
{"level":"info","message":"GET /api/team-comments 304 in 327ms :: [{\"id\":20,\"authorId\":\"admin-id\",\"authorN…","service":"stargem-manager","timestamp":"2026-05-02 01:55:03"}
{"level":"info","message":"GET /api/users/presence/active 304 in 526ms :: [{\"id\":\"admin-id\",\"username\":\"ad…","service":"stargem-manager","timestamp":"2026-05-02 01:55:09"}
{"level":"info","message":"GET /api/todos 304 in 329ms :: [{\"id\":1,\"text\":\"Implementare verifica SMS/Whats…","service":"stargem-manager","timestamp":"2026-05-02 01:55:14"}
{"level":"info","message":"GET /api/team-comments 304 in 329ms :: [{\"id\":20,\"authorId\":\"admin-id\",\"authorN…","service":"stargem-manager","timestamp":"2026-05-02 01:55:14"}
{"level":"info","message":"GET /api/gemteam/permessi/pending-count 304 in 254ms :: {\"count\":0}","service":"stargem-manager","timestamp":"2026-05-02 01:55:17"}
{"level":"info","message":"GET /api/todos 304 in 324ms :: [{\"id\":1,\"text\":\"Implementare verifica SMS/Whats…","service":"stargem-manager","timestamp":"2026-05-02 01:55:24"}
{"level":"info","message":"GET /api/team-comments 304 in 324ms :: [{\"id\":20,\"authorId\":\"admin-id\",\"authorN…","service":"stargem-manager","timestamp":"2026-05-02 01:55:24"}
{"level":"info","message":"GET /api/users/presence/active 304 in 911ms :: [{\"id\":\"admin-id\",\"username\":\"ad…","service":"stargem-manager","timestamp":"2026-05-02 01:55:25"}
{"level":"info","message":"GET /api/todos 304 in 325ms :: [{\"id\":1,\"text\":\"Implementare verifica SMS/Whats…","service":"stargem-manager","timestamp":"2026-05-02 01:55:34"}
{"level":"info","message":"GET /api/team-comments 304 in 327ms :: [{\"id\":20,\"authorId\":\"admin-id\",\"authorN…","service":"stargem-manager","timestamp":"2026-05-02 01:55:34"}
{"level":"info","message":"GET /api/users/presence/active 304 in 507ms :: [{\"id\":\"admin-id\",\"username\":\"ad…","service":"stargem-manager","timestamp":"2026-05-02 01:55:40"}
{"level":"info","message":"GET /api/todos 304 in 318ms :: [{\"id\":1,\"text\":\"Implementare verifica SMS/Whats…","service":"stargem-manager","timestamp":"2026-05-02 01:55:45"}
{"level":"info","message":"GET /api/team-comments 304 in 317ms :: [{\"id\":20,\"authorId\":\"admin-id\",\"authorN…","service":"stargem-manager","timestamp":"2026-05-02 01:55:45"}
{"level":"info","message":"GET /api/todos 304 in 355ms :: [{\"id\":1,\"text\":\"Implementare verifica SMS/Whats…","service":"stargem-manager","timestamp":"2026-05-02 01:55:55"}
{"level":"info","message":"GET /api/team-comments 304 in 357ms :: [{\"id\":20,\"authorId\":\"admin-id\",\"authorN…","service":"stargem-manager","timestamp":"2026-05-02 01:55:55"}
{"level":"info","message":"GET /api/users/presence/active 200 in 426ms :: [{\"id\":\"admin-id\",\"username\":\"ad…","service":"stargem-manager","timestamp":"2026-05-02 01:55:56"}
{"level":"info","message":"GET /api/todos 304 in 324ms :: [{\"id\":1,\"text\":\"Implementare verifica SMS/Whats…","service":"stargem-manager","timestamp":"2026-05-02 01:56:05"}
{"level":"info","message":"GET /api/team-comments 304 in 325ms :: [{\"id\":20,\"authorId\":\"admin-id\",\"authorN…","service":"stargem-manager","timestamp":"2026-05-02 01:56:05"}
{"level":"info","message":"POST /api/users/presence/heartbeat 200 in 359ms :: {\"success\":true}","service":"stargem-manager","timestamp":"2026-05-02 01:56:07"}
{"level":"info","message":"GET /api/users/presence/active 200 in 519ms :: [{\"id\":\"admin-id\",\"username\":\"ad…","service":"stargem-manager","timestamp":"2026-05-02 01:56:11"}
{"level":"info","message":"GET /api/paid-trials 200 in 298ms","service":"stargem-manager","timestamp":"2026-05-02 01:56:15"}
{"level":"info","message":"GET /api/client-categories 200 in 301ms","service":"stargem-manager","timestamp":"2026-05-02 01:56:15"}
{"level":"info","message":"GET /api/free-trials 200 in 327ms","service":"stargem-manager","timestamp":"2026-05-02 01:56:15"}
{"level":"info","message":"GET /api/single-lessons 200 in 328ms","service":"stargem-manager","timestamp":"2026-05-02 01:56:15"}
{"level":"info","message":"GET /api/workshops 200 in 351ms","service":"stargem-manager","timestamp":"2026-05-02 01:56:15"}
{"level":"info","message":"GET /api/team-notes 304 in 379ms :: []","service":"stargem-manager","timestamp":"2026-05-02 01:56:15"}
{"level":"info","message":"GET /api/trainings 200 in 150ms","service":"stargem-manager","timestamp":"2026-05-02 01:56:15"}
{"level":"info","message":"GET /api/sunday-activities 200 in 179ms","service":"stargem-manager","timestamp":"2026-05-02 01:56:15"}
{"level":"info","message":"GET /api/campus-activities 200 in 177ms","service":"stargem-manager","timestamp":"2026-05-02 01:56:15"}
{"level":"info","message":"GET /api/individual-lessons 200 in 178ms","service":"stargem-manager","timestamp":"2026-05-02 01:56:15"}
{"level":"info","message":"GET /api/recitals 200 in 181ms","service":"stargem-manager","timestamp":"2026-05-02 01:56:15"}
{"level":"info","message":"GET /api/vacation-studies 200 in 156ms","service":"stargem-manager","timestamp":"2026-05-02 01:56:15"}
{"level":"info","message":"GET /api/knowledge 200 in 170ms","service":"stargem-manager","timestamp":"2026-05-02 01:56:15"}
{"level":"info","message":"GET /api/workshop-categories 200 in 158ms","service":"stargem-manager","timestamp":"2026-05-02 01:56:15"}
{"level":"info","message":"GET /api/sunday-categories 200 in 157ms","service":"stargem-manager","timestamp":"2026-05-02 01:56:15"}
{"level":"info","message":"GET /api/categories 200 in 185ms","service":"stargem-manager","timestamp":"2026-05-02 01:56:15"}
{"level":"info","message":"GET /api/individual-lesson-categories 200 in 157ms","service":"stargem-manager","timestamp":"2026-05-02 01:56:15"}
{"level":"info","message":"GET /api/training-categories 200 in 183ms","service":"stargem-manager","timestamp":"2026-05-02 01:56:15"}
{"level":"info","message":"GET /api/campus-categories 200 in 141ms","service":"stargem-manager","timestamp":"2026-05-02 01:56:15"}
{"level":"info","message":"GET /api/client-categories 200 in 180ms","service":"stargem-manager","timestamp":"2026-05-02 01:56:15"}
{"level":"info","message":"GET /api/vacation-categories 200 in 181ms","service":"stargem-manager","timestamp":"2026-05-02 01:56:15"}
{"level":"info","message":"GET /api/recital-categories 200 in 208ms","service":"stargem-manager","timestamp":"2026-05-02 01:56:15"}
{"level":"info","message":"GET /api/todos 304 in 234ms :: [{\"id\":1,\"text\":\"Implementare verifica SMS/Whats…","service":"stargem-manager","timestamp":"2026-05-02 01:56:16"}
{"level":"info","message":"GET /api/team-comments 304 in 236ms :: [{\"id\":20,\"authorId\":\"admin-id\",\"authorN…","service":"stargem-manager","timestamp":"2026-05-02 01:56:16"}
{"level":"info","message":"GET /api/gemteam/permessi/pending-count 304 in 238ms :: {\"count\":0}","service":"stargem-manager","timestamp":"2026-05-02 01:56:17"}
{"level":"info","message":"GET /api/client-categories 200 in 326ms","service":"stargem-manager","timestamp":"2026-05-02 01:56:25"}
{"level":"info","message":"GET /api/participant-types 500 in 358ms :: {\"message\":\"Failed to fetch particip…","service":"stargem-manager","timestamp":"2026-05-02 01:56:25"}
{"level":"info","message":"GET /api/team-notes 304 in 360ms :: []","service":"stargem-manager","timestamp":"2026-05-02 01:56:25"}
{"level":"info","message":"GET /api/members 304 in 424ms :: {\"members\":[{\"id\":15616,\"firstName\":\"LIA\",\"las…","service":"stargem-manager","timestamp":"2026-05-02 01:56:25"}
{"level":"info","message":"GET /api/payments 304 in 425ms :: []","service":"stargem-manager","timestamp":"2026-05-02 01:56:25"}
{"level":"info","message":"GET /api/enrollments 304 in 454ms :: [{\"id\":65,\"memberId\":14194,\"courseId\":7,\"p…","service":"stargem-manager","timestamp":"2026-05-02 01:56:25"}
{"level":"info","message":"GET /api/members 304 in 229ms :: {\"members\":[{\"id\":15616,\"firstName\":\"LIA\",\"las…","service":"stargem-manager","timestamp":"2026-05-02 01:56:25"}
{"level":"info","message":"GET /api/subscription-types 500 in 198ms :: {\"message\":\"Failed to fetch subscri…","service":"stargem-manager","timestamp":"2026-05-02 01:56:25"}
{"level":"info","message":"GET /api/members/counts-by-type 304 in 235ms :: {\"partecipanti\":\"4826\",\"staff\":…","service":"stargem-manager","timestamp":"2026-05-02 01:56:25"}
{"level":"info","message":"GET /api/members/missing-data 304 in 327ms :: {\"missingFiscalCode\":731,\"missing…","service":"stargem-manager","timestamp":"2026-05-02 01:56:25"}
{"level":"info","message":"GET /api/todos 304 in 242ms :: [{\"id\":1,\"text\":\"Implementare verifica SMS/Whats…","service":"stargem-manager","timestamp":"2026-05-02 01:56:26"}
{"level":"info","message":"GET /api/team-comments 304 in 244ms :: [{\"id\":20,\"authorId\":\"admin-id\",\"authorN…","service":"stargem-manager","timestamp":"2026-05-02 01:56:26"}
{"level":"info","message":"GET /api/users/presence/active 304 in 471ms :: [{\"id\":\"admin-id\",\"username\":\"ad…","service":"stargem-manager","timestamp":"2026-05-02 01:56:27"}
{"level":"info","message":"GET /api/seasons/active 304 in 302ms :: {\"id\":1,\"name\":\"Stagione 2025/2026\",\"de…","service":"stargem-manager","timestamp":"2026-05-02 01:56:29"}
{"level":"info","message":"GET /api/gempass/firme-all 304 in 329ms :: [{\"id\":1,\"memberId\":1,\"seasonId\":1,\"…","service":"stargem-manager","timestamp":"2026-05-02 01:56:29"}
{"level":"info","message":"GET /api/team-notes 304 in 356ms :: []","service":"stargem-manager","timestamp":"2026-05-02 01:56:29"}
{"level":"info","message":"GET /api/memberships 200 in 6959ms :: [{\"id\":15588,\"memberId\":14432,\"membership…","service":"stargem-manager","timestamp":"2026-05-02 01:56:35"}
{"level":"info","message":"GET /api/todos 304 in 281ms :: [{\"id\":1,\"text\":\"Implementare verifica SMS/Whats…","service":"stargem-manager","timestamp":"2026-05-02 01:56:36"}
{"level":"info","message":"GET /api/team-comments 304 in 302ms :: [{\"id\":20,\"authorId\":\"admin-id\",\"authorN…","service":"stargem-manager","timestamp":"2026-05-02 01:56:36"}
{"level":"info","message":"POST /api/users/presence/heartbeat 200 in 277ms :: {\"success\":true}","service":"stargem-manager","timestamp":"2026-05-02 01:56:37"}
{"level":"info","message":"GET /api/users/presence/active 200 in 542ms :: [{\"id\":\"admin-id\",\"username\":\"ad…","service":"stargem-manager","timestamp":"2026-05-02 01:56:42"}
{"level":"info","message":"GET /api/todos 304 in 299ms :: [{\"id\":1,\"text\":\"Implementare verifica SMS/Whats…","service":"stargem-manager","timestamp":"2026-05-02 01:56:47"}
{"level":"info","message":"GET /api/team-comments 304 in 311ms :: [{\"id\":20,\"authorId\":\"admin-id\",\"authorN…","service":"stargem-manager","timestamp":"2026-05-02 01:56:47"}
{"level":"info","message":"GET /api/team-notes 304 in 280ms :: []","service":"stargem-manager","timestamp":"2026-05-02 01:56:50"}
{"level":"info","message":"GET /api/members/entity-cards 304 in 257ms :: [{\"id\":2218,\"userId\":null,\"firstN…","service":"stargem-manager","timestamp":"2026-05-02 01:56:50"}
{"level":"info","message":"GET /api/medical-certificates 304 in 282ms :: [{\"id\":2471,\"memberId\":17092,\"iss…","service":"stargem-manager","timestamp":"2026-05-02 01:56:50"}
{"level":"info","message":"GET /api/members 304 in 308ms :: {\"members\":[{\"id\":15616,\"firstName\":\"LIA\",\"las…","service":"stargem-manager","timestamp":"2026-05-02 01:56:50"}
{"level":"info","message":"GET /api/team-notes 304 in 266ms :: [{\"id\":30,\"authorId\":\"admin-id\",\"authorName…","service":"stargem-manager","timestamp":"2026-05-02 01:56:56"}
{"level":"info","message":"GET /api/todos 304 in 272ms :: [{\"id\":1,\"text\":\"Implementare verifica SMS/Whats…","service":"stargem-manager","timestamp":"2026-05-02 01:56:57"}
{"level":"info","message":"GET /api/team-comments 304 in 269ms :: [{\"id\":20,\"authorId\":\"admin-id\",\"authorN…","service":"stargem-manager","timestamp":"2026-05-02 01:56:57"}
{"level":"info","message":"GET /api/free-trials 200 in 143ms","service":"stargem-manager","timestamp":"2026-05-02 01:56:57"}
{"level":"info","message":"GET /api/client-categories 200 in 147ms","service":"stargem-manager","timestamp":"2026-05-02 01:56:57"}
{"level":"info","message":"GET /api/workshops 200 in 170ms","service":"stargem-manager","timestamp":"2026-05-02 01:56:57"}
{"level":"info","message":"GET /api/paid-trials 200 in 195ms","service":"stargem-manager","timestamp":"2026-05-02 01:56:57"}
{"level":"info","message":"GET /api/single-lessons 200 in 196ms","service":"stargem-manager","timestamp":"2026-05-02 01:56:57"}
{"level":"info","message":"GET /api/team-notes 304 in 223ms :: []","service":"stargem-manager","timestamp":"2026-05-02 01:56:57"}
{"level":"info","message":"GET /api/trainings 200 in 165ms","service":"stargem-manager","timestamp":"2026-05-02 01:56:57"}
{"level":"info","message":"GET /api/sunday-activities 200 in 167ms","service":"stargem-manager","timestamp":"2026-05-02 01:56:57"}
{"level":"info","message":"GET /api/individual-lessons 200 in 165ms","service":"stargem-manager","timestamp":"2026-05-02 01:56:57"}
{"level":"info","message":"GET /api/recitals 200 in 162ms","service":"stargem-manager","timestamp":"2026-05-02 01:56:57"}
{"level":"info","message":"GET /api/campus-activities 200 in 163ms","service":"stargem-manager","timestamp":"2026-05-02 01:56:57"}
{"level":"info","message":"GET /api/vacation-studies 200 in 148ms","service":"stargem-manager","timestamp":"2026-05-02 01:56:57"}
{"level":"info","message":"GET /api/categories 200 in 130ms","service":"stargem-manager","timestamp":"2026-05-02 01:56:57"}
{"level":"info","message":"GET /api/knowledge 200 in 157ms","service":"stargem-manager","timestamp":"2026-05-02 01:56:57"}
{"level":"info","message":"GET /api/workshop-categories 200 in 148ms","service":"stargem-manager","timestamp":"2026-05-02 01:56:57"}
{"level":"info","message":"GET /api/training-categories 200 in 147ms","service":"stargem-manager","timestamp":"2026-05-02 01:56:57"}
{"level":"info","message":"GET /api/sunday-categories 200 in 153ms","service":"stargem-manager","timestamp":"2026-05-02 01:56:57"}
{"level":"info","message":"GET /api/individual-lesson-categories 200 in 169ms","service":"stargem-manager","timestamp":"2026-05-02 01:56:57"}
{"level":"info","message":"GET /api/campus-categories 200 in 136ms","service":"stargem-manager","timestamp":"2026-05-02 01:56:58"}
{"level":"info","message":"GET /api/recital-categories 200 in 138ms","service":"stargem-manager","timestamp":"2026-05-02 01:56:58"}
{"level":"info","message":"GET /api/vacation-categories 200 in 169ms","service":"stargem-manager","timestamp":"2026-05-02 01:56:58"}
{"level":"info","message":"GET /api/client-categories 200 in 196ms","service":"stargem-manager","timestamp":"2026-05-02 01:56:58"}
{"level":"info","message":"GET /api/users/presence/active 200 in 452ms :: [{\"id\":\"admin-id\",\"username\":\"ad…","service":"stargem-manager","timestamp":"2026-05-02 01:56:58"}
{"level":"info","message":"GET /api/team-notes 304 in 298ms :: []","service":"stargem-manager","timestamp":"2026-05-02 01:57:07"}
{"level":"info","message":"GET /api/webhook-logs 304 in 306ms :: [{\"id\":3,\"tenantId\":1,\"source\":\"woocommer…","service":"stargem-manager","timestamp":"2026-05-02 01:57:07"}
{"level":"info","message":"GET /api/todos 304 in 207ms :: [{\"id\":1,\"text\":\"Implementare verifica SMS/Whats…","service":"stargem-manager","timestamp":"2026-05-02 01:57:07"}
{"level":"info","message":"GET /api/team-comments 304 in 233ms :: [{\"id\":20,\"authorId\":\"admin-id\",\"authorN…","service":"stargem-manager","timestamp":"2026-05-02 01:57:07"}
{"level":"info","message":"POST /api/users/presence/heartbeat 200 in 523ms :: {\"success\":true}","service":"stargem-manager","timestamp":"2026-05-02 01:57:07"}
{"level":"info","message":"GET /api/wc-product-mapping 200 in 269ms","service":"stargem-manager","timestamp":"2026-05-02 01:57:13"}
{"level":"info","message":"GET /api/team-notes 304 in 321ms :: []","service":"stargem-manager","timestamp":"2026-05-02 01:57:13"}
{"level":"info","message":"GET /api/users/presence/active 200 in 399ms :: [{\"id\":\"admin-id\",\"username\":\"ad…","service":"stargem-manager","timestamp":"2026-05-02 01:57:13"}
{"level":"info","message":"GET /api/wc-product-mapping 200 in 144ms","service":"stargem-manager","timestamp":"2026-05-02 01:57:14"}
{"level":"info","message":"GET /api/sunday-activities 200 in 163ms","service":"stargem-manager","timestamp":"2026-05-02 01:57:14"}
{"level":"info","message":"GET /api/free-trials 200 in 164ms","service":"stargem-manager","timestamp":"2026-05-02 01:57:14"}
{"level":"info","message":"GET /api/workshops 200 in 165ms","service":"stargem-manager","timestamp":"2026-05-02 01:57:14"}
{"level":"info","message":"GET /api/paid-trials 200 in 165ms","service":"stargem-manager","timestamp":"2026-05-02 01:57:14"}
{"level":"info","message":"GET /api/single-lessons 200 in 190ms","service":"stargem-manager","timestamp":"2026-05-02 01:57:14"}
{"level":"info","message":"GET /api/trainings 200 in 193ms","service":"stargem-manager","timestamp":"2026-05-02 01:57:14"}
{"level":"info","message":"GET /api/campus-activities 200 in 131ms","service":"stargem-manager","timestamp":"2026-05-02 01:57:15"}
{"level":"info","message":"GET /api/vacation-studies 200 in 166ms","service":"stargem-manager","timestamp":"2026-05-02 01:57:15"}
{"level":"info","message":"GET /api/recitals 200 in 167ms","service":"stargem-manager","timestamp":"2026-05-02 01:57:15"}
{"level":"info","message":"GET /api/individual-lessons 200 in 169ms","service":"stargem-manager","timestamp":"2026-05-02 01:57:15"}
{"level":"info","message":"GET /api/workshop-enrollments 200 in 163ms","service":"stargem-manager","timestamp":"2026-05-02 01:57:15"}
{"level":"info","message":"GET /api/payment-methods 500 in 222ms :: {\"message\":\"Failed to fetch payment me…","service":"stargem-manager","timestamp":"2026-05-02 01:57:15"}
{"level":"info","message":"GET /api/team-notes 304 in 267ms :: []","service":"stargem-manager","timestamp":"2026-05-02 01:57:15"}
{"level":"info","message":"GET /api/studio-bookings 304 in 262ms :: []","service":"stargem-manager","timestamp":"2026-05-02 01:57:15"}
{"level":"info","message":"GET /api/enrollments 304 in 404ms :: [{\"id\":256,\"memberId\":14240,\"courseId\":385…","service":"stargem-manager","timestamp":"2026-05-02 01:57:15"}
{"level":"info","message":"GET /api/workshops 200 in 219ms","service":"stargem-manager","timestamp":"2026-05-02 01:57:16"}
{"level":"info","message":"GET /api/payment-methods 500 in 221ms :: {\"message\":\"Failed to fetch payment me…","service":"stargem-manager","timestamp":"2026-05-02 01:57:16"}
{"level":"info","message":"GET /api/team-notes 304 in 271ms :: []","service":"stargem-manager","timestamp":"2026-05-02 01:57:16"}
{"level":"info","message":"GET /api/seasons 304 in 295ms :: [{\"id\":2,\"name\":\"2026/2027\",\"description\":null…","service":"stargem-manager","timestamp":"2026-05-02 01:57:16"}
{"level":"info","message":"GET /api/todos 304 in 243ms :: [{\"id\":1,\"text\":\"Implementare verifica SMS/Whats…","service":"stargem-manager","timestamp":"2026-05-02 01:57:17"}
{"level":"info","message":"GET /api/team-comments 304 in 217ms :: [{\"id\":20,\"authorId\":\"admin-id\",\"authorN…","service":"stargem-manager","timestamp":"2026-05-02 01:57:17"}
{"level":"info","message":"GET /api/gemteam/permessi/pending-count 304 in 177ms :: {\"count\":0}","service":"stargem-manager","timestamp":"2026-05-02 01:57:18"}
{"level":"info","message":"GET /api/team-notes 304 in 247ms :: []","service":"stargem-manager","timestamp":"2026-05-02 01:57:19"}
{"level":"info","message":"GET /api/custom-reports 304 in 301ms :: []","service":"stargem-manager","timestamp":"2026-05-02 01:57:19"}
{"level":"info","message":"GET /api/stats/reports 304 in 957ms :: {\"totalMembers\":4918,\"newMembersThisMont…","service":"stargem-manager","timestamp":"2026-05-02 01:57:20"}
{"level":"info","message":"GET /api/campus-categories 200 in 318ms","service":"stargem-manager","timestamp":"2026-05-02 01:57:24"}
{"level":"info","message":"GET /api/training-categories 200 in 318ms","service":"stargem-manager","timestamp":"2026-05-02 01:57:24"}
{"level":"info","message":"GET /api/individual-lesson-categories 200 in 320ms","service":"stargem-manager","timestamp":"2026-05-02 01:57:24"}
{"level":"info","message":"GET /api/rental-categories 200 in 319ms","service":"stargem-manager","timestamp":"2026-05-02 01:57:24"}
{"level":"info","message":"GET /api/sunday-categories 200 in 353ms","service":"stargem-manager","timestamp":"2026-05-02 01:57:24"}
{"level":"info","message":"GET /api/team-notes 304 in 380ms :: []","service":"stargem-manager","timestamp":"2026-05-02 01:57:24"}
{"level":"info","message":"GET /api/recital-categories 200 in 165ms","service":"stargem-manager","timestamp":"2026-05-02 01:57:24"}
{"level":"info","message":"GET /api/booking-service-categories 200 in 165ms","service":"stargem-manager","timestamp":"2026-05-02 01:57:24"}
{"level":"info","message":"GET /api/vacation-categories 200 in 167ms","service":"stargem-manager","timestamp":"2026-05-02 01:57:24"}
{"level":"info","message":"GET /api/merchandising-categories 200 in 166ms","service":"stargem-manager","timestamp":"2026-05-02 01:57:24"}
{"level":"info","message":"GET /api/workshop-categories 200 in 195ms","service":"stargem-manager","timestamp":"2026-05-02 01:57:25"}
{"level":"info","message":"GET /api/courses 304 in 297ms :: [{\"id\":802,\"sku\":\"2526AMBER-ALDRIN15MA\",\"name\"…","service":"stargem-manager","timestamp":"2026-05-02 01:57:25"}
{"level":"info","message":"GET /api/custom-lists/categorie 304 in 268ms :: {\"id\":23,\"name\":\"Categorie\",\"sy…","service":"stargem-manager","timestamp":"2026-05-02 01:57:25"}
{"level":"info","message":"GET /api/todos 304 in 340ms :: [{\"id\":1,\"text\":\"Implementare verifica SMS/Whats…","service":"stargem-manager","timestamp":"2026-05-02 01:57:28"}
{"level":"info","message":"GET /api/team-comments 304 in 341ms :: [{\"id\":20,\"authorId\":\"admin-id\",\"authorN…","service":"stargem-manager","timestamp":"2026-05-02 01:57:28"}
{"level":"info","message":"GET /api/users/presence/active 304 in 484ms :: [{\"id\":\"admin-id\",\"username\":\"ad…","service":"stargem-manager","timestamp":"2026-05-02 01:57:29"}
{"level":"info","message":"GET /api/individual-lesson-categories 200 in 122ms","service":"stargem-manager","timestamp":"2026-05-02 01:57:29"}
{"level":"info","message":"GET /api/activity-statuses 304 in 198ms :: [{\"id\":5,\"name\":\"APERTO\",\"color\":\"#2…","service":"stargem-manager","timestamp":"2026-05-02 01:57:29"}
{"level":"info","message":"GET /api/custom-lists/stato_corso 304 in 199ms :: {\"id\":34,\"name\":\"Stato Corso\"…","service":"stargem-manager","timestamp":"2026-05-02 01:57:29"}
{"level":"info","message":"GET /api/team-notes 304 in 199ms :: []","service":"stargem-manager","timestamp":"2026-05-02 01:57:29"}
{"level":"info","message":"GET /api/courses 304 in 231ms :: [{\"id\":560,\"sku\":\"2526LEZINDIVIDUALE\",\"name\":\"…","service":"stargem-manager","timestamp":"2026-05-02 01:57:29"}
{"level":"info","message":"GET /api/custom-lists/genere 304 in 226ms :: {\"id\":21,\"name\":\"Generi Workshop\",…","service":"stargem-manager","timestamp":"2026-05-02 01:57:29"}
{"level":"info","message":"GET /api/members 304 in 567ms :: {\"members\":[{\"id\":15616,\"firstName\":\"LIA\",\"las…","service":"stargem-manager","timestamp":"2026-05-02 01:57:29"}
{"level":"info","message":"GET /api/training-categories 200 in 296ms","service":"stargem-manager","timestamp":"2026-05-02 01:57:33"}
{"level":"info","message":"GET /api/individual-lesson-categories 200 in 296ms","service":"stargem-manager","timestamp":"2026-05-02 01:57:33"}
{"level":"info","message":"GET /api/rental-categories 200 in 296ms","service":"stargem-manager","timestamp":"2026-05-02 01:57:33"}
{"level":"info","message":"GET /api/sunday-categories 200 in 297ms","service":"stargem-manager","timestamp":"2026-05-02 01:57:33"}
{"level":"info","message":"GET /api/campus-categories 200 in 321ms","service":"stargem-manager","timestamp":"2026-05-02 01:57:33"}
{"level":"info","message":"GET /api/recital-categories 200 in 326ms","service":"stargem-manager","timestamp":"2026-05-02 01:57:33"}
{"level":"info","message":"GET /api/merchandising-categories 200 in 127ms","service":"stargem-manager","timestamp":"2026-05-02 01:57:33"}
{"level":"info","message":"GET /api/booking-service-categories 200 in 159ms","service":"stargem-manager","timestamp":"2026-05-02 01:57:34"}
{"level":"info","message":"GET /api/workshop-categories 200 in 184ms","service":"stargem-manager","timestamp":"2026-05-02 01:57:34"}
{"level":"info","message":"GET /api/vacation-categories 200 in 184ms","service":"stargem-manager","timestamp":"2026-05-02 01:57:34"}
{"level":"info","message":"POST /api/users/presence/heartbeat 200 in 396ms :: {\"success\":true}","service":"stargem-manager","timestamp":"2026-05-02 01:57:37"}
{"level":"info","message":"GET /api/custom-lists/campus 304 in 230ms :: {\"id\":22,\"name\":\"Campus\",\"systemNa…","service":"stargem-manager","timestamp":"2026-05-02 01:57:37"}
{"level":"info","message":"GET /api/custom-lists/nomi_corsi 304 in 235ms :: {\"id\":15,\"name\":\"Generi Corsi\"…","service":"stargem-manager","timestamp":"2026-05-02 01:57:37"}
{"level":"info","message":"GET /api/custom-lists/posti_disponibili 304 in 257ms :: {\"id\":14,\"name\":\"Posti …","service":"stargem-manager","timestamp":"2026-05-02 01:57:37"}
{"level":"info","message":"GET /api/custom-lists/numero_persone 304 in 283ms :: {\"id\":25,\"name\":\"Numero Pe…","service":"stargem-manager","timestamp":"2026-05-02 01:57:37"}
{"level":"info","message":"GET /api/custom-lists/livello 304 in 284ms :: {\"id\":5,\"name\":\"Livello\",\"systemN…","service":"stargem-manager","timestamp":"2026-05-02 01:57:37"}
{"level":"info","message":"GET /api/custom-lists/fascia_eta 304 in 310ms :: {\"id\":6,\"name\":\"Fascia età\",\"s…","service":"stargem-manager","timestamp":"2026-05-02 01:57:37"}
{"level":"info","message":"GET /api/custom-lists/pacchetti_prenotazioni 304 in 206ms :: {\"items\":[]}","service":"stargem-manager","timestamp":"2026-05-02 01:57:38"}
{"level":"info","message":"GET /api/team-notes 304 in 229ms :: []","service":"stargem-manager","timestamp":"2026-05-02 01:57:38"}
{"level":"info","message":"GET /api/courses 304 in 282ms :: [{\"id\":827,\"sku\":\"2526GEDDOVEN20\",\"name\":\"Cors…","service":"stargem-manager","timestamp":"2026-05-02 01:57:38"}
{"level":"info","message":"GET /api/attendances 304 in 284ms :: []","service":"stargem-manager","timestamp":"2026-05-02 01:57:38"}
{"level":"info","message":"GET /api/todos 304 in 164ms :: [{\"id\":1,\"text\":\"Implementare verifica SMS/Whats…","service":"stargem-manager","timestamp":"2026-05-02 01:57:38"}
{"level":"info","message":"GET /api/team-comments 304 in 170ms :: [{\"id\":20,\"authorId\":\"admin-id\",\"authorN…","service":"stargem-manager","timestamp":"2026-05-02 01:57:38"}
{"level":"info","message":"GET /api/payment-methods 500 in 345ms :: {\"message\":\"Failed to fetch payment me…","service":"stargem-manager","timestamp":"2026-05-02 01:57:41"}
{"level":"info","message":"GET /api/team-notes 304 in 393ms :: []","service":"stargem-manager","timestamp":"2026-05-02 01:57:41"}
{"level":"info","message":"GET /api/campus-categories 200 in 269ms","service":"stargem-manager","timestamp":"2026-05-02 01:57:43"}
{"level":"info","message":"GET /api/team-notes 304 in 345ms :: []","service":"stargem-manager","timestamp":"2026-05-02 01:57:43"}
{"level":"info","message":"GET /api/courses 304 in 398ms :: [{\"id\":813,\"sku\":\"2526CAMPUSDANZAS2\",\"name\":\"C…","service":"stargem-manager","timestamp":"2026-05-02 01:57:43"}
{"level":"info","message":"GET /api/users/presence/active 200 in 483ms :: [{\"id\":\"admin-id\",\"username\":\"ad…","service":"stargem-manager","timestamp":"2026-05-02 01:57:44"}
{"level":"info","message":"GET /api/team-notes 304 in 177ms :: []","service":"stargem-manager","timestamp":"2026-05-02 01:57:45"}
{"level":"info","message":"GET /api/courses 304 in 254ms :: []","service":"stargem-manager","timestamp":"2026-05-02 01:57:45"}
{"level":"info","message":"GET /api/courses 304 in 253ms :: [{\"id\":529,\"sku\":\"2526ALLENAMENTO\",\"name\":\"All…","service":"stargem-manager","timestamp":"2026-05-02 01:57:45"}
{"level":"info","message":"GET /api/courses 304 in 253ms :: []","service":"stargem-manager","timestamp":"2026-05-02 01:57:45"}
{"level":"info","message":"GET /api/courses 304 in 254ms :: [{\"id\":827,\"sku\":\"2526GEDDOVEN20\",\"name\":\"Cors…","service":"stargem-manager","timestamp":"2026-05-02 01:57:45"}
{"level":"info","message":"GET /api/courses 304 in 256ms :: []","service":"stargem-manager","timestamp":"2026-05-02 01:57:45"}
{"level":"info","message":"GET /api/enrollments 304 in 257ms :: [{\"id\":12454,\"memberId\":18192,\"courseId\":5…","service":"stargem-manager","timestamp":"2026-05-02 01:57:45"}
{"level":"info","message":"GET /api/courses 304 in 212ms :: [{\"id\":807,\"sku\":\"2526KUQI15MAR - A\",\"name\":\"D…","service":"stargem-manager","timestamp":"2026-05-02 01:57:45"}
{"level":"info","message":"GET /api/courses 304 in 214ms :: [{\"id\":810,\"sku\":\"PROVA2526CRUZMAR12\",\"name\":\"…","service":"stargem-manager","timestamp":"2026-05-02 01:57:45"}
{"level":"info","message":"GET /api/courses 304 in 265ms :: [{\"id\":813,\"sku\":\"2526CAMPUSDANZAS2\",\"name\":\"C…","service":"stargem-manager","timestamp":"2026-05-02 01:57:45"}
{"level":"info","message":"GET /api/courses 304 in 266ms :: [{\"id\":560,\"sku\":\"2526LEZINDIVIDUALE\",\"name\":\"…","service":"stargem-manager","timestamp":"2026-05-02 01:57:45"}
{"level":"info","message":"GET /api/enrollments 304 in 296ms :: [{\"id\":65,\"memberId\":14194,\"courseId\":7,\"p…","service":"stargem-manager","timestamp":"2026-05-02 01:57:45"}
{"level":"info","message":"GET /api/courses 304 in 219ms :: []","service":"stargem-manager","timestamp":"2026-05-02 01:57:45"}
{"level":"info","message":"GET /api/courses 304 in 236ms :: []","service":"stargem-manager","timestamp":"2026-05-02 01:57:45"}
{"level":"info","message":"GET /api/enrollments 304 in 245ms :: []","service":"stargem-manager","timestamp":"2026-05-02 01:57:45"}
{"level":"info","message":"GET /api/enrollments 304 in 224ms :: []","service":"stargem-manager","timestamp":"2026-05-02 01:57:46"}
{"level":"info","message":"GET /api/enrollments 304 in 246ms :: [{\"id\":6133,\"memberId\":18311,\"courseId\":53…","service":"stargem-manager","timestamp":"2026-05-02 01:57:46"}
{"level":"info","message":"GET /api/enrollments 304 in 224ms :: []","service":"stargem-manager","timestamp":"2026-05-02 01:57:46"}
{"level":"info","message":"GET /api/enrollments 304 in 223ms :: [{\"id\":6929,\"memberId\":17989,\"courseId\":56…","service":"stargem-manager","timestamp":"2026-05-02 01:57:46"}
{"level":"info","message":"GET /api/enrollments 304 in 214ms :: [{\"id\":10586,\"memberId\":14957,\"courseId\":7…","service":"stargem-manager","timestamp":"2026-05-02 01:57:46"}
{"level":"info","message":"GET /api/enrollments 304 in 229ms :: []","service":"stargem-manager","timestamp":"2026-05-02 01:57:46"}
{"level":"info","message":"GET /api/enrollments 304 in 215ms :: []","service":"stargem-manager","timestamp":"2026-05-02 01:57:46"}
{"level":"info","message":"GET /api/enrollments 304 in 254ms :: [{\"id\":7224,\"memberId\":14186,\"courseId\":56…","service":"stargem-manager","timestamp":"2026-05-02 01:57:46"}
{"level":"info","message":"GET /api/enrollments 304 in 257ms :: [{\"id\":6071,\"memberId\":15573,\"courseId\":52…","service":"stargem-manager","timestamp":"2026-05-02 01:57:46"}
{"level":"info","message":"GET /api/workshops 200 in 230ms","service":"stargem-manager","timestamp":"2026-05-02 01:57:47"}
{"level":"info","message":"GET /api/workshop-attendances 200 in 256ms","service":"stargem-manager","timestamp":"2026-05-02 01:57:47"}
{"level":"info","message":"GET /api/payment-methods 500 in 258ms :: {\"message\":\"Failed to fetch payment me…","service":"stargem-manager","timestamp":"2026-05-02 01:57:47"}
{"level":"info","message":"GET /api/config/center-hours 304 in 286ms :: {\"start\":\"07:00\",\"end\":\"23:30\",\"da…","service":"stargem-manager","timestamp":"2026-05-02 01:57:47"}
{"level":"info","message":"GET /api/team-notes 304 in 287ms :: []","service":"stargem-manager","timestamp":"2026-05-02 01:57:47"}
{"level":"info","message":"GET /api/custom-lists/tag_interni 304 in 313ms :: {\"id\":35,\"name\":\"Interno Cors…","service":"stargem-manager","timestamp":"2026-05-02 01:57:47"}
{"level":"info","message":"GET /api/workshops 200 in 167ms","service":"stargem-manager","timestamp":"2026-05-02 01:57:47"}
{"level":"info","message":"GET /api/strategic-events 304 in 263ms :: [{\"id\":48,\"title\":\"Ferragosto\",\"descr…","service":"stargem-manager","timestamp":"2026-05-02 01:57:47"}
{"level":"info","message":"GET /api/courses 304 in 265ms :: [{\"id\":845,\"sku\":\"2627MALINMER17\",\"name\":\"Danz…","service":"stargem-manager","timestamp":"2026-05-02 01:57:47"}
{"level":"info","message":"GET /api/strategic-events 304 in 264ms :: [{\"id\":61,\"title\":\"Ferragosto\",\"descr…","service":"stargem-manager","timestamp":"2026-05-02 01:57:47"}
{"level":"info","message":"GET /api/strategic-events/closed-days 304 in 248ms :: {\"closedDays\":[\"2026-11-0…","service":"stargem-manager","timestamp":"2026-05-02 01:57:47"}
{"level":"info","message":"GET /api/courses 304 in 259ms :: [{\"id\":827,\"sku\":\"2526GEDDOVEN20\",\"name\":\"Cors…","service":"stargem-manager","timestamp":"2026-05-02 01:57:47"}
{"level":"info","message":"GET /api/courses 304 in 275ms :: [{\"id\":845,\"sku\":\"2627MALINMER17\",\"name\":\"Danz…","service":"stargem-manager","timestamp":"2026-05-02 01:57:47"}
{"level":"info","message":"GET /api/courses 304 in 220ms :: [{\"id\":845,\"sku\":\"2627MALINMER17\",\"name\":\"Danz…","service":"stargem-manager","timestamp":"2026-05-02 01:57:47"}
{"level":"info","message":"GET /api/todos 304 in 167ms :: [{\"id\":1,\"text\":\"Implementare verifica SMS/Whats…","service":"stargem-manager","timestamp":"2026-05-02 01:57:48"}
{"level":"info","message":"GET /api/team-comments 304 in 168ms :: [{\"id\":20,\"authorId\":\"admin-id\",\"authorN…","service":"stargem-manager","timestamp":"2026-05-02 01:57:48"}
{"level":"info","message":"GET /api/todos 304 in 294ms :: [{\"id\":1,\"text\":\"Implementare verifica SMS/Whats…","service":"stargem-manager","timestamp":"2026-05-02 01:57:58"}
{"level":"info","message":"GET /api/team-comments 304 in 210ms :: [{\"id\":20,\"authorId\":\"admin-id\",\"authorN…","service":"stargem-manager","timestamp":"2026-05-02 01:57:58"}
{"level":"info","message":"GET /api/users/presence/active 304 in 525ms :: [{\"id\":\"admin-id\",\"username\":\"ad…","service":"stargem-manager","timestamp":"2026-05-02 01:58:00"}
{"level":"info","message":"POST /api/users/presence/heartbeat 200 in 401ms :: {\"success\":true}","service":"stargem-manager","timestamp":"2026-05-02 01:58:07"}
{"level":"info","message":"GET /api/todos 304 in 299ms :: [{\"id\":1,\"text\":\"Implementare verifica SMS/Whats…","service":"stargem-manager","timestamp":"2026-05-02 01:58:09"}
{"level":"info","message":"GET /api/team-comments 304 in 272ms :: [{\"id\":20,\"authorId\":\"admin-id\",\"authorN…","service":"stargem-manager","timestamp":"2026-05-02 01:58:09"}
{"level":"info","message":"GET /api/users/presence/active 200 in 537ms :: [{\"id\":\"admin-id\",\"username\":\"ad…","service":"stargem-manager","timestamp":"2026-05-02 01:58:15"}
{"level":"info","message":"GET /api/gemteam/permessi/pending-count 304 in 247ms :: {\"count\":0}","service":"stargem-manager","timestamp":"2026-05-02 01:58:18"}
{"level":"info","message":"GET /api/todos 304 in 298ms :: [{\"id\":1,\"text\":\"Implementare verifica SMS/Whats…","service":"stargem-manager","timestamp":"2026-05-02 01:58:19"}
{"level":"info","message":"GET /api/team-comments 304 in 296ms :: [{\"id\":20,\"authorId\":\"admin-id\",\"authorN…","service":"stargem-manager","timestamp":"2026-05-02 01:58:19"}
{"level":"info","message":"GET /api/sunday-activities 200 in 299ms","service":"stargem-manager","timestamp":"2026-05-02 01:58:25"}
{"level":"info","message":"GET /api/recitals 200 in 304ms","service":"stargem-manager","timestamp":"2026-05-02 01:58:25"}
{"level":"info","message":"GET /api/workshops 200 in 305ms","service":"stargem-manager","timestamp":"2026-05-02 01:58:25"}
{"level":"info","message":"GET /api/campus 200 in 306ms","service":"stargem-manager","timestamp":"2026-05-02 01:58:25"}
{"level":"info","message":"GET /api/team-notes 304 in 337ms :: []","service":"stargem-manager","timestamp":"2026-05-02 01:58:25"}
{"level":"info","message":"GET /api/vacation-studies 200 in 138ms","service":"stargem-manager","timestamp":"2026-05-02 01:58:25"}
{"level":"info","message":"GET /api/strategic-events 304 in 178ms :: [{\"id\":61,\"title\":\"Ferragosto\",\"descr…","service":"stargem-manager","timestamp":"2026-05-02 01:58:25"}
{"level":"info","message":"GET /api/activities-unified-preview 304 in 823ms :: [{\"id\":\"course_7_2025-09-01…","service":"stargem-manager","timestamp":"2026-05-02 01:58:25"}
{"level":"info","message":"GET /api/todos 304 in 299ms :: [{\"id\":1,\"text\":\"Implementare verifica SMS/Whats…","service":"stargem-manager","timestamp":"2026-05-02 01:58:29"}
{"level":"info","message":"GET /api/team-comments 304 in 297ms :: [{\"id\":20,\"authorId\":\"admin-id\",\"authorN…","service":"stargem-manager","timestamp":"2026-05-02 01:58:29"}
{"level":"info","message":"GET /api/users/presence/active 304 in 492ms :: [{\"id\":\"admin-id\",\"username\":\"ad…","service":"stargem-manager","timestamp":"2026-05-02 01:58:31"}
{"level":"info","message":"POST /api/users/presence/heartbeat 200 in 544ms :: {\"success\":true}","service":"stargem-manager","timestamp":"2026-05-02 01:58:37"}
{"level":"info","message":"GET /api/team-notes 304 in 359ms :: []","service":"stargem-manager","timestamp":"2026-05-02 01:58:38"}
{"level":"info","message":"GET /api/user 200 in 137ms :: {\"id\":\"admin-id\",\"username\":\"admin\",\"password\":\"d…","service":"stargem-manager","timestamp":"2026-05-02 01:58:44"}
{"level":"info","message":"GET /api/latest-activity 304 in 211ms :: {\"id\":2597,\"userId\":\"admin-id\",\"action…","service":"stargem-manager","timestamp":"2026-05-02 01:58:44"}
{"level":"info","message":"GET /api/gemteam/permessi/pending-count 304 in 214ms :: {\"count\":0}","service":"stargem-manager","timestamp":"2026-05-02 01:58:44"}
{"level":"info","message":"GET /api/activities-summary 304 in 252ms :: {\"corsi\":{\"total\":314,\"active\":294}…","service":"stargem-manager","timestamp":"2026-05-02 01:58:44"}
{"level":"info","message":"GET /api/team-notes 304 in 377ms :: []","service":"stargem-manager","timestamp":"2026-05-02 01:58:44"}
{"level":"info","message":"GET /api/users/presence/active 200 in 503ms :: [{\"id\":\"admin-id\",\"username\":\"ad…","service":"stargem-manager","timestamp":"2026-05-02 01:58:44"}
{"level":"info","message":"GET /api/todos 304 in 359ms :: [{\"id\":1,\"text\":\"Implementare verifica SMS/Whats…","service":"stargem-manager","timestamp":"2026-05-02 01:58:44"}
{"level":"info","message":"GET /api/strategic-events 304 in 291ms :: [{\"id\":61,\"title\":\"Ferragosto\",\"descr…","service":"stargem-manager","timestamp":"2026-05-02 01:58:44"}
{"level":"info","message":"GET /api/team-comments 304 in 371ms :: [{\"id\":20,\"authorId\":\"admin-id\",\"authorN…","service":"stargem-manager","timestamp":"2026-05-02 01:58:44"}
{"level":"info","message":"POST /api/users/presence/heartbeat 200 in 513ms :: {\"success\":true}","service":"stargem-manager","timestamp":"2026-05-02 01:58:44"}
{"level":"info","message":"GET /api/seasons 304 in 252ms :: [{\"id\":2,\"name\":\"2026/2027\",\"description\":null…","service":"stargem-manager","timestamp":"2026-05-02 01:58:44"}
{"level":"info","message":"GET /api/todos 304 in 297ms :: [{\"id\":1,\"text\":\"Implementare verifica SMS/Whats…","service":"stargem-manager","timestamp":"2026-05-02 01:58:55"}
{"level":"info","message":"GET /api/team-comments 304 in 240ms :: [{\"id\":20,\"authorId\":\"admin-id\",\"authorN…","service":"stargem-manager","timestamp":"2026-05-02 01:58:55"}
{"level":"info","message":"GET /api/workshops 200 in 276ms","service":"stargem-manager","timestamp":"2026-05-02 01:58:57"}
{"level":"info","message":"GET /api/sunday-activities 200 in 283ms","service":"stargem-manager","timestamp":"2026-05-02 01:58:57"}
{"level":"info","message":"GET /api/recitals 200 in 306ms","service":"stargem-manager","timestamp":"2026-05-02 01:58:57"}
{"level":"info","message":"GET /api/campus 200 in 307ms","service":"stargem-manager","timestamp":"2026-05-02 01:58:57"}
{"level":"info","message":"GET /api/team-notes 304 in 353ms :: []","service":"stargem-manager","timestamp":"2026-05-02 01:58:57"}
{"level":"info","message":"GET /api/vacation-studies 200 in 141ms","service":"stargem-manager","timestamp":"2026-05-02 01:58:57"}
{"level":"info","message":"GET /api/booking-services 304 in 182ms :: [{\"id\":8,\"name\":\"Lezione Zaccaria\",\"d…","service":"stargem-manager","timestamp":"2026-05-02 01:58:57"}
{"level":"info","message":"GET /api/activities-unified-preview 304 in 835ms :: [{\"id\":\"course_7_2025-09-01…","service":"stargem-manager","timestamp":"2026-05-02 01:58:57"}
{"level":"info","message":"GET /api/users/presence/active 200 in 502ms :: [{\"id\":\"admin-id\",\"username\":\"ad…","service":"stargem-manager","timestamp":"2026-05-02 01:59:00"}
{"level":"info","message":"GET /api/config/center-hours 304 in 335ms :: {\"start\":\"07:00\",\"end\":\"23:30\",\"da…","service":"stargem-manager","timestamp":"2026-05-02 01:59:02"}
{"level":"info","message":"GET /api/team-notes 304 in 336ms :: []","service":"stargem-manager","timestamp":"2026-05-02 01:59:02"}
{"level":"info","message":"GET /api/custom-lists/genere 304 in 377ms :: {\"id\":21,\"name\":\"Generi Workshop\",…","service":"stargem-manager","timestamp":"2026-05-02 01:59:02"}
{"level":"info","message":"GET /api/custom-lists/categorie 304 in 376ms :: {\"id\":23,\"name\":\"Categorie\",\"sy…","service":"stargem-manager","timestamp":"2026-05-02 01:59:02"}
{"level":"info","message":"GET /api/studios 304 in 377ms :: [{\"id\":10,\"name\":\"STUDIO 01 (80mq)\",\"floor\":\"\"…","service":"stargem-manager","timestamp":"2026-05-02 01:59:02"}
{"level":"info","message":"GET /api/courses 304 in 402ms :: [{\"id\":827,\"sku\":\"2526GEDDOVEN20\",\"name\":\"Cors…","service":"stargem-manager","timestamp":"2026-05-02 01:59:02"}
{"level":"info","message":"GET /api/workshops 200 in 160ms","service":"stargem-manager","timestamp":"2026-05-02 01:59:02"}
{"level":"info","message":"GET /api/payment-methods 500 in 207ms :: {\"message\":\"Failed to fetch payment me…","service":"stargem-manager","timestamp":"2026-05-02 01:59:02"}
{"level":"info","message":"GET /api/quotes 304 in 200ms :: [{\"id\":27,\"name\":\"sconto 20\",\"amount\":\"20.00\",\"…","service":"stargem-manager","timestamp":"2026-05-02 01:59:02"}
{"level":"info","message":"GET /api/instructors 304 in 203ms :: [{\"id\":2336,\"userId\":null,\"firstName\":\"ANT…","service":"stargem-manager","timestamp":"2026-05-02 01:59:02"}
{"level":"info","message":"GET /api/studio-bookings 304 in 275ms :: []","service":"stargem-manager","timestamp":"2026-05-02 01:59:02"}
{"level":"info","message":"GET /api/enrollments 304 in 370ms :: [{\"id\":256,\"memberId\":14240,\"courseId\":385…","service":"stargem-manager","timestamp":"2026-05-02 01:59:02"}
{"level":"info","message":"GET /api/workshop-attendances 200 in 191ms","service":"stargem-manager","timestamp":"2026-05-02 01:59:02"}
{"level":"info","message":"GET /api/strategic-events 304 in 269ms :: [{\"id\":48,\"title\":\"Ferragosto\",\"descr…","service":"stargem-manager","timestamp":"2026-05-02 01:59:02"}
{"level":"info","message":"GET /api/custom-lists/stato_corso 304 in 268ms :: {\"id\":34,\"name\":\"Stato Corso\"…","service":"stargem-manager","timestamp":"2026-05-02 01:59:03"}
{"level":"info","message":"GET /api/custom-lists/tag_interni 304 in 265ms :: {\"id\":35,\"name\":\"Interno Cors…","service":"stargem-manager","timestamp":"2026-05-02 01:59:03"}
{"level":"info","message":"GET /api/workshops 200 in 146ms","service":"stargem-manager","timestamp":"2026-05-02 01:59:03"}
{"level":"info","message":"GET /api/members 304 in 254ms :: {\"members\":[{\"id\":15616,\"firstName\":\"LIA\",\"las…","service":"stargem-manager","timestamp":"2026-05-02 01:59:03"}
{"level":"info","message":"GET /api/strategic-events 304 in 231ms :: [{\"id\":61,\"title\":\"Ferragosto\",\"descr…","service":"stargem-manager","timestamp":"2026-05-02 01:59:03"}
{"level":"info","message":"GET /api/courses 304 in 212ms :: [{\"id\":845,\"sku\":\"2627MALINMER17\",\"name\":\"Danz…","service":"stargem-manager","timestamp":"2026-05-02 01:59:03"}
{"level":"info","message":"GET /api/custom-lists/nomi_corsi 304 in 205ms :: {\"id\":15,\"name\":\"Generi Corsi\"…","service":"stargem-manager","timestamp":"2026-05-02 01:59:03"}
{"level":"info","message":"GET /api/courses 304 in 235ms :: [{\"id\":827,\"sku\":\"2526GEDDOVEN20\",\"name\":\"Cors…","service":"stargem-manager","timestamp":"2026-05-02 01:59:03"}
{"level":"info","message":"GET /api/custom-lists/posti_disponibili 304 in 240ms :: {\"id\":14,\"name\":\"Posti …","service":"stargem-manager","timestamp":"2026-05-02 01:59:03"}
{"level":"info","message":"GET /api/custom-lists/fascia_eta 304 in 202ms :: {\"id\":6,\"name\":\"Fascia età\",\"s…","service":"stargem-manager","timestamp":"2026-05-02 01:59:03"}
{"level":"info","message":"GET /api/custom-lists/livello 304 in 246ms :: {\"id\":5,\"name\":\"Livello\",\"systemN…","service":"stargem-manager","timestamp":"2026-05-02 01:59:03"}
{"level":"info","message":"GET /api/custom-lists/numero_persone 304 in 212ms :: {\"id\":25,\"name\":\"Numero Pe…","service":"stargem-manager","timestamp":"2026-05-02 01:59:03"}
{"level":"info","message":"GET /api/activity-statuses 304 in 170ms :: [{\"id\":5,\"name\":\"APERTO\",\"color\":\"#2…","service":"stargem-manager","timestamp":"2026-05-02 01:59:03"}
{"level":"info","message":"GET /api/custom-lists/campus 304 in 231ms :: {\"id\":22,\"name\":\"Campus\",\"systemNa…","service":"stargem-manager","timestamp":"2026-05-02 01:59:03"}
{"level":"info","message":"GET /api/custom-lists/pacchetti_prenotazioni 304 in 224ms :: {\"items\":[]}","service":"stargem-manager","timestamp":"2026-05-02 01:59:03"}
{"level":"info","message":"GET /api/courses 304 in 276ms :: [{\"id\":845,\"sku\":\"2627MALINMER17\",\"name\":\"Danz…","service":"stargem-manager","timestamp":"2026-05-02 01:59:03"}
{"level":"info","message":"GET /api/strategic-events/closed-days 304 in 288ms :: {\"closedDays\":[\"2026-11-0…","service":"stargem-manager","timestamp":"2026-05-02 01:59:03"}
{"level":"info","message":"GET /api/courses 304 in 262ms :: [{\"id\":845,\"sku\":\"2627MALINMER17\",\"name\":\"Danz…","service":"stargem-manager","timestamp":"2026-05-02 01:59:03"}
{"level":"info","message":"GET /api/todos 304 in 242ms :: [{\"id\":1,\"text\":\"Implementare verifica SMS/Whats…","service":"stargem-manager","timestamp":"2026-05-02 01:59:05"}
{"level":"info","message":"GET /api/team-comments 304 in 240ms :: [{\"id\":20,\"authorId\":\"admin-id\",\"authorN…","service":"stargem-manager","timestamp":"2026-05-02 01:59:05"}
{"level":"info","message":"GET /api/gemstaff/insegnanti 304 in 322ms :: [{\"id\":3,\"firstName\":\"ROBERTO\",\"la…","service":"stargem-manager","timestamp":"2026-05-02 01:59:12"}
{"level":"info","message":"GET /api/team-notes 304 in 322ms :: []","service":"stargem-manager","timestamp":"2026-05-02 01:59:12"}
{"level":"info","message":"GET /api/gemstaff/pt 304 in 348ms :: [{\"id\":2,\"firstName\":\"MARCO\",\"lastName\":\"M…","service":"stargem-manager","timestamp":"2026-05-02 01:59:12"}
{"level":"info","message":"POST /api/users/presence/heartbeat 200 in 359ms :: {\"success\":true}","service":"stargem-manager","timestamp":"2026-05-02 01:59:14"}
{"level":"info","message":"GET /api/gemteam/report/lock/2026/04 200 in 213ms","service":"stargem-manager","timestamp":"2026-05-02 01:59:15"}
{"level":"info","message":"GET /api/team-notes 304 in 256ms :: []","service":"stargem-manager","timestamp":"2026-05-02 01:59:15"}
{"level":"info","message":"GET /api/gemteam/turni/eventi-giorno 304 in 266ms :: [{\"title\":\"No corsi\",\"even…","service":"stargem-manager","timestamp":"2026-05-02 01:59:15"}
{"level":"info","message":"GET /api/gemteam/checkin/oggi 304 in 267ms :: [{\"employeeId\":15,\"firstName\":\"AD…","service":"stargem-manager","timestamp":"2026-05-02 01:59:15"}
{"level":"info","message":"GET /api/gemteam/postazioni 304 in 270ms :: [{\"id\":1,\"nome\":\"AMM.ZIONE\",\"contaO…","service":"stargem-manager","timestamp":"2026-05-02 01:59:15"}
{"level":"info","message":"GET /api/gemteam/turni/week-assignment 304 in 277ms :: {\"settimana\":\"A\",\"weekSt…","service":"stargem-manager","timestamp":"2026-05-02 01:59:15"}
{"level":"info","message":"GET /api/gemteam/dipendenti 200 in 490ms :: [{\"id\":1,\"memberId\":9556,\"userId\":\"…","service":"stargem-manager","timestamp":"2026-05-02 01:59:15"}
{"level":"info","message":"GET /api/gemteam/turni 304 in 261ms :: [{\"id\":1660,\"employeeId\":1,\"settimanaTip…","service":"stargem-manager","timestamp":"2026-05-02 01:59:15"}
{"level":"info","message":"GET /api/gemteam/presenze/2026/04 304 in 279ms :: [{\"id\":3776,\"employeeId\":16,\"…","service":"stargem-manager","timestamp":"2026-05-02 01:59:15"}
{"level":"info","message":"GET /api/gemteam/turni/scheduled 304 in 299ms :: []","service":"stargem-manager","timestamp":"2026-05-02 01:59:15"}
{"level":"info","message":"GET /api/todos 304 in 286ms :: [{\"id\":1,\"text\":\"Implementare verifica SMS/Whats…","service":"stargem-manager","timestamp":"2026-05-02 01:59:15"}
{"level":"info","message":"GET /api/users/presence/active 200 in 553ms :: [{\"id\":\"admin-id\",\"username\":\"ad…","service":"stargem-manager","timestamp":"2026-05-02 01:59:15"}
{"level":"info","message":"GET /api/team-comments 304 in 359ms :: [{\"id\":20,\"authorId\":\"admin-id\",\"authorN…","service":"stargem-manager","timestamp":"2026-05-02 01:59:15"}
{"level":"info","message":"GET /api/todos 304 in 324ms :: [{\"id\":1,\"text\":\"Implementare verifica SMS/Whats…","service":"stargem-manager","timestamp":"2026-05-02 01:59:26"}
{"level":"info","message":"GET /api/team-comments 304 in 303ms :: [{\"id\":20,\"authorId\":\"admin-id\",\"authorN…","service":"stargem-manager","timestamp":"2026-05-02 01:59:26"}
{"level":"info","message":"GET /api/users/presence/active 304 in 552ms :: [{\"id\":\"admin-id\",\"username\":\"ad…","service":"stargem-manager","timestamp":"2026-05-02 01:59:31"}
{"level":"info","message":"GET /api/todos 304 in 304ms :: [{\"id\":1,\"text\":\"Implementare verifica SMS/Whats…","service":"stargem-manager","timestamp":"2026-05-02 01:59:36"}
{"level":"info","message":"GET /api/team-comments 304 in 304ms :: [{\"id\":20,\"authorId\":\"admin-id\",\"authorN…","service":"stargem-manager","timestamp":"2026-05-02 01:59:36"}
{"level":"info","message":"GET /api/gemteam/permessi/pending-count 304 in 250ms :: {\"count\":0}","service":"stargem-manager","timestamp":"2026-05-02 01:59:44"}
{"level":"info","message":"GET /api/todos 304 in 302ms :: [{\"id\":1,\"text\":\"Implementare verifica SMS/Whats…","service":"stargem-manager","timestamp":"2026-05-02 01:59:46"}
{"level":"info","message":"GET /api/team-comments 304 in 287ms :: [{\"id\":20,\"authorId\":\"admin-id\",\"authorN…","service":"stargem-manager","timestamp":"2026-05-02 01:59:46"}
{"level":"info","message":"GET /api/users/presence/active 304 in 544ms :: [{\"id\":\"admin-id\",\"username\":\"ad…","service":"stargem-manager","timestamp":"2026-05-02 01:59:47"}
{"level":"info","message":"GET /api/todos 304 in 328ms :: [{\"id\":1,\"text\":\"Implementare verifica SMS/Whats…","service":"stargem-manager","timestamp":"2026-05-02 01:59:57"}
{"level":"info","message":"GET /api/team-comments 304 in 317ms :: [{\"id\":20,\"authorId\":\"admin-id\",\"authorN…","service":"stargem-manager","timestamp":"2026-05-02 01:59:57"}
{"level":"info","message":"GET /api/users/presence/active 304 in 521ms :: [{\"id\":\"admin-id\",\"username\":\"ad…","service":"stargem-manager","timestamp":"2026-05-02 02:00:02"}
{"level":"info","message":"GET /api/todos 304 in 323ms :: [{\"id\":1,\"text\":\"Implementare verifica SMS/Whats…","service":"stargem-manager","timestamp":"2026-05-02 02:00:07"}
{"level":"info","message":"GET /api/team-comments 304 in 324ms :: [{\"id\":20,\"authorId\":\"admin-id\",\"authorN…","service":"stargem-manager","timestamp":"2026-05-02 02:00:07"}
{"level":"info","message":"GET /api/gemteam/checkin/oggi 304 in 307ms :: [{\"employeeId\":15,\"firstName\":\"AD…","service":"stargem-manager","timestamp":"2026-05-02 02:00:15"}
{"level":"info","message":"GET /api/team-comments 304 in 285ms :: [{\"id\":20,\"authorId\":\"admin-id\",\"authorN…","service":"stargem-manager","timestamp":"2026-05-02 02:00:17"}
{"level":"info","message":"GET /api/todos 304 in 337ms :: [{\"id\":1,\"text\":\"Implementare verifica SMS/Whats…","service":"stargem-manager","timestamp":"2026-05-02 02:00:17"}
{"level":"info","message":"GET /api/users/presence/active 200 in 585ms :: [{\"id\":\"admin-id\",\"username\":\"ad…","service":"stargem-manager","timestamp":"2026-05-02 02:00:18"}
{"level":"info","message":"GET /api/team-comments 304 in 321ms :: [{\"id\":20,\"authorId\":\"admin-id\",\"authorN…","service":"stargem-manager","timestamp":"2026-05-02 02:00:28"}
{"level":"info","message":"GET /api/todos 304 in 324ms :: [{\"id\":1,\"text\":\"Implementare verifica SMS/Whats…","service":"stargem-manager","timestamp":"2026-05-02 02:00:28"}
{"level":"info","message":"POST /api/users/presence/heartbeat 200 in 363ms :: {\"success\":true}","service":"stargem-manager","timestamp":"2026-05-02 02:00:29"}
{"level":"info","message":"GET /api/users/presence/active 200 in 573ms :: [{\"id\":\"admin-id\",\"username\":\"ad…","service":"stargem-manager","timestamp":"2026-05-02 02:00:33"}
{"level":"info","message":"GET /api/team-comments 304 in 328ms :: [{\"id\":20,\"authorId\":\"admin-id\",\"authorN…","service":"stargem-manager","timestamp":"2026-05-02 02:00:38"}
{"level":"info","message":"GET /api/todos 304 in 328ms :: [{\"id\":1,\"text\":\"Implementare verifica SMS/Whats…","service":"stargem-manager","timestamp":"2026-05-02 02:00:38"}
{"level":"info","message":"GET /api/gemteam/permessi/pending-count 304 in 253ms :: {\"count\":0}","service":"stargem-manager","timestamp":"2026-05-02 02:00:44"}
{"level":"info","message":"GET /api/team-comments 304 in 327ms :: [{\"id\":20,\"authorId\":\"admin-id\",\"authorN…","service":"stargem-manager","timestamp":"2026-05-02 02:00:48"}
{"level":"info","message":"GET /api/todos 304 in 326ms :: [{\"id\":1,\"text\":\"Implementare verifica SMS/Whats…","service":"stargem-manager","timestamp":"2026-05-02 02:00:48"}
{"level":"info","message":"GET /api/users/presence/active 304 in 448ms :: [{\"id\":\"admin-id\",\"username\":\"ad…","service":"stargem-manager","timestamp":"2026-05-02 02:00:49"}
{"level":"info","message":"GET /api/team-notes/archived 304 in 322ms :: [{\"id\":19,\"authorId\":\"admin-id\",\"a…","service":"stargem-manager","timestamp":"2026-05-02 02:00:54"}
{"level":"info","message":"GET /api/team-notes 304 in 322ms :: []","service":"stargem-manager","timestamp":"2026-05-02 02:00:54"}
{"level":"info","message":"GET /api/team-notes 304 in 349ms :: [{\"id\":26,\"authorId\":\"admin-id\",\"authorName…","service":"stargem-manager","timestamp":"2026-05-02 02:00:54"}
{"level":"info","message":"GET /api/team-comments 304 in 354ms :: [{\"id\":20,\"authorId\":\"admin-id\",\"authorN…","service":"stargem-manager","timestamp":"2026-05-02 02:00:59"}
{"level":"info","message":"GET /api/todos 304 in 356ms :: [{\"id\":1,\"text\":\"Implementare verifica SMS/Whats…","service":"stargem-manager","timestamp":"2026-05-02 02:00:59"}
{"level":"info","message":"GET /api/users/presence/active 304 in 560ms :: [{\"id\":\"admin-id\",\"username\":\"ad…","service":"stargem-manager","timestamp":"2026-05-02 02:01:04"}
{"level":"info","message":"GET /api/team-comments 304 in 322ms :: [{\"id\":20,\"authorId\":\"admin-id\",\"authorN…","service":"stargem-manager","timestamp":"2026-05-02 02:01:09"}
{"level":"info","message":"GET /api/todos 304 in 321ms :: [{\"id\":1,\"text\":\"Implementare verifica SMS/Whats…","service":"stargem-manager","timestamp":"2026-05-02 02:01:09"}
{"level":"info","message":"POST /api/users/presence/heartbeat 200 in 374ms :: {\"success\":true}","service":"stargem-manager","timestamp":"2026-05-02 02:01:11"}
{"level":"info","message":"GET /api/auth/user 200 in 270ms :: {\"id\":\"admin-id\",\"username\":\"admin\",\"passwor…","service":"stargem-manager","timestamp":"2026-05-02 02:01:14"}
{"level":"info","message":"GET /api/team-notes 304 in 335ms :: []","service":"stargem-manager","timestamp":"2026-05-02 02:01:14"}
{"level":"info","message":"GET /api/users 200 in 359ms :: [{\"id\":\"admin-id\",\"username\":\"admin\",\"email\":nul…","service":"stargem-manager","timestamp":"2026-05-02 02:01:14"}
{"level":"info","message":"GET /api/team-notes 304 in 243ms :: []","service":"stargem-manager","timestamp":"2026-05-02 02:01:16"}
{"level":"info","message":"GET /api/team-notes 304 in 192ms :: []","service":"stargem-manager","timestamp":"2026-05-02 02:01:16"}
{"level":"info","message":"GET /api/team-comments 304 in 319ms :: [{\"id\":20,\"authorId\":\"admin-id\",\"authorN…","service":"stargem-manager","timestamp":"2026-05-02 02:01:19"}
{"level":"info","message":"GET /api/todos 304 in 320ms :: [{\"id\":1,\"text\":\"Implementare verifica SMS/Whats…","service":"stargem-manager","timestamp":"2026-05-02 02:01:19"}
{"level":"info","message":"GET /api/users/presence/active 200 in 415ms :: [{\"id\":\"admin-id\",\"username\":\"ad…","service":"stargem-manager","timestamp":"2026-05-02 02:01:20"}
{"level":"info","message":"GET /api/auth/google/status 304 in 318ms :: {\"connected\":false,\"method\":\"None\"}","service":"stargem-manager","timestamp":"2026-05-02 02:01:24"}
{"level":"info","message":"GET /api/team-notes 304 in 368ms :: [{\"id\":29,\"authorId\":\"admin-id\",\"authorName…","service":"stargem-manager","timestamp":"2026-05-02 02:01:24"}
{"level":"info","message":"GET /api/admin/ai-usage 304 in 447ms :: {\"totalCost\":\"0.000671\",\"totalTokens\":\"…","service":"stargem-manager","timestamp":"2026-05-02 02:01:24"}
{"level":"info","message":"GET /api/team-comments 304 in 322ms :: [{\"id\":20,\"authorId\":\"admin-id\",\"authorN…","service":"stargem-manager","timestamp":"2026-05-02 02:01:30"}
{"level":"info","message":"GET /api/todos 304 in 321ms :: [{\"id\":1,\"text\":\"Implementare verifica SMS/Whats…","service":"stargem-manager","timestamp":"2026-05-02 02:01:30"}
{"level":"info","message":"GET /api/team-notes 304 in 246ms :: []","service":"stargem-manager","timestamp":"2026-05-02 02:01:32"}
{"level":"info","message":"GET /api/users/presence/active 304 in 573ms :: [{\"id\":\"admin-id\",\"username\":\"ad…","service":"stargem-manager","timestamp":"2026-05-02 02:01:35"}
{"level":"info","message":"GET /api/team-comments 304 in 356ms :: [{\"id\":20,\"authorId\":\"admin-id\",\"authorN…","service":"stargem-manager","timestamp":"2026-05-02 02:01:40"}
{"level":"info","message":"GET /api/todos 304 in 355ms :: [{\"id\":1,\"text\":\"Implementare verifica SMS/Whats…","service":"stargem-manager","timestamp":"2026-05-02 02:01:40"}
{"level":"info","message":"GET /api/team-notes 304 in 225ms :: [{\"id\":22,\"authorId\":\"admin-id\",\"authorName…","service":"stargem-manager","timestamp":"2026-05-02 02:01:41"}
{"level":"info","message":"GET /api/import-configs 304 in 252ms :: [{\"id\":2,\"name\":\"Anagrafica Athena\",\"en…","service":"stargem-manager","timestamp":"2026-05-02 02:01:42"}
{"level":"info","message":"POST /api/users/presence/heartbeat 200 in 434ms :: {\"success\":true}","service":"stargem-manager","timestamp":"2026-05-02 02:01:42"}
{"level":"info","message":"GET /api/gemteam/permessi/pending-count 304 in 336ms :: {\"count\":0}","service":"stargem-manager","timestamp":"2026-05-02 02:01:45"}
{"level":"info","message":"GET /api/team-notes 304 in 301ms :: [{\"id\":23,\"authorId\":\"admin-id\",\"authorName…","service":"stargem-manager","timestamp":"2026-05-02 02:01:45"}
{"level":"info","message":"GET /api/roles 304 in 299ms :: [{\"id\":10,\"name\":\"admin\",\"description\":\"Amminist…","service":"stargem-manager","timestamp":"2026-05-02 02:01:45"}
{"level":"info","message":"GET /api/activity-logs 304 in 325ms :: [{\"id\":2597,\"userId\":\"admin-id\",\"action\"…","service":"stargem-manager","timestamp":"2026-05-02 02:01:45"}
{"level":"info","message":"GET /api/team-notes 304 in 316ms :: []","service":"stargem-manager","timestamp":"2026-05-02 02:01:49"}
{"level":"info","message":"GET /api/audit-logs 304 in 343ms :: []","service":"stargem-manager","timestamp":"2026-05-02 02:01:49"}
{"level":"info","message":"GET /api/team-comments 304 in 283ms :: [{\"id\":20,\"authorId\":\"admin-id\",\"authorN…","service":"stargem-manager","timestamp":"2026-05-02 02:01:50"}
{"level":"info","message":"GET /api/todos 304 in 285ms :: [{\"id\":1,\"text\":\"Implementare verifica SMS/Whats…","service":"stargem-manager","timestamp":"2026-05-02 02:01:50"}
{"level":"info","message":"GET /api/users/presence/active 200 in 432ms :: [{\"id\":\"admin-id\",\"username\":\"ad…","service":"stargem-manager","timestamp":"2026-05-02 02:01:51"}
{"level":"info","message":"GET /api/team-notes 304 in 310ms :: []","service":"stargem-manager","timestamp":"2026-05-02 02:01:51"}
{"level":"info","message":"GET /api/team-notes 304 in 341ms :: [{\"id\":30,\"authorId\":\"admin-id\",\"authorName…","service":"stargem-manager","timestamp":"2026-05-02 02:01:55"}
{"level":"info","message":"GET /api/enrollments/pending 304 in 370ms :: []","service":"stargem-manager","timestamp":"2026-05-02 02:01:55"}
{"level":"info","message":"GET /api/stats/alerts 304 in 602ms :: {\"expiringMemberships\":0,\"expiredCertific…","service":"stargem-manager","timestamp":"2026-05-02 02:01:55"}
{"level":"info","message":"GET /api/stats/recent-activity 304 in 1060ms :: [{\"memberName\":\"AURORA GRIECO\",…","service":"stargem-manager","timestamp":"2026-05-02 02:01:56"}
{"level":"info","message":"GET /api/stats/dashboard 200 in 1213ms :: {\"totalMembers\":4918,\"activeMembershi…","service":"stargem-manager","timestamp":"2026-05-02 02:01:56"}
{"level":"info","message":"GET /api/client-categories 200 in 280ms","service":"stargem-manager","timestamp":"2026-05-02 02:01:58"}
{"level":"info","message":"GET /api/free-trials 200 in 282ms","service":"stargem-manager","timestamp":"2026-05-02 02:01:58"}
{"level":"info","message":"GET /api/paid-trials 200 in 336ms","service":"stargem-manager","timestamp":"2026-05-02 02:01:58"}
{"level":"info","message":"GET /api/workshops 200 in 338ms","service":"stargem-manager","timestamp":"2026-05-02 02:01:58"}
{"level":"info","message":"GET /api/team-notes 304 in 339ms :: []","service":"stargem-manager","timestamp":"2026-05-02 02:01:58"}
{"level":"info","message":"GET /api/price-lists 304 in 338ms :: [{\"id\":18,\"name\":\"Settembre\",\"validFrom\":\"…","service":"stargem-manager","timestamp":"2026-05-02 02:01:58"}
{"level":"info","message":"GET /api/single-lessons 200 in 162ms","service":"stargem-manager","timestamp":"2026-05-02 02:01:59"}
{"level":"info","message":"GET /api/sunday-activities 200 in 159ms","service":"stargem-manager","timestamp":"2026-05-02 02:01:59"}
{"level":"info","message":"GET /api/trainings 200 in 155ms","service":"stargem-manager","timestamp":"2026-05-02 02:01:59"}
{"level":"info","message":"GET /api/recitals 200 in 153ms","service":"stargem-manager","timestamp":"2026-05-02 02:01:59"}
{"level":"info","message":"GET /api/campus-activities 200 in 167ms","service":"stargem-manager","timestamp":"2026-05-02 02:01:59"}
{"level":"info","message":"GET /api/individual-lessons 200 in 172ms","service":"stargem-manager","timestamp":"2026-05-02 02:01:59"}
{"level":"info","message":"GET /api/knowledge 200 in 165ms","service":"stargem-manager","timestamp":"2026-05-02 02:01:59"}
{"level":"info","message":"GET /api/vacation-studies 200 in 166ms","service":"stargem-manager","timestamp":"2026-05-02 02:01:59"}
{"level":"info","message":"GET /api/workshop-categories 200 in 146ms","service":"stargem-manager","timestamp":"2026-05-02 02:01:59"}
{"level":"info","message":"GET /api/sunday-categories 200 in 159ms","service":"stargem-manager","timestamp":"2026-05-02 02:01:59"}
{"level":"info","message":"GET /api/categories 200 in 175ms","service":"stargem-manager","timestamp":"2026-05-02 02:01:59"}
{"level":"info","message":"GET /api/custom-lists/provenienza_marketing 304 in 216ms :: {\"id\":18,\"name\":\"Ca…","service":"stargem-manager","timestamp":"2026-05-02 02:01:59"}
{"level":"info","message":"GET /api/training-categories 200 in 146ms","service":"stargem-manager","timestamp":"2026-05-02 02:01:59"}
{"level":"info","message":"GET /api/individual-lesson-categories 200 in 152ms","service":"stargem-manager","timestamp":"2026-05-02 02:01:59"}
{"level":"info","message":"GET /api/recital-categories 200 in 126ms","service":"stargem-manager","timestamp":"2026-05-02 02:01:59"}
{"level":"info","message":"GET /api/custom-lists/livello_crm 304 in 210ms :: {\"id\":19,\"name\":\"Livello CRM\"…","service":"stargem-manager","timestamp":"2026-05-02 02:01:59"}
{"level":"info","message":"GET /api/campus-categories 200 in 153ms","service":"stargem-manager","timestamp":"2026-05-02 02:01:59"}
{"level":"info","message":"GET /api/vacation-categories 200 in 153ms","service":"stargem-manager","timestamp":"2026-05-02 02:01:59"}
{"level":"info","message":"GET /api/client-categories 200 in 187ms","service":"stargem-manager","timestamp":"2026-05-02 02:01:59"}
{"level":"info","message":"GET /api/members/duplicates 304 in 250ms :: [{\"id1\":16881,\"id2\":18708,\"name1\":\"…","service":"stargem-manager","timestamp":"2026-05-02 02:01:59"}
{"level":"info","message":"GET /api/enrollment-details 304 in 255ms :: [{\"id\":2,\"name\":\"Iscritto Donna\",\"c…","service":"stargem-manager","timestamp":"2026-05-02 02:01:59"}
{"level":"info","message":"GET /api/client-categories 200 in 144ms","service":"stargem-manager","timestamp":"2026-05-02 02:02:00"}
{"level":"info","message":"GET /api/participant-types 500 in 172ms :: {\"message\":\"Failed to fetch particip…","service":"stargem-manager","timestamp":"2026-05-02 02:02:00"}
{"level":"info","message":"GET /api/subscription-types 500 in 198ms :: {\"message\":\"Failed to fetch subscri…","service":"stargem-manager","timestamp":"2026-05-02 02:02:00"}
{"level":"info","message":"GET /api/team-notes 304 in 224ms :: []","service":"stargem-manager","timestamp":"2026-05-02 02:02:00"}
{"level":"info","message":"GET /api/members/missing-data 304 in 329ms :: {\"missingFiscalCode\":731,\"missing…","service":"stargem-manager","timestamp":"2026-05-02 02:02:00"}
{"level":"info","message":"GET /api/enrollments 304 in 353ms :: [{\"id\":65,\"memberId\":14194,\"courseId\":7,\"p…","service":"stargem-manager","timestamp":"2026-05-02 02:02:00"}
{"level":"info","message":"GET /api/payments 304 in 261ms :: []","service":"stargem-manager","timestamp":"2026-05-02 02:02:00"}
{"level":"info","message":"GET /api/members/counts-by-type 304 in 181ms :: {\"partecipanti\":\"4826\",\"staff\":…","service":"stargem-manager","timestamp":"2026-05-02 02:02:00"}
{"level":"info","message":"GET /api/members 304 in 258ms :: {\"members\":[{\"id\":15616,\"firstName\":\"LIA\",\"las…","service":"stargem-manager","timestamp":"2026-05-02 02:02:00"}
{"level":"info","message":"GET /api/members 304 in 310ms :: {\"members\":[{\"id\":15616,\"firstName\":\"LIA\",\"las…","service":"stargem-manager","timestamp":"2026-05-02 02:02:00"}
{"level":"info","message":"GET /api/team-comments 304 in 237ms :: [{\"id\":20,\"authorId\":\"admin-id\",\"authorN…","service":"stargem-manager","timestamp":"2026-05-02 02:02:01"}
{"level":"info","message":"GET /api/todos 304 in 264ms :: [{\"id\":1,\"text\":\"Implementare verifica SMS/Whats…","service":"stargem-manager","timestamp":"2026-05-02 02:02:01"}
{"level":"info","message":"GET /api/team-notes 304 in 222ms :: []","service":"stargem-manager","timestamp":"2026-05-02 02:02:02"}
{"level":"info","message":"GET /api/seasons/active 304 in 247ms :: {\"id\":1,\"name\":\"Stagione 2025/2026\",\"de…","service":"stargem-manager","timestamp":"2026-05-02 02:02:02"}
{"level":"info","message":"GET /api/gempass/firme-all 304 in 274ms :: [{\"id\":1,\"memberId\":1,\"seasonId\":1,\"…","service":"stargem-manager","timestamp":"2026-05-02 02:02:02"}
{"level":"info","message":"GET /api/users/presence/active 304 in 553ms :: [{\"id\":\"admin-id\",\"username\":\"ad…","service":"stargem-manager","timestamp":"2026-05-02 02:02:06"}
{"level":"info","message":"GET /api/memberships 200 in 7125ms :: [{\"id\":18413,\"memberId\":17609,\"membership…","service":"stargem-manager","timestamp":"2026-05-02 02:02:09"}
{"level":"info","message":"GET /api/team-notes 304 in 283ms :: []","service":"stargem-manager","timestamp":"2026-05-02 02:02:11"}
{"level":"info","message":"GET /api/medical-certificates 304 in 264ms :: [{\"id\":2471,\"memberId\":17092,\"iss…","service":"stargem-manager","timestamp":"2026-05-02 02:02:11"}
{"level":"info","message":"GET /api/members/entity-cards 304 in 289ms :: [{\"id\":2218,\"userId\":null,\"firstN…","service":"stargem-manager","timestamp":"2026-05-02 02:02:11"}
{"level":"info","message":"GET /api/team-comments 304 in 198ms :: [{\"id\":20,\"authorId\":\"admin-id\",\"authorN…","service":"stargem-manager","timestamp":"2026-05-02 02:02:12"}
{"level":"info","message":"GET /api/todos 304 in 224ms :: [{\"id\":1,\"text\":\"Implementare verifica SMS/Whats…","service":"stargem-manager","timestamp":"2026-05-02 02:02:12"}
{"level":"info","message":"POST /api/users/presence/heartbeat 200 in 410ms :: {\"success\":true}","service":"stargem-manager","timestamp":"2026-05-02 02:02:12"}
{"level":"info","message":"GET /api/team-notes 304 in 246ms :: []","service":"stargem-manager","timestamp":"2026-05-02 02:02:13"}
{"level":"info","message":"GET /api/members 304 in 332ms :: {\"members\":[{\"id\":15616,\"firstName\":\"LIA\",\"las…","service":"stargem-manager","timestamp":"2026-05-02 02:02:13"}
{"level":"info","message":"GET /api/workshop-enrollments 200 in 250ms","service":"stargem-manager","timestamp":"2026-05-02 02:02:15"}
{"level":"info","message":"GET /api/team-notes 304 in 300ms :: []","service":"stargem-manager","timestamp":"2026-05-02 02:02:15"}
{"level":"info","message":"GET /api/workshops 200 in 305ms","service":"stargem-manager","timestamp":"2026-05-02 02:02:15"}
{"level":"info","message":"GET /api/access-logs 304 in 328ms :: []","service":"stargem-manager","timestamp":"2026-05-02 02:02:15"}
{"level":"info","message":"GET /api/team-notes 304 in 319ms :: []","service":"stargem-manager","timestamp":"2026-05-02 02:02:17"}
{"level":"info","message":"GET /api/course-quotes-grid 304 in 345ms :: [{\"id\":53,\"activityType\":\"adulti\",\"…","service":"stargem-manager","timestamp":"2026-05-02 02:02:17"}
{"level":"info","message":"GET /api/course-quotes-grid 304 in 368ms :: [{\"id\":53,\"activityType\":\"adulti\",\"…","service":"stargem-manager","timestamp":"2026-05-02 02:02:17"}
{"level":"info","message":"GET /api/users/presence/active 200 in 580ms :: [{\"id\":\"admin-id\",\"username\":\"ad…","service":"stargem-manager","timestamp":"2026-05-02 02:02:22"}
{"level":"info","message":"GET /api/team-comments 304 in 387ms :: [{\"id\":20,\"authorId\":\"admin-id\",\"authorN…","service":"stargem-manager","timestamp":"2026-05-02 02:02:22"}
{"level":"info","message":"GET /api/todos 304 in 428ms :: [{\"id\":1,\"text\":\"Implementare verifica SMS/Whats…","service":"stargem-manager","timestamp":"2026-05-02 02:02:22"}
{"level":"info","message":"GET /api/team-comments 304 in 305ms :: [{\"id\":20,\"authorId\":\"admin-id\",\"authorN…","service":"stargem-manager","timestamp":"2026-05-02 02:02:32"}
{"level":"info","message":"GET /api/todos 304 in 321ms :: [{\"id\":1,\"text\":\"Implementare verifica SMS/Whats…","service":"stargem-manager","timestamp":"2026-05-02 02:02:32"}
{"level":"info","message":"GET /api/users/presence/active 304 in 509ms :: [{\"id\":\"admin-id\",\"username\":\"ad…","service":"stargem-manager","timestamp":"2026-05-02 02:02:37"}
{"level":"info","message":"GET /api/team-notes 304 in 319ms :: []","service":"stargem-manager","timestamp":"2026-05-02 02:02:42"}
{"level":"info","message":"GET /api/webhook-logs 304 in 344ms :: [{\"id\":3,\"tenantId\":1,\"source\":\"woocommer…","service":"stargem-manager","timestamp":"2026-05-02 02:02:42"}
{"level":"info","message":"POST /api/users/presence/heartbeat 200 in 427ms :: {\"success\":true}","service":"stargem-manager","timestamp":"2026-05-02 02:02:42"}
{"level":"info","message":"GET /api/wc-product-mapping 200 in 180ms","service":"stargem-manager","timestamp":"2026-05-02 02:02:42"}
{"level":"info","message":"GET /api/team-notes 304 in 233ms :: []","service":"stargem-manager","timestamp":"2026-05-02 02:02:42"}
{"level":"info","message":"GET /api/team-comments 304 in 238ms :: [{\"id\":20,\"authorId\":\"admin-id\",\"authorN…","service":"stargem-manager","timestamp":"2026-05-02 02:02:43"}
{"level":"info","message":"GET /api/todos 304 in 239ms :: [{\"id\":1,\"text\":\"Implementare verifica SMS/Whats…","service":"stargem-manager","timestamp":"2026-05-02 02:02:43"}
{"level":"info","message":"GET /api/wc-product-mapping 200 in 139ms","service":"stargem-manager","timestamp":"2026-05-02 02:02:43"}
{"level":"info","message":"GET /api/workshops 200 in 197ms","service":"stargem-manager","timestamp":"2026-05-02 02:02:44"}
{"level":"info","message":"GET /api/paid-trials 200 in 196ms","service":"stargem-manager","timestamp":"2026-05-02 02:02:44"}
{"level":"info","message":"GET /api/sunday-activities 200 in 219ms","service":"stargem-manager","timestamp":"2026-05-02 02:02:44"}
{"level":"info","message":"GET /api/free-trials 200 in 220ms","service":"stargem-manager","timestamp":"2026-05-02 02:02:44"}
{"level":"info","message":"GET /api/trainings 200 in 245ms","service":"stargem-manager","timestamp":"2026-05-02 02:02:44"}
{"level":"info","message":"GET /api/single-lessons 200 in 245ms","service":"stargem-manager","timestamp":"2026-05-02 02:02:44"}
{"level":"info","message":"GET /api/campus-activities 200 in 178ms","service":"stargem-manager","timestamp":"2026-05-02 02:02:44"}
{"level":"info","message":"GET /api/individual-lessons 200 in 180ms","service":"stargem-manager","timestamp":"2026-05-02 02:02:44"}
{"level":"info","message":"GET /api/vacation-studies 200 in 183ms","service":"stargem-manager","timestamp":"2026-05-02 02:02:44"}
{"level":"info","message":"GET /api/recitals 200 in 206ms","service":"stargem-manager","timestamp":"2026-05-02 02:02:44"}
{"level":"info","message":"GET /api/workshop-enrollments 200 in 205ms","service":"stargem-manager","timestamp":"2026-05-02 02:02:44"}
{"level":"info","message":"GET /api/payment-methods 500 in 209ms :: {\"message\":\"Failed to fetch payment me…","service":"stargem-manager","timestamp":"2026-05-02 02:02:44"}
{"level":"info","message":"GET /api/team-notes 304 in 202ms :: []","service":"stargem-manager","timestamp":"2026-05-02 02:02:44"}
{"level":"info","message":"GET /api/gemteam/permessi/pending-count 304 in 160ms :: {\"count\":0}","service":"stargem-manager","timestamp":"2026-05-02 02:02:45"}
{"level":"info","message":"GET /api/workshops 200 in 169ms","service":"stargem-manager","timestamp":"2026-05-02 02:02:46"}
{"level":"info","message":"GET /api/payment-methods 500 in 222ms :: {\"message\":\"Failed to fetch payment me…","service":"stargem-manager","timestamp":"2026-05-02 02:02:46"}
{"level":"info","message":"GET /api/team-notes 304 in 246ms :: []","service":"stargem-manager","timestamp":"2026-05-02 02:02:46"}
{"level":"info","message":"GET /api/team-notes 304 in 237ms :: []","service":"stargem-manager","timestamp":"2026-05-02 02:02:47"}
{"level":"info","message":"GET /api/custom-reports 304 in 312ms :: []","service":"stargem-manager","timestamp":"2026-05-02 02:02:47"}
{"level":"info","message":"GET /api/stats/reports 304 in 976ms :: {\"totalMembers\":4918,\"newMembersThisMont…","service":"stargem-manager","timestamp":"2026-05-02 02:02:48"}
{"level":"info","message":"GET /api/workshops 200 in 223ms","service":"stargem-manager","timestamp":"2026-05-02 02:02:49"}
{"level":"info","message":"GET /api/workshops 200 in 224ms","service":"stargem-manager","timestamp":"2026-05-02 02:02:49"}
{"level":"info","message":"GET /api/workshop-attendances 200 in 248ms","service":"stargem-manager","timestamp":"2026-05-02 02:02:49"}
{"level":"info","message":"GET /api/team-notes 304 in 253ms :: []","service":"stargem-manager","timestamp":"2026-05-02 02:02:49"}
{"level":"info","message":"GET /api/payment-methods 500 in 301ms :: {\"message\":\"Failed to fetch payment me…","service":"stargem-manager","timestamp":"2026-05-02 02:02:49"}
{"level":"info","message":"GET /api/courses 304 in 354ms :: [{\"id\":845,\"sku\":\"2627MALINMER17\",\"name\":\"Danz…","service":"stargem-manager","timestamp":"2026-05-02 02:02:50"}
{"level":"info","message":"GET /api/strategic-events/closed-days 304 in 284ms :: {\"closedDays\":[\"2026-11-0…","service":"stargem-manager","timestamp":"2026-05-02 02:02:50"}
{"level":"info","message":"GET /api/courses 304 in 267ms :: [{\"id\":845,\"sku\":\"2627MALINMER17\",\"name\":\"Danz…","service":"stargem-manager","timestamp":"2026-05-02 02:02:50"}
{"level":"info","message":"GET /api/courses 304 in 221ms :: [{\"id\":845,\"sku\":\"2627MALINMER17\",\"name\":\"Danz…","service":"stargem-manager","timestamp":"2026-05-02 02:02:50"}
{"level":"info","message":"GET /api/users/presence/active 200 in 557ms :: [{\"id\":\"admin-id\",\"username\":\"ad…","service":"stargem-manager","timestamp":"2026-05-02 02:02:53"}
{"level":"info","message":"GET /api/team-comments 304 in 380ms :: [{\"id\":20,\"authorId\":\"admin-id\",\"authorN…","service":"stargem-manager","timestamp":"2026-05-02 02:02:53"}
{"level":"info","message":"GET /api/todos 304 in 353ms :: [{\"id\":1,\"text\":\"Implementare verifica SMS/Whats…","service":"stargem-manager","timestamp":"2026-05-02 02:02:53"}
{"level":"info","message":"GET /api/team-comments 304 in 342ms :: [{\"id\":20,\"authorId\":\"admin-id\",\"authorN…","service":"stargem-manager","timestamp":"2026-05-02 02:03:03"}
{"level":"info","message":"GET /api/todos 304 in 339ms :: [{\"id\":1,\"text\":\"Implementare verifica SMS/Whats…","service":"stargem-manager","timestamp":"2026-05-02 02:03:03"}
{"level":"info","message":"GET /api/users/presence/active 304 in 569ms :: [{\"id\":\"admin-id\",\"username\":\"ad…","service":"stargem-manager","timestamp":"2026-05-02 02:03:09"}
{"level":"info","message":"GET /api/team-comments 304 in 326ms :: [{\"id\":20,\"authorId\":\"admin-id\",\"authorN…","service":"stargem-manager","timestamp":"2026-05-02 02:03:14"}
{"level":"info","message":"GET /api/todos 304 in 328ms :: [{\"id\":1,\"text\":\"Implementare verifica SMS/Whats…","service":"stargem-manager","timestamp":"2026-05-02 02:03:14"}
{"level":"info","message":"POST /api/users/presence/heartbeat 200 in 364ms :: {\"success\":true}","service":"stargem-manager","timestamp":"2026-05-02 02:03:24"}
{"level":"info","message":"GET /api/users/presence/active 200 in 452ms :: [{\"id\":\"admin-id\",\"username\":\"ad…","service":"stargem-manager","timestamp":"2026-05-02 02:03:24"}
{"level":"info","message":"GET /api/team-comments 304 in 360ms :: [{\"id\":20,\"authorId\":\"admin-id\",\"authorN…","service":"stargem-manager","timestamp":"2026-05-02 02:03:24"}
{"level":"info","message":"GET /api/todos 304 in 381ms :: [{\"id\":1,\"text\":\"Implementare verifica SMS/Whats…","service":"stargem-manager","timestamp":"2026-05-02 02:03:24"}
{"level":"info","message":"GET /api/team-comments 304 in 326ms :: [{\"id\":20,\"authorId\":\"admin-id\",\"authorN…","service":"stargem-manager","timestamp":"2026-05-02 02:03:34"}
{"level":"info","message":"GET /api/todos 304 in 325ms :: [{\"id\":1,\"text\":\"Implementare verifica SMS/Whats…","service":"stargem-manager","timestamp":"2026-05-02 02:03:34"}
{"level":"info","message":"GET /api/users/presence/active 304 in 545ms :: [{\"id\":\"admin-id\",\"username\":\"ad…","service":"stargem-manager","timestamp":"2026-05-02 02:03:40"}
{"level":"info","message":"GET /api/team-comments 304 in 342ms :: [{\"id\":20,\"authorId\":\"admin-id\",\"authorN…","service":"stargem-manager","timestamp":"2026-05-02 02:03:45"}
{"level":"info","message":"GET /api/todos 304 in 341ms :: [{\"id\":1,\"text\":\"Implementare verifica SMS/Whats…","service":"stargem-manager","timestamp":"2026-05-02 02:03:45"}
{"level":"info","message":"GET /api/gemteam/permessi/pending-count 304 in 176ms :: {\"count\":0}","service":"stargem-manager","timestamp":"2026-05-02 02:03:45"}
{"level":"info","message":"GET /api/todos 304 in 182ms :: [{\"id\":1,\"text\":\"Implementare verifica SMS/Whats…","service":"stargem-manager","timestamp":"2026-05-02 02:03:55"}
{"level":"info","message":"GET /api/team-comments 304 in 269ms :: [{\"id\":20,\"authorId\":\"admin-id\",\"authorN…","service":"stargem-manager","timestamp":"2026-05-02 02:03:55"}
{"level":"info","message":"GET /api/users/presence/active 200 in 607ms :: [{\"id\":\"admin-id\",\"username\":\"ad…","service":"stargem-manager","timestamp":"2026-05-02 02:03:55"}
{"level":"info","message":"POST /api/users/presence/heartbeat 200 in 390ms :: {\"success\":true}","service":"stargem-manager","timestamp":"2026-05-02 02:04:05"}
{"level":"info","message":"GET /api/todos 304 in 240ms :: [{\"id\":1,\"text\":\"Implementare verifica SMS/Whats…","service":"stargem-manager","timestamp":"2026-05-02 02:04:05"}
{"level":"info","message":"GET /api/team-comments 304 in 231ms :: [{\"id\":20,\"authorId\":\"admin-id\",\"authorN…","service":"stargem-manager","timestamp":"2026-05-02 02:04:05"}
{"level":"info","message":"GET /api/users/presence/active 200 in 506ms :: [{\"id\":\"admin-id\",\"username\":\"ad…","service":"stargem-manager","timestamp":"2026-05-02 02:04:11"}
{"level":"info","message":"GET /api/todos 304 in 297ms :: [{\"id\":1,\"text\":\"Implementare verifica SMS/Whats…","service":"stargem-manager","timestamp":"2026-05-02 02:04:16"}
{"level":"info","message":"GET /api/team-comments 304 in 286ms :: [{\"id\":20,\"authorId\":\"admin-id\",\"authorN…","service":"stargem-manager","timestamp":"2026-05-02 02:04:16"}
{"level":"info","message":"GET /api/todos 304 in 277ms :: [{\"id\":1,\"text\":\"Implementare verifica SMS/Whats…","service":"stargem-manager","timestamp":"2026-05-02 02:04:26"}
{"level":"info","message":"GET /api/team-comments 304 in 298ms :: [{\"id\":20,\"authorId\":\"admin-id\",\"authorN…","service":"stargem-manager","timestamp":"2026-05-02 02:04:26"}
{"level":"info","message":"GET /api/users/presence/active 304 in 454ms :: [{\"id\":\"admin-id\",\"username\":\"ad…","service":"stargem-manager","timestamp":"2026-05-02 02:04:26"}
{"level":"info","message":"GET /api/todos 304 in 426ms :: [{\"id\":1,\"text\":\"Implementare verifica SMS/Whats…","service":"stargem-manager","timestamp":"2026-05-02 02:04:36"}
{"level":"info","message":"GET /api/team-comments 304 in 379ms :: [{\"id\":20,\"authorId\":\"admin-id\",\"authorN…","service":"stargem-manager","timestamp":"2026-05-02 02:04:36"}
{"level":"info","message":"POST /api/users/presence/heartbeat 200 in 470ms :: {\"success\":true}","service":"stargem-manager","timestamp":"2026-05-02 02:04:42"}
{"level":"info","message":"GET /api/users/presence/active 200 in 600ms :: [{\"id\":\"admin-id\",\"username\":\"ad…","service":"stargem-manager","timestamp":"2026-05-02 02:04:42"}
{"level":"info","message":"GET /api/gemteam/permessi/pending-count 304 in 250ms :: {\"count\":0}","service":"stargem-manager","timestamp":"2026-05-02 02:04:45"}
{"level":"info","message":"GET /api/todos 304 in 320ms :: [{\"id\":1,\"text\":\"Implementare verifica SMS/Whats…","service":"stargem-manager","timestamp":"2026-05-02 02:04:47"}
{"level":"info","message":"GET /api/team-comments 304 in 329ms :: [{\"id\":20,\"authorId\":\"admin-id\",\"authorN…","service":"stargem-manager","timestamp":"2026-05-02 02:04:47"}
{"level":"info","message":"GET /api/todos 304 in 298ms :: [{\"id\":1,\"text\":\"Implementare verifica SMS/Whats…","service":"stargem-manager","timestamp":"2026-05-02 02:04:57"}
{"level":"info","message":"GET /api/team-comments 304 in 297ms :: [{\"id\":20,\"authorId\":\"admin-id\",\"authorN…","service":"stargem-manager","timestamp":"2026-05-02 02:04:57"}
{"level":"info","message":"GET /api/users/presence/active 200 in 519ms :: [{\"id\":\"admin-id\",\"username\":\"ad…","service":"stargem-manager","timestamp":"2026-05-02 02:04:57"}
{"level":"info","message":"GET /api/todos 304 in 323ms :: [{\"id\":1,\"text\":\"Implementare verifica SMS/Whats…","service":"stargem-manager","timestamp":"2026-05-02 02:05:07"}
{"level":"info","message":"GET /api/team-comments 304 in 324ms :: [{\"id\":20,\"authorId\":\"admin-id\",\"authorN…","service":"stargem-manager","timestamp":"2026-05-02 02:05:07"}
{"level":"info","message":"GET /api/users/presence/active 304 in 535ms :: [{\"id\":\"admin-id\",\"username\":\"ad…","service":"stargem-manager","timestamp":"2026-05-02 02:05:13"}
{"level":"info","message":"GET /api/todos 304 in 363ms :: [{\"id\":1,\"text\":\"Implementare verifica SMS/Whats…","service":"stargem-manager","timestamp":"2026-05-02 02:05:18"}
{"level":"info","message":"GET /api/team-comments 304 in 364ms :: [{\"id\":20,\"authorId\":\"admin-id\",\"authorN…","service":"stargem-manager","timestamp":"2026-05-02 02:05:18"}
{"level":"info","message":"GET /api/todos 304 in 306ms :: [{\"id\":1,\"text\":\"Implementare verifica SMS/Whats…","service":"stargem-manager","timestamp":"2026-05-02 02:05:28"}
{"level":"info","message":"GET /api/team-comments 304 in 333ms :: [{\"id\":20,\"authorId\":\"admin-id\",\"authorN…","service":"stargem-manager","timestamp":"2026-05-02 02:05:28"}
{"level":"info","message":"GET /api/users/presence/active 304 in 495ms :: [{\"id\":\"admin-id\",\"username\":\"ad…","service":"stargem-manager","timestamp":"2026-05-02 02:05:28"}
{"level":"info","message":"GET /api/todos 304 in 297ms :: [{\"id\":1,\"text\":\"Implementare verifica SMS/Whats…","service":"stargem-manager","timestamp":"2026-05-02 02:05:38"}
{"level":"info","message":"GET /api/team-comments 304 in 298ms :: [{\"id\":20,\"authorId\":\"admin-id\",\"authorN…","service":"stargem-manager","timestamp":"2026-05-02 02:05:38"}
{"level":"info","message":"POST /api/users/presence/heartbeat 200 in 361ms :: {\"success\":true}","service":"stargem-manager","timestamp":"2026-05-02 02:05:42"}
{"level":"info","message":"GET /api/users/presence/active 200 in 512ms :: [{\"id\":\"admin-id\",\"username\":\"ad…","service":"stargem-manager","timestamp":"2026-05-02 02:05:44"}
{"level":"info","message":"GET /api/gemteam/permessi/pending-count 304 in 227ms :: {\"count\":0}","service":"stargem-manager","timestamp":"2026-05-02 02:05:46"}
{"level":"info","message":"GET /api/todos 304 in 297ms :: [{\"id\":1,\"text\":\"Implementare verifica SMS/Whats…","service":"stargem-manager","timestamp":"2026-05-02 02:05:49"}
{"level":"info","message":"GET /api/team-comments 304 in 295ms :: [{\"id\":20,\"authorId\":\"admin-id\",\"authorN…","service":"stargem-manager","timestamp":"2026-05-02 02:05:49"}
{"level":"info","message":"GET /api/todos 304 in 303ms :: [{\"id\":1,\"text\":\"Implementare verifica SMS/Whats…","service":"stargem-manager","timestamp":"2026-05-02 02:05:59"}
{"level":"info","message":"GET /api/team-comments 304 in 307ms :: [{\"id\":20,\"authorId\":\"admin-id\",\"authorN…","service":"stargem-manager","timestamp":"2026-05-02 02:05:59"}
{"level":"info","message":"GET /api/users/presence/active 304 in 574ms :: [{\"id\":\"admin-id\",\"username\":\"ad…","service":"stargem-manager","timestamp":"2026-05-02 02:05:59"}
{"level":"info","message":"GET /api/todos 304 in 306ms :: [{\"id\":1,\"text\":\"Implementare verifica SMS/Whats…","service":"stargem-manager","timestamp":"2026-05-02 02:06:09"}
{"level":"info","message":"GET /api/team-comments 304 in 305ms :: [{\"id\":20,\"authorId\":\"admin-id\",\"authorN…","service":"stargem-manager","timestamp":"2026-05-02 02:06:09"}
{"level":"info","message":"GET /api/users/presence/active 304 in 522ms :: [{\"id\":\"admin-id\",\"username\":\"ad…","service":"stargem-manager","timestamp":"2026-05-02 02:06:15"}
{"level":"info","message":"GET /api/todos 304 in 300ms :: [{\"id\":1,\"text\":\"Implementare verifica SMS/Whats…","service":"stargem-manager","timestamp":"2026-05-02 02:06:19"}
{"level":"info","message":"GET /api/team-comments 304 in 302ms :: [{\"id\":20,\"authorId\":\"admin-id\",\"authorN…","service":"stargem-manager","timestamp":"2026-05-02 02:06:20"}
{"level":"info","message":"GET /api/todos 304 in 299ms :: [{\"id\":1,\"text\":\"Implementare verifica SMS/Whats…","service":"stargem-manager","timestamp":"2026-05-02 02:06:30"}
{"level":"info","message":"GET /api/team-comments 304 in 297ms :: [{\"id\":20,\"authorId\":\"admin-id\",\"authorN…","service":"stargem-manager","timestamp":"2026-05-02 02:06:30"}
{"level":"info","message":"GET /api/users/presence/active 304 in 462ms :: [{\"id\":\"admin-id\",\"username\":\"ad…","service":"stargem-manager","timestamp":"2026-05-02 02:06:30"}
{"level":"info","message":"GET /api/todos 304 in 327ms :: [{\"id\":1,\"text\":\"Implementare verifica SMS/Whats…","service":"stargem-manager","timestamp":"2026-05-02 02:06:40"}
{"level":"info","message":"GET /api/team-comments 304 in 301ms :: [{\"id\":20,\"authorId\":\"admin-id\",\"authorN…","service":"stargem-manager","timestamp":"2026-05-02 02:06:40"}
{"level":"info","message":"GET /api/gemteam/permessi/pending-count 304 in 226ms :: {\"count\":0}","service":"stargem-manager","timestamp":"2026-05-02 02:06:46"}
{"level":"info","message":"GET /api/users/presence/active 200 in 568ms :: [{\"id\":\"admin-id\",\"username\":\"ad…","service":"stargem-manager","timestamp":"2026-05-02 02:06:46"}
{"level":"info","message":"POST /api/users/presence/heartbeat 200 in 394ms :: {\"success\":true}","service":"stargem-manager","timestamp":"2026-05-02 02:06:49"}
{"level":"info","message":"GET /api/todos 304 in 340ms :: [{\"id\":1,\"text\":\"Implementare verifica SMS/Whats…","service":"stargem-manager","timestamp":"2026-05-02 02:06:50"}
{"level":"info","message":"GET /api/team-comments 304 in 340ms :: [{\"id\":20,\"authorId\":\"admin-id\",\"authorN…","service":"stargem-manager","timestamp":"2026-05-02 02:06:51"}
{"level":"info","message":"GET /api/todos 304 in 328ms :: [{\"id\":1,\"text\":\"Implementare verifica SMS/Whats…","service":"stargem-manager","timestamp":"2026-05-02 02:07:01"}
{"level":"info","message":"GET /api/team-comments 304 in 329ms :: [{\"id\":20,\"authorId\":\"admin-id\",\"authorN…","service":"stargem-manager","timestamp":"2026-05-02 02:07:01"}
{"level":"info","message":"GET /api/users/presence/active 200 in 428ms :: [{\"id\":\"admin-id\",\"username\":\"ad…","service":"stargem-manager","timestamp":"2026-05-02 02:07:01"}
{"level":"info","message":"GET /api/todos 304 in 325ms :: [{\"id\":1,\"text\":\"Implementare verifica SMS/Whats…","service":"stargem-manager","timestamp":"2026-05-02 02:07:11"}
{"level":"info","message":"GET /api/team-comments 304 in 327ms :: [{\"id\":20,\"authorId\":\"admin-id\",\"authorN…","service":"stargem-manager","timestamp":"2026-05-02 02:07:11"}
{"level":"info","message":"GET /api/users/presence/active 304 in 520ms :: [{\"id\":\"admin-id\",\"username\":\"ad…","service":"stargem-manager","timestamp":"2026-05-02 02:07:17"}
{"level":"info","message":"GET /api/todos 304 in 324ms :: [{\"id\":1,\"text\":\"Implementare verifica SMS/Whats…","service":"stargem-manager","timestamp":"2026-05-02 02:07:21"}
{"level":"info","message":"GET /api/team-comments 304 in 324ms :: [{\"id\":20,\"authorId\":\"admin-id\",\"authorN…","service":"stargem-manager","timestamp":"2026-05-02 02:07:21"}
{"level":"info","message":"POST /api/users/presence/heartbeat 200 in 362ms :: {\"success\":true}","service":"stargem-manager","timestamp":"2026-05-02 02:07:24"}
{"level":"info","message":"GET /api/todos 304 in 333ms :: [{\"id\":1,\"text\":\"Implementare verifica SMS/Whats…","service":"stargem-manager","timestamp":"2026-05-02 02:07:32"}
{"level":"info","message":"GET /api/team-comments 304 in 333ms :: [{\"id\":20,\"authorId\":\"admin-id\",\"authorN…","service":"stargem-manager","timestamp":"2026-05-02 02:07:32"}
{"level":"info","message":"GET /api/users/presence/active 200 in 537ms :: [{\"id\":\"admin-id\",\"username\":\"ad…","service":"stargem-manager","timestamp":"2026-05-02 02:07:33"}
{"level":"info","message":"GET /api/todos 304 in 376ms :: [{\"id\":1,\"text\":\"Implementare verifica SMS/Whats…","service":"stargem-manager","timestamp":"2026-05-02 02:07:42"}
{"level":"info","message":"GET /api/team-comments 304 in 378ms :: [{\"id\":20,\"authorId\":\"admin-id\",\"authorN…","service":"stargem-manager","timestamp":"2026-05-02 02:07:42"}
{"level":"info","message":"GET /api/gemteam/permessi/pending-count 304 in 245ms :: {\"count\":0}","service":"stargem-manager","timestamp":"2026-05-02 02:07:46"}
{"level":"info","message":"GET /api/users/presence/active 304 in 542ms :: [{\"id\":\"admin-id\",\"username\":\"ad…","service":"stargem-manager","timestamp":"2026-05-02 02:07:48"}
{"level":"info","message":"GET /api/todos 304 in 324ms :: [{\"id\":1,\"text\":\"Implementare verifica SMS/Whats…","service":"stargem-manager","timestamp":"2026-05-02 02:07:53"}
{"level":"info","message":"GET /api/team-comments 304 in 327ms :: [{\"id\":20,\"authorId\":\"admin-id\",\"authorN…","service":"stargem-manager","timestamp":"2026-05-02 02:07:53"}
{"level":"info","message":"GET /api/todos 304 in 327ms :: [{\"id\":1,\"text\":\"Implementare verifica SMS/Whats…","service":"stargem-manager","timestamp":"2026-05-02 02:08:03"}
{"level":"info","message":"GET /api/team-comments 304 in 327ms :: [{\"id\":20,\"authorId\":\"admin-id\",\"authorN…","service":"stargem-manager","timestamp":"2026-05-02 02:08:03"}
{"level":"info","message":"GET /api/users/presence/active 304 in 404ms :: [{\"id\":\"admin-id\",\"username\":\"ad…","service":"stargem-manager","timestamp":"2026-05-02 02:08:03"}
{"level":"info","message":"GET /api/todos 304 in 321ms :: [{\"id\":1,\"text\":\"Implementare verifica SMS/Whats…","service":"stargem-manager","timestamp":"2026-05-02 02:08:13"}
{"level":"info","message":"GET /api/team-comments 304 in 321ms :: [{\"id\":20,\"authorId\":\"admin-id\",\"authorN…","service":"stargem-manager","timestamp":"2026-05-02 02:08:13"}
{"level":"info","message":"GET /api/users/presence/active 200 in 544ms :: [{\"id\":\"admin-id\",\"username\":\"ad…","service":"stargem-manager","timestamp":"2026-05-02 02:08:19"}
{"level":"info","message":"GET /api/todos 304 in 368ms :: [{\"id\":1,\"text\":\"Implementare verifica SMS/Whats…","service":"stargem-manager","timestamp":"2026-05-02 02:08:24"}
{"level":"info","message":"GET /api/team-comments 304 in 368ms :: [{\"id\":20,\"authorId\":\"admin-id\",\"authorN…","service":"stargem-manager","timestamp":"2026-05-02 02:08:24"}
{"level":"info","message":"GET /api/todos 304 in 325ms :: [{\"id\":1,\"text\":\"Implementare verifica SMS/Whats…","service":"stargem-manager","timestamp":"2026-05-02 02:08:34"}
{"level":"info","message":"GET /api/team-comments 304 in 327ms :: [{\"id\":20,\"authorId\":\"admin-id\",\"authorN…","service":"stargem-manager","timestamp":"2026-05-02 02:08:34"}
{"level":"info","message":"GET /api/users/presence/active 304 in 422ms :: [{\"id\":\"admin-id\",\"username\":\"ad…","service":"stargem-manager","timestamp":"2026-05-02 02:08:34"}
{"level":"info","message":"POST /api/users/presence/heartbeat 200 in 333ms :: {\"success\":true}","service":"stargem-manager","timestamp":"2026-05-02 02:08:36"}
{"level":"info","message":"GET /api/todos 304 in 322ms :: [{\"id\":1,\"text\":\"Implementare verifica SMS/Whats…","service":"stargem-manager","timestamp":"2026-05-02 02:08:44"}
{"level":"info","message":"GET /api/team-comments 304 in 322ms :: [{\"id\":20,\"authorId\":\"admin-id\",\"authorN…","service":"stargem-manager","timestamp":"2026-05-02 02:08:44"}
{"level":"info","message":"GET /api/gemteam/permessi/pending-count 304 in 266ms :: {\"count\":0}","service":"stargem-manager","timestamp":"2026-05-02 02:08:46"}
{"level":"info","message":"GET /api/users/presence/active 200 in 538ms :: [{\"id\":\"admin-id\",\"username\":\"ad…","service":"stargem-manager","timestamp":"2026-05-02 02:08:50"}
{"level":"info","message":"GET /api/todos 304 in 323ms :: [{\"id\":1,\"text\":\"Implementare verifica SMS/Whats…","service":"stargem-manager","timestamp":"2026-05-02 02:08:55"}
{"level":"info","message":"GET /api/team-comments 304 in 324ms :: [{\"id\":20,\"authorId\":\"admin-id\",\"authorN…","service":"stargem-manager","timestamp":"2026-05-02 02:08:55"}
{"level":"info","message":"GET /api/paid-trials 200 in 299ms","service":"stargem-manager","timestamp":"2026-05-02 02:09:01"}
{"level":"info","message":"GET /api/free-trials 200 in 298ms","service":"stargem-manager","timestamp":"2026-05-02 02:09:01"}
{"level":"info","message":"GET /api/workshops 200 in 303ms","service":"stargem-manager","timestamp":"2026-05-02 02:09:01"}
{"level":"info","message":"GET /api/client-categories 200 in 332ms","service":"stargem-manager","timestamp":"2026-05-02 02:09:01"}
{"level":"info","message":"GET /api/price-lists 304 in 356ms :: [{\"id\":18,\"name\":\"Settembre\",\"validFrom\":\"…","service":"stargem-manager","timestamp":"2026-05-02 02:09:01"}
{"level":"info","message":"GET /api/team-notes 304 in 360ms :: []","service":"stargem-manager","timestamp":"2026-05-02 02:09:01"}
{"level":"info","message":"GET /api/single-lessons 200 in 150ms","service":"stargem-manager","timestamp":"2026-05-02 02:09:02"}
{"level":"info","message":"GET /api/trainings 200 in 163ms","service":"stargem-manager","timestamp":"2026-05-02 02:09:02"}
{"level":"info","message":"GET /api/sunday-activities 200 in 165ms","service":"stargem-manager","timestamp":"2026-05-02 02:09:02"}
{"level":"info","message":"GET /api/individual-lessons 200 in 166ms","service":"stargem-manager","timestamp":"2026-05-02 02:09:02"}
{"level":"info","message":"GET /api/campus-activities 200 in 177ms","service":"stargem-manager","timestamp":"2026-05-02 02:09:02"}
{"level":"info","message":"GET /api/recitals 200 in 199ms","service":"stargem-manager","timestamp":"2026-05-02 02:09:02"}
{"level":"info","message":"GET /api/vacation-studies 200 in 167ms","service":"stargem-manager","timestamp":"2026-05-02 02:09:02"}
{"level":"info","message":"GET /api/categories 200 in 175ms","service":"stargem-manager","timestamp":"2026-05-02 02:09:02"}
{"level":"info","message":"GET /api/knowledge 200 in 203ms","service":"stargem-manager","timestamp":"2026-05-02 02:09:02"}
{"level":"info","message":"GET /api/workshop-categories 200 in 175ms","service":"stargem-manager","timestamp":"2026-05-02 02:09:02"}
{"level":"info","message":"GET /api/sunday-categories 200 in 188ms","service":"stargem-manager","timestamp":"2026-05-02 02:09:02"}
{"level":"info","message":"GET /api/training-categories 200 in 169ms","service":"stargem-manager","timestamp":"2026-05-02 02:09:02"}
{"level":"info","message":"GET /api/individual-lesson-categories 200 in 320ms","service":"stargem-manager","timestamp":"2026-05-02 02:09:02"}
{"level":"info","message":"GET /api/campus-categories 200 in 348ms","service":"stargem-manager","timestamp":"2026-05-02 02:09:02"}
{"level":"info","message":"GET /api/recital-categories 200 in 328ms","service":"stargem-manager","timestamp":"2026-05-02 02:09:02"}
{"level":"info","message":"GET /api/vacation-categories 200 in 344ms","service":"stargem-manager","timestamp":"2026-05-02 02:09:02"}
{"level":"info","message":"GET /api/custom-lists/livello_crm 304 in 402ms :: {\"id\":19,\"name\":\"Livello CRM\"…","service":"stargem-manager","timestamp":"2026-05-02 02:09:02"}
{"level":"info","message":"GET /api/enrollment-details 304 in 183ms :: [{\"id\":2,\"name\":\"Iscritto Donna\",\"c…","service":"stargem-manager","timestamp":"2026-05-02 02:09:02"}
{"level":"info","message":"GET /api/custom-lists/provenienza_marketing 304 in 421ms :: {\"id\":18,\"name\":\"Ca…","service":"stargem-manager","timestamp":"2026-05-02 02:09:02"}
{"level":"info","message":"GET /api/client-categories 200 in 154ms","service":"stargem-manager","timestamp":"2026-05-02 02:09:02"}
{"level":"info","message":"GET /api/members/duplicates 304 in 571ms :: [{\"id1\":16881,\"id2\":18708,\"name1\":\"…","service":"stargem-manager","timestamp":"2026-05-02 02:09:03"}
{"level":"info","message":"GET /api/todos 304 in 321ms :: [{\"id\":1,\"text\":\"Implementare verifica SMS/Whats…","service":"stargem-manager","timestamp":"2026-05-02 02:09:05"}
{"level":"info","message":"GET /api/team-comments 304 in 320ms :: [{\"id\":20,\"authorId\":\"admin-id\",\"authorN…","service":"stargem-manager","timestamp":"2026-05-02 02:09:05"}
{"level":"info","message":"GET /api/users/presence/active 304 in 472ms :: [{\"id\":\"admin-id\",\"username\":\"ad…","service":"stargem-manager","timestamp":"2026-05-02 02:09:05"}
{"level":"info","message":"GET /api/enrollments/pending 304 in 197ms :: []","service":"stargem-manager","timestamp":"2026-05-02 02:09:06"}
{"level":"info","message":"GET /api/team-notes 304 in 253ms :: [{\"id\":30,\"authorId\":\"admin-id\",\"authorName…","service":"stargem-manager","timestamp":"2026-05-02 02:09:06"}
{"level":"info","message":"GET /api/stats/alerts 304 in 738ms :: {\"expiringMemberships\":0,\"expiredCertific…","service":"stargem-manager","timestamp":"2026-05-02 02:09:06"}
{"level":"info","message":"GET /api/stats/recent-activity 304 in 1716ms :: [{\"memberName\":\"AURORA GRIECO\",…","service":"stargem-manager","timestamp":"2026-05-02 02:09:07"}
{"level":"info","message":"GET /api/stats/dashboard 304 in 1885ms :: {\"totalMembers\":4918,\"activeMembershi…","service":"stargem-manager","timestamp":"2026-05-02 02:09:07"}
{"level":"info","message":"POST /api/users/presence/heartbeat 200 in 337ms :: {\"success\":true}","service":"stargem-manager","timestamp":"2026-05-02 02:09:09"}
{"level":"info","message":"GET /api/client-categories 200 in 204ms","service":"stargem-manager","timestamp":"2026-05-02 02:09:10"}
{"level":"info","message":"GET /api/participant-types 500 in 235ms :: {\"message\":\"Failed to fetch particip…","service":"stargem-manager","timestamp":"2026-05-02 02:09:10"}
{"level":"info","message":"GET /api/subscription-types 500 in 265ms :: {\"message\":\"Failed to fetch subscri…","service":"stargem-manager","timestamp":"2026-05-02 02:09:10"}
{"level":"info","message":"GET /api/team-notes 304 in 265ms :: []","service":"stargem-manager","timestamp":"2026-05-02 02:09:10"}
{"level":"info","message":"GET /api/members 304 in 319ms :: {\"members\":[{\"id\":15616,\"firstName\":\"LIA\",\"las…","service":"stargem-manager","timestamp":"2026-05-02 02:09:10"}
{"level":"info","message":"GET /api/payments 304 in 321ms :: []","service":"stargem-manager","timestamp":"2026-05-02 02:09:10"}
{"level":"info","message":"GET /api/members 304 in 249ms :: {\"members\":[{\"id\":15616,\"firstName\":\"LIA\",\"las…","service":"stargem-manager","timestamp":"2026-05-02 02:09:10"}
{"level":"info","message":"GET /api/members/counts-by-type 304 in 243ms :: {\"partecipanti\":\"4826\",\"staff\":…","service":"stargem-manager","timestamp":"2026-05-02 02:09:10"}
{"level":"info","message":"GET /api/enrollments 304 in 310ms :: [{\"id\":65,\"memberId\":14194,\"courseId\":7,\"p…","service":"stargem-manager","timestamp":"2026-05-02 02:09:10"}
{"level":"info","message":"GET /api/members/missing-data 304 in 297ms :: {\"missingFiscalCode\":731,\"missing…","service":"stargem-manager","timestamp":"2026-05-02 02:09:10"}
{"level":"info","message":"GET /api/todos 304 in 327ms :: [{\"id\":1,\"text\":\"Implementare verifica SMS/Whats…","service":"stargem-manager","timestamp":"2026-05-02 02:09:15"}
{"level":"info","message":"GET /api/team-comments 304 in 330ms :: [{\"id\":20,\"authorId\":\"admin-id\",\"authorN…","service":"stargem-manager","timestamp":"2026-05-02 02:09:15"}
{"level":"info","message":"GET /api/users/presence/active 200 in 544ms :: [{\"id\":\"admin-id\",\"username\":\"ad…","service":"stargem-manager","timestamp":"2026-05-02 02:09:21"}
{"level":"info","message":"GET /api/todos 304 in 323ms :: [{\"id\":1,\"text\":\"Implementare verifica SMS/Whats…","service":"stargem-manager","timestamp":"2026-05-02 02:09:26"}
{"level":"info","message":"GET /api/team-comments 304 in 323ms :: [{\"id\":20,\"authorId\":\"admin-id\",\"authorN…","service":"stargem-manager","timestamp":"2026-05-02 02:09:26"}
{"level":"info","message":"GET /api/todos 304 in 330ms :: [{\"id\":1,\"text\":\"Implementare verifica SMS/Whats…","service":"stargem-manager","timestamp":"2026-05-02 02:09:36"}
{"level":"info","message":"GET /api/team-comments 304 in 334ms :: [{\"id\":20,\"authorId\":\"admin-id\",\"authorN…","service":"stargem-manager","timestamp":"2026-05-02 02:09:36"}
{"level":"info","message":"GET /api/users/presence/active 304 in 402ms :: [{\"id\":\"admin-id\",\"username\":\"ad…","service":"stargem-manager","timestamp":"2026-05-02 02:09:36"}
{"level":"info","message":"GET /api/todos 304 in 298ms :: [{\"id\":1,\"text\":\"Implementare verifica SMS/Whats…","service":"stargem-manager","timestamp":"2026-05-02 02:09:46"}
{"level":"info","message":"GET /api/team-comments 304 in 321ms :: [{\"id\":20,\"authorId\":\"admin-id\",\"authorN…","service":"stargem-manager","timestamp":"2026-05-02 02:09:46"}
{"level":"info","message":"GET /api/gemteam/permessi/pending-count 304 in 182ms :: {\"count\":0}","service":"stargem-manager","timestamp":"2026-05-02 02:09:47"}
{"level":"info","message":"GET /api/users/presence/active 304 in 544ms :: [{\"id\":\"admin-id\",\"username\":\"ad…","service":"stargem-manager","timestamp":"2026-05-02 02:09:52"}
{"level":"info","message":"GET /api/todos 304 in 298ms :: [{\"id\":1,\"text\":\"Implementare verifica SMS/Whats…","service":"stargem-manager","timestamp":"2026-05-02 02:09:56"}
{"level":"info","message":"GET /api/team-comments 304 in 319ms :: [{\"id\":20,\"authorId\":\"admin-id\",\"authorN…","service":"stargem-manager","timestamp":"2026-05-02 02:09:57"}
{"level":"info","message":"GET /api/todos 304 in 309ms :: [{\"id\":1,\"text\":\"Implementare verifica SMS/Whats…","service":"stargem-manager","timestamp":"2026-05-02 02:10:07"}
{"level":"info","message":"GET /api/team-comments 304 in 291ms :: [{\"id\":20,\"authorId\":\"admin-id\",\"authorN…","service":"stargem-manager","timestamp":"2026-05-02 02:10:07"}
{"level":"info","message":"GET /api/users/presence/active 304 in 407ms :: [{\"id\":\"admin-id\",\"username\":\"ad…","service":"stargem-manager","timestamp":"2026-05-02 02:10:07"}
{"level":"info","message":"GET /api/todos 304 in 296ms :: [{\"id\":1,\"text\":\"Implementare verifica SMS/Whats…","service":"stargem-manager","timestamp":"2026-05-02 02:10:17"}
{"level":"info","message":"GET /api/team-comments 304 in 297ms :: [{\"id\":20,\"authorId\":\"admin-id\",\"authorN…","service":"stargem-manager","timestamp":"2026-05-02 02:10:17"}
{"level":"info","message":"GET /api/users/presence/active 200 in 530ms :: [{\"id\":\"admin-id\",\"username\":\"ad…","service":"stargem-manager","timestamp":"2026-05-02 02:10:23"}
{"level":"info","message":"GET /api/todos 304 in 307ms :: [{\"id\":1,\"text\":\"Implementare verifica SMS/Whats…","service":"stargem-manager","timestamp":"2026-05-02 02:10:27"}
{"level":"info","message":"GET /api/team-comments 304 in 308ms :: [{\"id\":20,\"authorId\":\"admin-id\",\"authorN…","service":"stargem-manager","timestamp":"2026-05-02 02:10:27"}
{"level":"info","message":"GET /api/todos 304 in 312ms :: [{\"id\":1,\"text\":\"Implementare verifica SMS/Whats…","service":"stargem-manager","timestamp":"2026-05-02 02:10:38"}
{"level":"info","message":"GET /api/team-comments 304 in 311ms :: [{\"id\":20,\"authorId\":\"admin-id\",\"authorN…","service":"stargem-manager","timestamp":"2026-05-02 02:10:38"}
{"level":"info","message":"GET /api/users/presence/active 304 in 432ms :: [{\"id\":\"admin-id\",\"username\":\"ad…","service":"stargem-manager","timestamp":"2026-05-02 02:10:38"}
{"level":"info","message":"GET /api/gemteam/permessi/pending-count 304 in 255ms :: {\"count\":0}","service":"stargem-manager","timestamp":"2026-05-02 02:10:47"}
{"level":"info","message":"GET /api/todos 304 in 295ms :: [{\"id\":1,\"text\":\"Implementare verifica SMS/Whats…","service":"stargem-manager","timestamp":"2026-05-02 02:10:48"}
{"level":"info","message":"GET /api/team-comments 304 in 301ms :: [{\"id\":20,\"authorId\":\"admin-id\",\"authorN…","service":"stargem-manager","timestamp":"2026-05-02 02:10:48"}
{"level":"info","message":"GET /api/users/presence/active 304 in 553ms :: [{\"id\":\"admin-id\",\"username\":\"ad…","service":"stargem-manager","timestamp":"2026-05-02 02:10:54"}
{"level":"info","message":"GET /api/todos 304 in 305ms :: [{\"id\":1,\"text\":\"Implementare verifica SMS/Whats…","service":"stargem-manager","timestamp":"2026-05-02 02:10:58"}
{"level":"info","message":"GET /api/team-comments 304 in 302ms :: [{\"id\":20,\"authorId\":\"admin-id\",\"authorN…","service":"stargem-manager","timestamp":"2026-05-02 02:10:58"}
{"level":"info","message":"GET /api/todos 304 in 305ms :: [{\"id\":1,\"text\":\"Implementare verifica SMS/Whats…","service":"stargem-manager","timestamp":"2026-05-02 02:11:09"}
{"level":"info","message":"GET /api/team-comments 304 in 304ms :: [{\"id\":20,\"authorId\":\"admin-id\",\"authorN…","service":"stargem-manager","timestamp":"2026-05-02 02:11:09"}
{"level":"info","message":"GET /api/users/presence/active 304 in 425ms :: [{\"id\":\"admin-id\",\"username\":\"ad…","service":"stargem-manager","timestamp":"2026-05-02 02:11:09"}
{"level":"info","message":"POST /api/users/presence/heartbeat 200 in 304ms :: {\"success\":true}","service":"stargem-manager","timestamp":"2026-05-02 02:11:11"}
{"level":"info","message":"GET /api/workshops 200 in 312ms","service":"stargem-manager","timestamp":"2026-05-02 02:11:13"}
{"level":"info","message":"GET /api/client-categories 200 in 314ms","service":"stargem-manager","timestamp":"2026-05-02 02:11:13"}
{"level":"info","message":"GET /api/single-lessons 200 in 336ms","service":"stargem-manager","timestamp":"2026-05-02 02:11:13"}
{"level":"info","message":"GET /api/paid-trials 200 in 339ms","service":"stargem-manager","timestamp":"2026-05-02 02:11:13"}
{"level":"info","message":"GET /api/free-trials 200 in 364ms","service":"stargem-manager","timestamp":"2026-05-02 02:11:13"}
{"level":"info","message":"GET /api/team-notes 304 in 367ms :: []","service":"stargem-manager","timestamp":"2026-05-02 02:11:13"}
{"level":"info","message":"GET /api/trainings 200 in 159ms","service":"stargem-manager","timestamp":"2026-05-02 02:11:13"}
{"level":"info","message":"GET /api/sunday-activities 200 in 211ms","service":"stargem-manager","timestamp":"2026-05-02 02:11:13"}
{"level":"info","message":"GET /api/campus-activities 200 in 185ms","service":"stargem-manager","timestamp":"2026-05-02 02:11:13"}
{"level":"info","message":"GET /api/individual-lessons 200 in 210ms","service":"stargem-manager","timestamp":"2026-05-02 02:11:13"}
{"level":"info","message":"GET /api/recitals 200 in 183ms","service":"stargem-manager","timestamp":"2026-05-02 02:11:13"}
{"level":"info","message":"GET /api/vacation-studies 200 in 211ms","service":"stargem-manager","timestamp":"2026-05-02 02:11:13"}
{"level":"info","message":"GET /api/knowledge 200 in 166ms","service":"stargem-manager","timestamp":"2026-05-02 02:11:13"}
{"level":"info","message":"GET /api/categories 200 in 158ms","service":"stargem-manager","timestamp":"2026-05-02 02:11:13"}
{"level":"info","message":"GET /api/workshop-categories 200 in 182ms","service":"stargem-manager","timestamp":"2026-05-02 02:11:13"}
{"level":"info","message":"GET /api/sunday-categories 200 in 159ms","service":"stargem-manager","timestamp":"2026-05-02 02:11:13"}
{"level":"info","message":"GET /api/training-categories 200 in 163ms","service":"stargem-manager","timestamp":"2026-05-02 02:11:13"}
{"level":"info","message":"GET /api/individual-lesson-categories 200 in 185ms","service":"stargem-manager","timestamp":"2026-05-02 02:11:13"}
{"level":"info","message":"GET /api/campus-categories 200 in 157ms","service":"stargem-manager","timestamp":"2026-05-02 02:11:13"}
{"level":"info","message":"GET /api/recital-categories 200 in 205ms","service":"stargem-manager","timestamp":"2026-05-02 02:11:14"}
{"level":"info","message":"GET /api/client-categories 200 in 182ms","service":"stargem-manager","timestamp":"2026-05-02 02:11:14"}
{"level":"info","message":"GET /api/vacation-categories 200 in 209ms","service":"stargem-manager","timestamp":"2026-05-02 02:11:14"}
{"level":"info","message":"GET /api/team-notes 304 in 254ms :: [{\"id\":30,\"authorId\":\"admin-id\",\"authorName…","service":"stargem-manager","timestamp":"2026-05-02 02:11:15"}
{"level":"info","message":"GET /api/client-categories 200 in 142ms","service":"stargem-manager","timestamp":"2026-05-02 02:11:18"}
{"level":"info","message":"GET /api/team-notes 304 in 199ms :: []","service":"stargem-manager","timestamp":"2026-05-02 02:11:18"}
{"level":"info","message":"GET /api/members 304 in 249ms :: {\"members\":[{\"id\":15616,\"firstName\":\"LIA\",\"las…","service":"stargem-manager","timestamp":"2026-05-02 02:11:18"}
{"level":"info","message":"GET /api/subscription-types 500 in 167ms :: {\"message\":\"Failed to fetch subscri…","service":"stargem-manager","timestamp":"2026-05-02 02:11:18"}
{"level":"info","message":"GET /api/participant-types 500 in 197ms :: {\"message\":\"Failed to fetch particip…","service":"stargem-manager","timestamp":"2026-05-02 02:11:18"}
{"level":"info","message":"GET /api/members/counts-by-type 304 in 197ms :: {\"partecipanti\":\"4826\",\"staff\":…","service":"stargem-manager","timestamp":"2026-05-02 02:11:18"}
{"level":"info","message":"GET /api/client-categories 200 in 277ms","service":"stargem-manager","timestamp":"2026-05-02 02:11:19"}
{"level":"info","message":"GET /api/participant-types 500 in 325ms :: {\"message\":\"Failed to fetch particip…","service":"stargem-manager","timestamp":"2026-05-02 02:11:19"}
{"level":"info","message":"GET /api/subscription-types 500 in 342ms :: {\"message\":\"Failed to fetch subscri…","service":"stargem-manager","timestamp":"2026-05-02 02:11:19"}
{"level":"info","message":"GET /api/todos 304 in 247ms :: [{\"id\":1,\"text\":\"Implementare verifica SMS/Whats…","service":"stargem-manager","timestamp":"2026-05-02 02:11:19"}
{"level":"info","message":"GET /api/team-comments 304 in 239ms :: [{\"id\":20,\"authorId\":\"admin-id\",\"authorN…","service":"stargem-manager","timestamp":"2026-05-02 02:11:19"}
{"level":"info","message":"GET /api/gempass/firme-all 304 in 193ms :: [{\"id\":1,\"memberId\":1,\"seasonId\":1,\"…","service":"stargem-manager","timestamp":"2026-05-02 02:11:19"}
{"level":"info","message":"GET /api/team-notes 304 in 224ms :: []","service":"stargem-manager","timestamp":"2026-05-02 02:11:19"}
{"level":"info","message":"GET /api/seasons/active 304 in 249ms :: {\"id\":1,\"name\":\"Stagione 2025/2026\",\"de…","service":"stargem-manager","timestamp":"2026-05-02 02:11:19"}
{"level":"info","message":"GET /api/team-notes 304 in 297ms :: []","service":"stargem-manager","timestamp":"2026-05-02 02:11:24"}
{"level":"info","message":"GET /api/members/entity-cards 304 in 348ms :: [{\"id\":2218,\"userId\":null,\"firstN…","service":"stargem-manager","timestamp":"2026-05-02 02:11:24"}
{"level":"info","message":"GET /api/medical-certificates 304 in 373ms :: [{\"id\":2471,\"memberId\":17092,\"iss…","service":"stargem-manager","timestamp":"2026-05-02 02:11:24"}
{"level":"info","message":"GET /api/users/presence/active 200 in 438ms :: [{\"id\":\"admin-id\",\"username\":\"ad…","service":"stargem-manager","timestamp":"2026-05-02 02:11:25"}
{"level":"info","message":"GET /api/memberships 200 in 6860ms :: [{\"id\":15588,\"memberId\":14432,\"membership…","service":"stargem-manager","timestamp":"2026-05-02 02:11:26"}
{"level":"info","message":"GET /api/todos 304 in 321ms :: [{\"id\":1,\"text\":\"Implementare verifica SMS/Whats…","service":"stargem-manager","timestamp":"2026-05-02 02:11:29"}
{"level":"info","message":"GET /api/team-comments 304 in 338ms :: [{\"id\":20,\"authorId\":\"admin-id\",\"authorN…","service":"stargem-manager","timestamp":"2026-05-02 02:11:29"}
{"level":"info","message":"GET /api/todos 304 in 301ms :: [{\"id\":1,\"text\":\"Implementare verifica SMS/Whats…","service":"stargem-manager","timestamp":"2026-05-02 02:11:40"}
{"level":"info","message":"GET /api/team-comments 304 in 325ms :: [{\"id\":20,\"authorId\":\"admin-id\",\"authorN…","service":"stargem-manager","timestamp":"2026-05-02 02:11:40"}
{"level":"info","message":"GET /api/users/presence/active 304 in 411ms :: [{\"id\":\"admin-id\",\"username\":\"ad…","service":"stargem-manager","timestamp":"2026-05-02 02:11:40"}
{"level":"info","message":"GET /api/todos 304 in 399ms :: [{\"id\":1,\"text\":\"Implementare verifica SMS/Whats…","service":"stargem-manager","timestamp":"2026-05-02 02:11:50"}
{"level":"info","message":"GET /api/team-comments 304 in 372ms :: [{\"id\":20,\"authorId\":\"admin-id\",\"authorN…","service":"stargem-manager","timestamp":"2026-05-02 02:11:50"}
{"level":"info","message":"GET /api/users/presence/active 200 in 566ms :: [{\"id\":\"admin-id\",\"username\":\"ad…","service":"stargem-manager","timestamp":"2026-05-02 02:11:56"}
{"level":"info","message":"GET /api/todos 304 in 323ms :: [{\"id\":1,\"text\":\"Implementare verifica SMS/Whats…","service":"stargem-manager","timestamp":"2026-05-02 02:12:00"}
{"level":"info","message":"GET /api/team-comments 304 in 322ms :: [{\"id\":20,\"authorId\":\"admin-id\",\"authorN…","service":"stargem-manager","timestamp":"2026-05-02 02:12:00"}
{"level":"info","message":"POST /api/users/presence/heartbeat 200 in 407ms :: {\"success\":true}","service":"stargem-manager","timestamp":"2026-05-02 02:12:08"}
{"level":"info","message":"GET /api/todos 304 in 323ms :: [{\"id\":1,\"text\":\"Implementare verifica SMS/Whats…","service":"stargem-manager","timestamp":"2026-05-02 02:12:11"}
{"level":"info","message":"GET /api/team-comments 304 in 323ms :: [{\"id\":20,\"authorId\":\"admin-id\",\"authorN…","service":"stargem-manager","timestamp":"2026-05-02 02:12:11"}
{"level":"info","message":"GET /api/users/presence/active 200 in 471ms :: [{\"id\":\"admin-id\",\"username\":\"ad…","service":"stargem-manager","timestamp":"2026-05-02 02:12:11"}
{"level":"info","message":"GET /api/team-notes 304 in 442ms :: []","service":"stargem-manager","timestamp":"2026-05-02 02:12:11"}
{"level":"info","message":"GET /api/members 304 in 571ms :: {\"members\":[{\"id\":15616,\"firstName\":\"LIA\",\"las…","service":"stargem-manager","timestamp":"2026-05-02 02:12:12"}
{"level":"info","message":"GET /api/team-notes 304 in 250ms :: [{\"id\":30,\"authorId\":\"admin-id\",\"authorName…","service":"stargem-manager","timestamp":"2026-05-02 02:12:15"}
{"level":"info","message":"GET /api/gemteam/permessi/pending-count 304 in 247ms :: {\"count\":0}","service":"stargem-manager","timestamp":"2026-05-02 02:12:19"}
{"level":"info","message":"GET /api/todos 304 in 323ms :: [{\"id\":1,\"text\":\"Implementare verifica SMS/Whats…","service":"stargem-manager","timestamp":"2026-05-02 02:12:21"}
{"level":"info","message":"GET /api/team-comments 304 in 323ms :: [{\"id\":20,\"authorId\":\"admin-id\",\"authorN…","service":"stargem-manager","timestamp":"2026-05-02 02:12:21"}
{"level":"info","message":"GET /api/paid-trials 200 in 278ms","service":"stargem-manager","timestamp":"2026-05-02 02:12:23"}
{"level":"info","message":"GET /api/client-categories 200 in 281ms","service":"stargem-manager","timestamp":"2026-05-02 02:12:23"}
{"level":"info","message":"GET /api/workshops 200 in 307ms","service":"stargem-manager","timestamp":"2026-05-02 02:12:23"}
{"level":"info","message":"GET /api/free-trials 200 in 306ms","service":"stargem-manager","timestamp":"2026-05-02 02:12:23"}
{"level":"info","message":"GET /api/single-lessons 200 in 306ms","service":"stargem-manager","timestamp":"2026-05-02 02:12:23"}
{"level":"info","message":"GET /api/team-notes 304 in 334ms :: []","service":"stargem-manager","timestamp":"2026-05-02 02:12:23"}
{"level":"info","message":"GET /api/trainings 200 in 150ms","service":"stargem-manager","timestamp":"2026-05-02 02:12:23"}
{"level":"info","message":"GET /api/recitals 200 in 173ms","service":"stargem-manager","timestamp":"2026-05-02 02:12:23"}
{"level":"info","message":"GET /api/sunday-activities 200 in 200ms","service":"stargem-manager","timestamp":"2026-05-02 02:12:23"}
{"level":"info","message":"GET /api/campus-activities 200 in 174ms","service":"stargem-manager","timestamp":"2026-05-02 02:12:23"}
{"level":"info","message":"GET /api/individual-lessons 200 in 199ms","service":"stargem-manager","timestamp":"2026-05-02 02:12:23"}
{"level":"info","message":"GET /api/vacation-studies 200 in 197ms","service":"stargem-manager","timestamp":"2026-05-02 02:12:23"}
{"level":"info","message":"GET /api/knowledge 200 in 151ms","service":"stargem-manager","timestamp":"2026-05-02 02:12:23"}
{"level":"info","message":"GET /api/workshop-categories 200 in 139ms","service":"stargem-manager","timestamp":"2026-05-02 02:12:23"}
{"level":"info","message":"GET /api/sunday-categories 200 in 164ms","service":"stargem-manager","timestamp":"2026-05-02 02:12:23"}
{"level":"info","message":"GET /api/categories 200 in 166ms","service":"stargem-manager","timestamp":"2026-05-02 02:12:23"}
{"level":"info","message":"GET /api/training-categories 200 in 157ms","service":"stargem-manager","timestamp":"2026-05-02 02:12:23"}
{"level":"info","message":"GET /api/individual-lesson-categories 200 in 155ms","service":"stargem-manager","timestamp":"2026-05-02 02:12:23"}
{"level":"info","message":"GET /api/campus-categories 200 in 157ms","service":"stargem-manager","timestamp":"2026-05-02 02:12:23"}
{"level":"info","message":"GET /api/client-categories 200 in 174ms","service":"stargem-manager","timestamp":"2026-05-02 02:12:23"}
{"level":"info","message":"GET /api/recital-categories 200 in 200ms","service":"stargem-manager","timestamp":"2026-05-02 02:12:23"}
{"level":"info","message":"GET /api/vacation-categories 200 in 200ms","service":"stargem-manager","timestamp":"2026-05-02 02:12:23"}
{"level":"info","message":"GET /api/team-notes 304 in 291ms :: []","service":"stargem-manager","timestamp":"2026-05-02 02:12:25"}
{"level":"info","message":"GET /api/client-categories 200 in 290ms","service":"stargem-manager","timestamp":"2026-05-02 02:12:25"}
{"level":"info","message":"GET /api/participant-types 500 in 334ms :: {\"message\":\"Failed to fetch particip…","service":"stargem-manager","timestamp":"2026-05-02 02:12:25"}
{"level":"info","message":"GET /api/members/counts-by-type 304 in 335ms :: {\"partecipanti\":\"4826\",\"staff\":…","service":"stargem-manager","timestamp":"2026-05-02 02:12:25"}
{"level":"info","message":"GET /api/subscription-types 500 in 386ms :: {\"message\":\"Failed to fetch subscri…","service":"stargem-manager","timestamp":"2026-05-02 02:12:25"}
{"level":"info","message":"GET /api/members 304 in 412ms :: {\"members\":[{\"id\":15616,\"firstName\":\"LIA\",\"las…","service":"stargem-manager","timestamp":"2026-05-02 02:12:25"}
{"level":"info","message":"GET /api/team-notes 304 in 235ms :: []","service":"stargem-manager","timestamp":"2026-05-02 02:12:27"}
{"level":"info","message":"GET /api/users/presence/active 304 in 462ms :: [{\"id\":\"admin-id\",\"username\":\"ad…","service":"stargem-manager","timestamp":"2026-05-02 02:12:27"}
{"level":"info","message":"GET /api/team-notes 304 in 266ms :: []","service":"stargem-manager","timestamp":"2026-05-02 02:12:30"}
{"level":"info","message":"GET /api/todos 304 in 329ms :: [{\"id\":1,\"text\":\"Implementare verifica SMS/Whats…","service":"stargem-manager","timestamp":"2026-05-02 02:12:31"}
{"level":"info","message":"GET /api/team-comments 304 in 329ms :: [{\"id\":20,\"authorId\":\"admin-id\",\"authorN…","service":"stargem-manager","timestamp":"2026-05-02 02:12:31"}
{"level":"info","message":"GET /api/team-notes 304 in 297ms :: []","service":"stargem-manager","timestamp":"2026-05-02 02:12:34"}
{"level":"info","message":"GET /api/course-quotes-grid 304 in 331ms :: [{\"id\":53,\"activityType\":\"adulti\",\"…","service":"stargem-manager","timestamp":"2026-05-02 02:12:34"}
{"level":"info","message":"GET /api/course-quotes-grid 304 in 375ms :: [{\"id\":53,\"activityType\":\"adulti\",\"…","service":"stargem-manager","timestamp":"2026-05-02 02:12:34"}
{"level":"info","message":"GET /api/team-notes 304 in 327ms :: []","service":"stargem-manager","timestamp":"2026-05-02 02:12:38"}
{"level":"info","message":"GET /api/webhook-logs 304 in 352ms :: [{\"id\":3,\"tenantId\":1,\"source\":\"woocommer…","service":"stargem-manager","timestamp":"2026-05-02 02:12:38"}
{"level":"info","message":"POST /api/users/presence/heartbeat 200 in 492ms :: {\"success\":true}","service":"stargem-manager","timestamp":"2026-05-02 02:12:38"}
{"level":"info","message":"GET /api/wc-product-mapping 200 in 184ms","service":"stargem-manager","timestamp":"2026-05-02 02:12:38"}
{"level":"info","message":"GET /api/team-notes 304 in 236ms :: []","service":"stargem-manager","timestamp":"2026-05-02 02:12:38"}
{"level":"info","message":"GET /api/wc-product-mapping 200 in 181ms","service":"stargem-manager","timestamp":"2026-05-02 02:12:39"}
{"level":"info","message":"GET /api/paid-trials 200 in 199ms","service":"stargem-manager","timestamp":"2026-05-02 02:12:40"}
{"level":"info","message":"GET /api/workshops 200 in 200ms","service":"stargem-manager","timestamp":"2026-05-02 02:12:40"}
{"level":"info","message":"GET /api/free-trials 200 in 225ms","service":"stargem-manager","timestamp":"2026-05-02 02:12:40"}
{"level":"info","message":"GET /api/single-lessons 200 in 224ms","service":"stargem-manager","timestamp":"2026-05-02 02:12:40"}
{"level":"info","message":"GET /api/sunday-activities 200 in 248ms","service":"stargem-manager","timestamp":"2026-05-02 02:12:40"}
{"level":"info","message":"GET /api/team-notes 304 in 276ms :: []","service":"stargem-manager","timestamp":"2026-05-02 02:12:40"}
{"level":"info","message":"GET /api/individual-lessons 200 in 156ms","service":"stargem-manager","timestamp":"2026-05-02 02:12:40"}
{"level":"info","message":"GET /api/trainings 200 in 182ms","service":"stargem-manager","timestamp":"2026-05-02 02:12:40"}
{"level":"info","message":"GET /api/recitals 200 in 155ms","service":"stargem-manager","timestamp":"2026-05-02 02:12:40"}
{"level":"info","message":"GET /api/campus-activities 200 in 182ms","service":"stargem-manager","timestamp":"2026-05-02 02:12:40"}
{"level":"info","message":"GET /api/vacation-studies 200 in 181ms","service":"stargem-manager","timestamp":"2026-05-02 02:12:40"}
{"level":"info","message":"GET /api/payment-methods 500 in 208ms :: {\"message\":\"Failed to fetch payment me…","service":"stargem-manager","timestamp":"2026-05-02 02:12:40"}
{"level":"info","message":"GET /api/workshop-enrollments 200 in 181ms","service":"stargem-manager","timestamp":"2026-05-02 02:12:40"}
{"level":"info","message":"GET /api/workshops 200 in 184ms","service":"stargem-manager","timestamp":"2026-05-02 02:12:40"}
{"level":"info","message":"GET /api/payment-methods 500 in 237ms :: {\"message\":\"Failed to fetch payment me…","service":"stargem-manager","timestamp":"2026-05-02 02:12:41"}
{"level":"info","message":"GET /api/team-notes 304 in 261ms :: []","service":"stargem-manager","timestamp":"2026-05-02 02:12:41"}
{"level":"info","message":"GET /api/todos 304 in 245ms :: [{\"id\":1,\"text\":\"Implementare verifica SMS/Whats…","service":"stargem-manager","timestamp":"2026-05-02 02:12:42"}
{"level":"info","message":"GET /api/team-comments 304 in 245ms :: [{\"id\":20,\"authorId\":\"admin-id\",\"authorN…","service":"stargem-manager","timestamp":"2026-05-02 02:12:42"}
{"level":"info","message":"GET /api/team-notes 304 in 189ms :: []","service":"stargem-manager","timestamp":"2026-05-02 02:12:42"}
{"level":"info","message":"GET /api/custom-reports 304 in 235ms :: []","service":"stargem-manager","timestamp":"2026-05-02 02:12:42"}
{"level":"info","message":"GET /api/stats/reports 304 in 1182ms :: {\"totalMembers\":4918,\"newMembersThisMon…","service":"stargem-manager","timestamp":"2026-05-02 02:12:43"}
{"level":"info","message":"GET /api/users/presence/active 200 in 592ms :: [{\"id\":\"admin-id\",\"username\":\"ad…","service":"stargem-manager","timestamp":"2026-05-02 02:12:43"}
{"level":"info","message":"GET /api/sunday-categories 200 in 284ms","service":"stargem-manager","timestamp":"2026-05-02 02:12:45"}
{"level":"info","message":"GET /api/training-categories 200 in 284ms","service":"stargem-manager","timestamp":"2026-05-02 02:12:45"}
{"level":"info","message":"GET /api/individual-lesson-categories 200 in 287ms","service":"stargem-manager","timestamp":"2026-05-02 02:12:45"}
{"level":"info","message":"GET /api/rental-categories 200 in 311ms","service":"stargem-manager","timestamp":"2026-05-02 02:12:45"}
{"level":"info","message":"GET /api/campus-categories 200 in 310ms","service":"stargem-manager","timestamp":"2026-05-02 02:12:45"}
{"level":"info","message":"GET /api/team-notes 304 in 340ms :: []","service":"stargem-manager","timestamp":"2026-05-02 02:12:45"}
{"level":"info","message":"GET /api/booking-service-categories 200 in 145ms","service":"stargem-manager","timestamp":"2026-05-02 02:12:45"}
{"level":"info","message":"GET /api/vacation-categories 200 in 147ms","service":"stargem-manager","timestamp":"2026-05-02 02:12:45"}
{"level":"info","message":"GET /api/recital-categories 200 in 181ms","service":"stargem-manager","timestamp":"2026-05-02 02:12:45"}
{"level":"info","message":"GET /api/workshop-categories 200 in 154ms","service":"stargem-manager","timestamp":"2026-05-02 02:12:45"}
{"level":"info","message":"GET /api/merchandising-categories 200 in 182ms","service":"stargem-manager","timestamp":"2026-05-02 02:12:45"}
{"level":"info","message":"GET /api/custom-lists/categorie 304 in 261ms :: {\"id\":23,\"name\":\"Categorie\",\"sy…","service":"stargem-manager","timestamp":"2026-05-02 02:12:45"}
{"level":"info","message":"GET /api/courses 304 in 243ms :: [{\"id\":802,\"sku\":\"2526AMBER-ALDRIN15MA\",\"name\"…","service":"stargem-manager","timestamp":"2026-05-02 02:12:45"}
{"level":"info","message":"GET /api/custom-lists/numero_persone 304 in 304ms :: {\"id\":25,\"name\":\"Numero Pe…","service":"stargem-manager","timestamp":"2026-05-02 02:12:47"}
{"level":"info","message":"GET /api/custom-lists/posti_disponibili 304 in 331ms :: {\"id\":14,\"name\":\"Posti …","service":"stargem-manager","timestamp":"2026-05-02 02:12:47"}
{"level":"info","message":"GET /api/custom-lists/livello 304 in 332ms :: {\"id\":5,\"name\":\"Livello\",\"systemN…","service":"stargem-manager","timestamp":"2026-05-02 02:12:47"}
{"level":"info","message":"GET /api/custom-lists/genere 304 in 333ms :: {\"id\":21,\"name\":\"Generi Workshop\",…","service":"stargem-manager","timestamp":"2026-05-02 02:12:47"}
{"level":"info","message":"GET /api/custom-lists/nomi_corsi 304 in 356ms :: {\"id\":15,\"name\":\"Generi Corsi\"…","service":"stargem-manager","timestamp":"2026-05-02 02:12:47"}
{"level":"info","message":"GET /api/custom-lists/fascia_eta 304 in 381ms :: {\"id\":6,\"name\":\"Fascia età\",\"s…","service":"stargem-manager","timestamp":"2026-05-02 02:12:47"}
{"level":"info","message":"GET /api/team-notes 304 in 184ms :: []","service":"stargem-manager","timestamp":"2026-05-02 02:12:47"}
{"level":"info","message":"GET /api/custom-lists/campus 304 in 239ms :: {\"id\":22,\"name\":\"Campus\",\"systemNa…","service":"stargem-manager","timestamp":"2026-05-02 02:12:47"}
{"level":"info","message":"GET /api/custom-lists/pacchetti_prenotazioni 304 in 213ms :: {\"items\":[]}","service":"stargem-manager","timestamp":"2026-05-02 02:12:47"}
{"level":"info","message":"GET /api/courses 304 in 236ms :: [{\"id\":827,\"sku\":\"2526GEDDOVEN20\",\"name\":\"Cors…","service":"stargem-manager","timestamp":"2026-05-02 02:12:47"}
{"level":"info","message":"GET /api/attendances 304 in 242ms :: []","service":"stargem-manager","timestamp":"2026-05-02 02:12:47"}
{"level":"info","message":"GET /api/team-notes 304 in 305ms :: []","service":"stargem-manager","timestamp":"2026-05-02 02:12:50"}
{"level":"info","message":"GET /api/enrollments 304 in 347ms :: [{\"id\":12454,\"memberId\":18192,\"courseId\":5…","service":"stargem-manager","timestamp":"2026-05-02 02:12:50"}
{"level":"info","message":"GET /api/courses 304 in 354ms :: []","service":"stargem-manager","timestamp":"2026-05-02 02:12:50"}
{"level":"info","message":"GET /api/courses 304 in 382ms :: []","service":"stargem-manager","timestamp":"2026-05-02 02:12:50"}
{"level":"info","message":"GET /api/courses 304 in 382ms :: [{\"id\":827,\"sku\":\"2526GEDDOVEN20\",\"name\":\"Cors…","service":"stargem-manager","timestamp":"2026-05-02 02:12:50"}
{"level":"info","message":"GET /api/enrollments 304 in 410ms :: [{\"id\":65,\"memberId\":14194,\"courseId\":7,\"p…","service":"stargem-manager","timestamp":"2026-05-02 02:12:50"}
{"level":"info","message":"GET /api/courses 304 in 241ms :: [{\"id\":810,\"sku\":\"PROVA2526CRUZMAR12\",\"name\":\"…","service":"stargem-manager","timestamp":"2026-05-02 02:12:50"}
{"level":"info","message":"GET /api/courses 304 in 225ms :: []","service":"stargem-manager","timestamp":"2026-05-02 02:12:51"}
{"level":"info","message":"GET /api/courses 304 in 224ms :: [{\"id\":807,\"sku\":\"2526KUQI15MAR - A\",\"name\":\"D…","service":"stargem-manager","timestamp":"2026-05-02 02:12:51"}
{"level":"info","message":"GET /api/courses 304 in 217ms :: []","service":"stargem-manager","timestamp":"2026-05-02 02:12:51"}
{"level":"info","message":"GET /api/courses 304 in 205ms :: [{\"id\":529,\"sku\":\"2526ALLENAMENTO\",\"name\":\"All…","service":"stargem-manager","timestamp":"2026-05-02 02:12:51"}
{"level":"info","message":"GET /api/enrollments 304 in 266ms :: [{\"id\":6133,\"memberId\":18311,\"courseId\":53…","service":"stargem-manager","timestamp":"2026-05-02 02:12:51"}
{"level":"info","message":"GET /api/enrollments 304 in 227ms :: []","service":"stargem-manager","timestamp":"2026-05-02 02:12:51"}
{"level":"info","message":"GET /api/courses 304 in 195ms :: [{\"id\":560,\"sku\":\"2526LEZINDIVIDUALE\",\"name\":\"…","service":"stargem-manager","timestamp":"2026-05-02 02:12:51"}
{"level":"info","message":"GET /api/enrollments 304 in 204ms :: [{\"id\":6071,\"memberId\":15573,\"courseId\":52…","service":"stargem-manager","timestamp":"2026-05-02 02:12:51"}
{"level":"info","message":"GET /api/courses 304 in 227ms :: []","service":"stargem-manager","timestamp":"2026-05-02 02:12:51"}
{"level":"info","message":"GET /api/enrollments 304 in 209ms :: []","service":"stargem-manager","timestamp":"2026-05-02 02:12:51"}
{"level":"info","message":"GET /api/enrollments 304 in 247ms :: []","service":"stargem-manager","timestamp":"2026-05-02 02:12:51"}
{"level":"info","message":"GET /api/enrollments 304 in 188ms :: []","service":"stargem-manager","timestamp":"2026-05-02 02:12:51"}
{"level":"info","message":"GET /api/enrollments 304 in 252ms :: [{\"id\":7224,\"memberId\":14186,\"courseId\":56…","service":"stargem-manager","timestamp":"2026-05-02 02:12:51"}
{"level":"info","message":"GET /api/enrollments 304 in 243ms :: [{\"id\":6929,\"memberId\":17989,\"courseId\":56…","service":"stargem-manager","timestamp":"2026-05-02 02:12:51"}
{"level":"info","message":"GET /api/courses 304 in 251ms :: [{\"id\":813,\"sku\":\"2526CAMPUSDANZAS2\",\"name\":\"C…","service":"stargem-manager","timestamp":"2026-05-02 02:12:51"}
{"level":"info","message":"GET /api/enrollments 304 in 223ms :: []","service":"stargem-manager","timestamp":"2026-05-02 02:12:51"}
{"level":"info","message":"GET /api/enrollments 304 in 237ms :: [{\"id\":10586,\"memberId\":14957,\"courseId\":7…","service":"stargem-manager","timestamp":"2026-05-02 02:12:51"}
{"level":"info","message":"GET /api/todos 304 in 233ms :: [{\"id\":1,\"text\":\"Implementare verifica SMS/Whats…","service":"stargem-manager","timestamp":"2026-05-02 02:12:52"}
{"level":"info","message":"GET /api/team-comments 304 in 232ms :: [{\"id\":20,\"authorId\":\"admin-id\",\"authorN…","service":"stargem-manager","timestamp":"2026-05-02 02:12:52"}
{"level":"info","message":"GET /api/workshop-attendances 200 in 170ms","service":"stargem-manager","timestamp":"2026-05-02 02:12:52"}
{"level":"info","message":"GET /api/workshops 200 in 196ms","service":"stargem-manager","timestamp":"2026-05-02 02:12:52"}
{"level":"info","message":"GET /api/workshops 200 in 194ms","service":"stargem-manager","timestamp":"2026-05-02 02:12:52"}
{"level":"info","message":"GET /api/payment-methods 500 in 224ms :: {\"message\":\"Failed to fetch payment me…","service":"stargem-manager","timestamp":"2026-05-02 02:12:52"}
{"level":"info","message":"GET /api/team-notes 304 in 229ms :: []","service":"stargem-manager","timestamp":"2026-05-02 02:12:52"}
{"level":"info","message":"GET /api/courses 304 in 285ms :: [{\"id\":845,\"sku\":\"2627MALINMER17\",\"name\":\"Danz…","service":"stargem-manager","timestamp":"2026-05-02 02:12:52"}
{"level":"info","message":"GET /api/strategic-events 304 in 292ms :: [{\"id\":61,\"title\":\"Ferragosto\",\"descr…","service":"stargem-manager","timestamp":"2026-05-02 02:12:52"}
{"level":"info","message":"GET /api/strategic-events/closed-days 304 in 312ms :: {\"closedDays\":[\"2026-11-0…","service":"stargem-manager","timestamp":"2026-05-02 02:12:52"}
{"level":"info","message":"GET /api/courses 304 in 338ms :: [{\"id\":845,\"sku\":\"2627MALINMER17\",\"name\":\"Danz…","service":"stargem-manager","timestamp":"2026-05-02 02:12:52"}
{"level":"info","message":"GET /api/users/presence/active 304 in 566ms :: [{\"id\":\"admin-id\",\"username\":\"ad…","service":"stargem-manager","timestamp":"2026-05-02 02:12:59"}
{"level":"info","message":"GET /api/todos 304 in 363ms :: [{\"id\":1,\"text\":\"Implementare verifica SMS/Whats…","service":"stargem-manager","timestamp":"2026-05-02 02:13:02"}
{"level":"info","message":"GET /api/team-comments 304 in 364ms :: [{\"id\":20,\"authorId\":\"admin-id\",\"authorN…","service":"stargem-manager","timestamp":"2026-05-02 02:13:02"}
{"level":"info","message":"POST /api/users/presence/heartbeat 200 in 359ms :: {\"success\":true}","service":"stargem-manager","timestamp":"2026-05-02 02:13:08"}
{"level":"info","message":"GET /api/workshops 200 in 281ms","service":"stargem-manager","timestamp":"2026-05-02 02:13:12"}
{"level":"info","message":"GET /api/sunday-activities 200 in 281ms","service":"stargem-manager","timestamp":"2026-05-02 02:13:12"}
{"level":"info","message":"GET /api/recitals 200 in 308ms","service":"stargem-manager","timestamp":"2026-05-02 02:13:12"}
{"level":"info","message":"GET /api/campus 200 in 319ms","service":"stargem-manager","timestamp":"2026-05-02 02:13:12"}
{"level":"info","message":"GET /api/team-notes 304 in 354ms :: []","service":"stargem-manager","timestamp":"2026-05-02 02:13:12"}
{"level":"info","message":"GET /api/vacation-studies 200 in 184ms","service":"stargem-manager","timestamp":"2026-05-02 02:13:12"}
{"level":"info","message":"GET /api/strategic-events 304 in 225ms :: [{\"id\":61,\"title\":\"Ferragosto\",\"descr…","service":"stargem-manager","timestamp":"2026-05-02 02:13:12"}
{"level":"info","message":"GET /api/todos 304 in 217ms :: [{\"id\":1,\"text\":\"Implementare verifica SMS/Whats…","service":"stargem-manager","timestamp":"2026-05-02 02:13:12"}
{"level":"info","message":"GET /api/team-comments 304 in 221ms :: [{\"id\":20,\"authorId\":\"admin-id\",\"authorN…","service":"stargem-manager","timestamp":"2026-05-02 02:13:12"}
{"level":"info","message":"GET /api/activities-unified-preview 304 in 888ms :: [{\"id\":\"course_7_2025-09-01…","service":"stargem-manager","timestamp":"2026-05-02 02:13:13"}
{"level":"info","message":"GET /api/users/presence/active 200 in 499ms :: [{\"id\":\"admin-id\",\"username\":\"ad…","service":"stargem-manager","timestamp":"2026-05-02 02:13:15"}
{"level":"info","message":"GET /api/gemteam/permessi/pending-count 304 in 250ms :: {\"count\":0}","service":"stargem-manager","timestamp":"2026-05-02 02:13:19"}
{"level":"info","message":"GET /api/team-notes 304 in 256ms :: []","service":"stargem-manager","timestamp":"2026-05-02 02:13:22"}
{"level":"info","message":"GET /api/todos 304 in 290ms :: [{\"id\":1,\"text\":\"Implementare verifica SMS/Whats…","service":"stargem-manager","timestamp":"2026-05-02 02:13:23"}
{"level":"info","message":"GET /api/team-comments 304 in 306ms :: [{\"id\":20,\"authorId\":\"admin-id\",\"authorN…","service":"stargem-manager","timestamp":"2026-05-02 02:13:23"}
{"level":"info","message":"GET /api/users/presence/active 304 in 526ms :: [{\"id\":\"admin-id\",\"username\":\"ad…","service":"stargem-manager","timestamp":"2026-05-02 02:13:30"}
{"level":"info","message":"GET /api/todos 304 in 322ms :: [{\"id\":1,\"text\":\"Implementare verifica SMS/Whats…","service":"stargem-manager","timestamp":"2026-05-02 02:13:33"}
{"level":"info","message":"GET /api/team-comments 304 in 322ms :: [{\"id\":20,\"authorId\":\"admin-id\",\"authorN…","service":"stargem-manager","timestamp":"2026-05-02 02:13:33"}
{"level":"info","message":"GET /api/campus 200 in 287ms","service":"stargem-manager","timestamp":"2026-05-02 02:13:36"}
{"level":"info","message":"GET /api/sunday-activities 200 in 288ms","service":"stargem-manager","timestamp":"2026-05-02 02:13:36"}
{"level":"info","message":"GET /api/vacation-studies 200 in 314ms","service":"stargem-manager","timestamp":"2026-05-02 02:13:36"}
{"level":"info","message":"GET /api/workshops 200 in 340ms","service":"stargem-manager","timestamp":"2026-05-02 02:13:36"}
{"level":"info","message":"GET /api/recitals 200 in 340ms","service":"stargem-manager","timestamp":"2026-05-02 02:13:36"}
{"level":"info","message":"POST /api/users/presence/heartbeat 200 in 281ms :: {\"success\":true}","service":"stargem-manager","timestamp":"2026-05-02 02:13:39"}
{"level":"info","message":"GET /api/todos 304 in 335ms :: [{\"id\":1,\"text\":\"Implementare verifica SMS/Whats…","service":"stargem-manager","timestamp":"2026-05-02 02:13:43"}
{"level":"info","message":"GET /api/team-comments 304 in 336ms :: [{\"id\":20,\"authorId\":\"admin-id\",\"authorN…","service":"stargem-manager","timestamp":"2026-05-02 02:13:43"}
{"level":"info","message":"GET /api/activity-logs 304 in 197ms :: [{\"id\":2597,\"userId\":\"admin-id\",\"action\"…","service":"stargem-manager","timestamp":"2026-05-02 02:13:44"}
{"level":"info","message":"GET /api/users/presence/active 200 in 514ms :: [{\"id\":\"admin-id\",\"username\":\"ad…","service":"stargem-manager","timestamp":"2026-05-02 02:13:46"}
{"level":"info","message":"GET /api/todos 304 in 328ms :: [{\"id\":1,\"text\":\"Implementare verifica SMS/Whats…","service":"stargem-manager","timestamp":"2026-05-02 02:13:54"}
{"level":"info","message":"GET /api/team-comments 304 in 330ms :: [{\"id\":20,\"authorId\":\"admin-id\",\"authorN…","service":"stargem-manager","timestamp":"2026-05-02 02:13:54"}
{"level":"info","message":"GET /api/users/presence/active 304 in 523ms :: [{\"id\":\"admin-id\",\"username\":\"ad…","service":"stargem-manager","timestamp":"2026-05-02 02:14:01"}
{"level":"info","message":"GET /api/todos 304 in 321ms :: [{\"id\":1,\"text\":\"Implementare verifica SMS/Whats…","service":"stargem-manager","timestamp":"2026-05-02 02:14:04"}
{"level":"info","message":"GET /api/team-comments 304 in 322ms :: [{\"id\":20,\"authorId\":\"admin-id\",\"authorN…","service":"stargem-manager","timestamp":"2026-05-02 02:14:04"}
{"level":"info","message":"GET /api/todos 304 in 297ms :: [{\"id\":1,\"text\":\"Implementare verifica SMS/Whats…","service":"stargem-manager","timestamp":"2026-05-02 02:14:14"}
{"level":"info","message":"GET /api/team-comments 304 in 331ms :: [{\"id\":20,\"authorId\":\"admin-id\",\"authorN…","service":"stargem-manager","timestamp":"2026-05-02 02:14:14"}
{"level":"info","message":"GET /api/users/presence/active 304 in 905ms :: [{\"id\":\"admin-id\",\"username\":\"ad…","service":"stargem-manager","timestamp":"2026-05-02 02:14:17"}
{"level":"info","message":"GET /api/gemteam/permessi/pending-count 304 in 294ms :: {\"count\":0}","service":"stargem-manager","timestamp":"2026-05-02 02:14:19"}
{"level":"info","message":"GET /api/user 200 in 138ms :: {\"id\":\"admin-id\",\"username\":\"admin\",\"password\":\"d…","service":"stargem-manager","timestamp":"2026-05-02 02:14:32"}
{"level":"info","message":"GET /api/latest-activity 304 in 275ms :: {\"id\":2597,\"userId\":\"admin-id\",\"action…","service":"stargem-manager","timestamp":"2026-05-02 02:14:32"}
{"level":"info","message":"GET /api/team-notes 304 in 275ms :: []","service":"stargem-manager","timestamp":"2026-05-02 02:14:32"}
{"level":"info","message":"GET /api/gemteam/permessi/pending-count 304 in 283ms :: {\"count\":0}","service":"stargem-manager","timestamp":"2026-05-02 02:14:32"}
{"level":"info","message":"GET /api/activities-summary 304 in 599ms :: {\"corsi\":{\"total\":314,\"active\":294}…","service":"stargem-manager","timestamp":"2026-05-02 02:14:33"}
{"level":"info","message":"GET /api/users/presence/active 200 in 630ms :: [{\"id\":\"admin-id\",\"username\":\"ad…","service":"stargem-manager","timestamp":"2026-05-02 02:14:33"}
{"level":"info","message":"GET /api/todos 304 in 402ms :: [{\"id\":1,\"text\":\"Implementare verifica SMS/Whats…","service":"stargem-manager","timestamp":"2026-05-02 02:14:33"}
{"level":"info","message":"POST /api/users/presence/heartbeat 200 in 678ms :: {\"success\":true}","service":"stargem-manager","timestamp":"2026-05-02 02:14:33"}
{"level":"info","message":"GET /api/workshops 200 in 449ms","service":"stargem-manager","timestamp":"2026-05-02 02:14:33"}
{"level":"info","message":"GET /api/team-comments 304 in 454ms :: [{\"id\":20,\"authorId\":\"admin-id\",\"authorN…","service":"stargem-manager","timestamp":"2026-05-02 02:14:33"}
{"level":"info","message":"GET /api/sunday-activities 200 in 171ms","service":"stargem-manager","timestamp":"2026-05-02 02:14:33"}
{"level":"info","message":"GET /api/seasons 304 in 210ms :: [{\"id\":2,\"name\":\"2026/2027\",\"description\":null…","service":"stargem-manager","timestamp":"2026-05-02 02:14:33"}
{"level":"info","message":"GET /api/campus 200 in 177ms","service":"stargem-manager","timestamp":"2026-05-02 02:14:33"}
{"level":"info","message":"GET /api/vacation-studies 200 in 296ms","service":"stargem-manager","timestamp":"2026-05-02 02:14:33"}
{"level":"info","message":"GET /api/recitals 200 in 322ms","service":"stargem-manager","timestamp":"2026-05-02 02:14:33"}
{"level":"info","message":"GET /api/strategic-events 304 in 671ms :: [{\"id\":61,\"title\":\"Ferragosto\",\"descr…","service":"stargem-manager","timestamp":"2026-05-02 02:14:34"}
{"level":"info","message":"GET /api/workshops 200 in 760ms","service":"stargem-manager","timestamp":"2026-05-02 02:14:34"}
{"level":"info","message":"GET /api/booking-services 304 in 780ms :: [{\"id\":8,\"name\":\"Lezione Zaccaria\",\"d…","service":"stargem-manager","timestamp":"2026-05-02 02:14:34"}
{"level":"info","message":"GET /api/sunday-activities 200 in 751ms","service":"stargem-manager","timestamp":"2026-05-02 02:14:34"}
{"level":"info","message":"GET /api/campus 200 in 788ms","service":"stargem-manager","timestamp":"2026-05-02 02:14:34"}
{"level":"info","message":"GET /api/vacation-studies 200 in 911ms","service":"stargem-manager","timestamp":"2026-05-02 02:14:35"}
{"level":"info","message":"GET /api/recitals 200 in 940ms","service":"stargem-manager","timestamp":"2026-05-02 02:14:35"}
{"level":"info","message":"GET /api/activities-unified-preview 304 in 2626ms :: [{\"id\":\"course_7_2025-09-0…","service":"stargem-manager","timestamp":"2026-05-02 02:14:36"}
{"level":"info","message":"GET /api/activities-unified-preview 304 in 2985ms :: [{\"id\":\"course_7_2025-09-0…","service":"stargem-manager","timestamp":"2026-05-02 02:14:36"}
{"level":"info","message":"GET /api/todos 304 in 300ms :: [{\"id\":1,\"text\":\"Implementare verifica SMS/Whats…","service":"stargem-manager","timestamp":"2026-05-02 02:14:43"}
{"level":"info","message":"GET /api/team-comments 304 in 299ms :: [{\"id\":20,\"authorId\":\"admin-id\",\"authorN…","service":"stargem-manager","timestamp":"2026-05-02 02:14:43"}
{"level":"info","message":"GET /api/users/presence/active 200 in 594ms :: [{\"id\":\"admin-id\",\"username\":\"ad…","service":"stargem-manager","timestamp":"2026-05-02 02:14:48"}
