{"level":"info","message":"GET /api/team-comments 304 in 251ms :: [{\"id\":20,\"authorId\":\"admin-id\",\"authorN…","service":"stargem-manager","timestamp":"2026-05-06 01:13:59"}
{"level":"info","message":"GET /api/todos 304 in 262ms :: [{\"id\":1,\"text\":\"Implementare verifica SMS/Whats…","service":"stargem-manager","timestamp":"2026-05-06 01:13:59"}
{"level":"info","message":"GET /api/users/presence/active 200 in 558ms :: [{\"id\":\"admin-id\",\"username\":\"ad…","service":"stargem-manager","timestamp":"2026-05-06 01:13:59"}
{"level":"info","message":"GET /api/admin/db-monitor 200 in 2538ms :: [{\"table\":\"members\",\"columnCount\":18…","service":"stargem-manager","timestamp":"2026-05-06 01:14:01"}
{"level":"info","message":"GET /api/gemteam/permessi/pending-count 304 in 148ms :: {\"count\":0}","service":"stargem-manager","timestamp":"2026-05-06 01:14:01"}
{"level":"info","message":"GET /api/team-comments 304 in 267ms :: [{\"id\":20,\"authorId\":\"admin-id\",\"authorN…","service":"stargem-manager","timestamp":"2026-05-06 01:19:48"}
{"level":"info","message":"GET /api/todos 304 in 269ms :: [{\"id\":1,\"text\":\"Implementare verifica SMS/Whats…","service":"stargem-manager","timestamp":"2026-05-06 01:19:48"}
{"level":"info","message":"GET /api/users/presence/active 304 in 610ms :: [{\"id\":\"admin-id\",\"username\":\"ad…","service":"stargem-manager","timestamp":"2026-05-06 01:19:48"}
{"level":"info","message":"POST /api/users/presence/heartbeat 200 in 358ms :: {\"success\":true}","service":"stargem-manager","timestamp":"2026-05-06 01:19:49"}
{"level":"info","message":"GET /api/admin/db-monitor 200 in 2687ms :: [{\"table\":\"members\",\"columnCount\":18…","service":"stargem-manager","timestamp":"2026-05-06 01:19:50"}
{"level":"info","message":"GET /api/team-notes 304 in 257ms :: []","service":"stargem-manager","timestamp":"2026-05-06 01:19:54"}
{"level":"info","message":"GET /api/workshops 200 in 123ms","service":"stargem-manager","timestamp":"2026-05-06 01:19:55"}
{"level":"info","message":"GET /api/client-categories 200 in 126ms","service":"stargem-manager","timestamp":"2026-05-06 01:19:55"}
{"level":"info","message":"GET /api/custom-lists/livello_crm 304 in 154ms :: {\"id\":19,\"name\":\"Livello CRM\"…","service":"stargem-manager","timestamp":"2026-05-06 01:19:55"}
{"level":"info","message":"GET /api/price-lists 304 in 156ms :: [{\"id\":18,\"name\":\"Settembre\",\"validFrom\":\"…","service":"stargem-manager","timestamp":"2026-05-06 01:19:55"}
{"level":"info","message":"GET /api/custom-lists/provenienza_marketing 304 in 178ms :: {\"id\":18,\"name\":\"Ca…","service":"stargem-manager","timestamp":"2026-05-06 01:19:55"}
{"level":"info","message":"GET /api/courses 304 in 201ms :: [{\"id\":852,\"sku\":null,\"name\":\"Corso Storico Im…","service":"stargem-manager","timestamp":"2026-05-06 01:19:55"}
{"level":"info","message":"GET /api/paid-trials 200 in 117ms","service":"stargem-manager","timestamp":"2026-05-06 01:19:55"}
{"level":"info","message":"GET /api/free-trials 200 in 126ms","service":"stargem-manager","timestamp":"2026-05-06 01:19:56"}
{"level":"info","message":"GET /api/quotes 304 in 163ms :: [{\"id\":34,\"name\":\"1 OPEN BALLO\",\"amount\":\"1300.…","service":"stargem-manager","timestamp":"2026-05-06 01:19:56"}
{"level":"info","message":"GET /api/single-lessons 200 in 123ms","service":"stargem-manager","timestamp":"2026-05-06 01:19:56"}
{"level":"info","message":"GET /api/course-quotes-grid 304 in 172ms :: [{\"id\":89,\"seasonId\":1,\"activityTyp…","service":"stargem-manager","timestamp":"2026-05-06 01:19:56"}
{"level":"info","message":"GET /api/sunday-activities 200 in 126ms","service":"stargem-manager","timestamp":"2026-05-06 01:19:56"}
{"level":"info","message":"GET /api/trainings 200 in 118ms","service":"stargem-manager","timestamp":"2026-05-06 01:19:56"}
{"level":"info","message":"GET /api/individual-lessons 200 in 113ms","service":"stargem-manager","timestamp":"2026-05-06 01:19:56"}
{"level":"info","message":"GET /api/campus-activities 200 in 114ms","service":"stargem-manager","timestamp":"2026-05-06 01:19:56"}
{"level":"info","message":"GET /api/recitals 200 in 117ms","service":"stargem-manager","timestamp":"2026-05-06 01:19:56"}
{"level":"info","message":"GET /api/vacation-studies 200 in 132ms","service":"stargem-manager","timestamp":"2026-05-06 01:19:56"}
{"level":"info","message":"GET /api/knowledge 200 in 133ms","service":"stargem-manager","timestamp":"2026-05-06 01:19:56"}
{"level":"info","message":"GET /api/studios 304 in 153ms :: [{\"id\":10,\"name\":\"STUDIO 01 (80mq)\",\"floor\":\"\"…","service":"stargem-manager","timestamp":"2026-05-06 01:19:56"}
{"level":"info","message":"GET /api/workshop-categories 200 in 142ms","service":"stargem-manager","timestamp":"2026-05-06 01:19:56"}
{"level":"info","message":"GET /api/categories 200 in 143ms","service":"stargem-manager","timestamp":"2026-05-06 01:19:56"}
{"level":"info","message":"GET /api/sunday-categories 200 in 125ms","service":"stargem-manager","timestamp":"2026-05-06 01:19:56"}
{"level":"info","message":"GET /api/training-categories 200 in 119ms","service":"stargem-manager","timestamp":"2026-05-06 01:19:56"}
{"level":"info","message":"GET /api/individual-lesson-categories 200 in 126ms","service":"stargem-manager","timestamp":"2026-05-06 01:19:56"}
{"level":"info","message":"GET /api/campus-categories 200 in 105ms","service":"stargem-manager","timestamp":"2026-05-06 01:19:56"}
{"level":"info","message":"GET /api/vacation-categories 200 in 117ms","service":"stargem-manager","timestamp":"2026-05-06 01:19:56"}
{"level":"info","message":"GET /api/recital-categories 200 in 117ms","service":"stargem-manager","timestamp":"2026-05-06 01:19:56"}
{"level":"info","message":"GET /api/booking-services 304 in 127ms :: [{\"id\":8,\"name\":\"Lezione Zaccaria\",\"d…","service":"stargem-manager","timestamp":"2026-05-06 01:19:56"}
{"level":"info","message":"GET /api/members/duplicates 304 in 166ms :: []","service":"stargem-manager","timestamp":"2026-05-06 01:19:56"}
{"level":"info","message":"GET /api/enrollment-details 304 in 154ms :: [{\"id\":2,\"name\":\"Iscritto Donna\",\"c…","service":"stargem-manager","timestamp":"2026-05-06 01:19:56"}
{"level":"info","message":"GET /api/instructors 304 in 148ms :: [{\"id\":2336,\"userId\":null,\"firstName\":\"ANT…","service":"stargem-manager","timestamp":"2026-05-06 01:19:56"}
{"level":"info","message":"GET /api/client-categories 200 in 126ms","service":"stargem-manager","timestamp":"2026-05-06 01:19:56"}
{"level":"info","message":"GET /api/team-notes 304 in 264ms :: []","service":"stargem-manager","timestamp":"2026-05-06 01:19:58"}
{"level":"info","message":"GET /api/team-comments 304 in 181ms :: [{\"id\":20,\"authorId\":\"admin-id\",\"authorN…","service":"stargem-manager","timestamp":"2026-05-06 01:19:58"}
{"level":"info","message":"GET /api/todos 304 in 203ms :: [{\"id\":1,\"text\":\"Implementare verifica SMS/Whats…","service":"stargem-manager","timestamp":"2026-05-06 01:19:58"}
{"level":"info","message":"GET /api/client-categories 200 in 104ms","service":"stargem-manager","timestamp":"2026-05-06 01:19:58"}
{"level":"info","message":"GET /api/members 200 in 169ms :: {\"members\":[{\"id\":14178,\"firstName\":\"BOT\",\"las…","service":"stargem-manager","timestamp":"2026-05-06 01:19:58"}
{"level":"info","message":"GET /api/payments 304 in 170ms :: []","service":"stargem-manager","timestamp":"2026-05-06 01:19:58"}
{"level":"info","message":"GET /api/enrollments 304 in 190ms :: []","service":"stargem-manager","timestamp":"2026-05-06 01:19:58"}
{"level":"info","message":"GET /api/members 200 in 185ms :: {\"members\":[{\"id\":14178,\"firstName\":\"BOT\",\"las…","service":"stargem-manager","timestamp":"2026-05-06 01:19:58"}
{"level":"info","message":"GET /api/members/missing-data 304 in 211ms :: {\"missingFiscalCode\":75,\"missingE…","service":"stargem-manager","timestamp":"2026-05-06 01:19:58"}
{"level":"info","message":"GET /api/participant-types 500 in 199ms :: {\"message\":\"Failed to fetch particip…","service":"stargem-manager","timestamp":"2026-05-06 01:19:58"}
{"level":"info","message":"GET /api/members/counts-by-type 200 in 178ms :: {\"partecipanti\":\"0\",\"staff\":\"70…","service":"stargem-manager","timestamp":"2026-05-06 01:19:58"}
{"level":"info","message":"GET /api/subscription-types 500 in 199ms :: {\"message\":\"Failed to fetch subscri…","service":"stargem-manager","timestamp":"2026-05-06 01:19:58"}
{"level":"info","message":"GET /api/gemteam/permessi/pending-count 304 in 211ms :: {\"count\":0}","service":"stargem-manager","timestamp":"2026-05-06 01:20:01"}
{"level":"info","message":"GET /api/users/presence/active 200 in 542ms :: [{\"id\":\"admin-id\",\"username\":\"ad…","service":"stargem-manager","timestamp":"2026-05-06 01:20:04"}
{"level":"info","message":"GET /api/team-comments 304 in 255ms :: [{\"id\":20,\"authorId\":\"admin-id\",\"authorN…","service":"stargem-manager","timestamp":"2026-05-06 01:20:08"}
{"level":"info","message":"GET /api/todos 304 in 256ms :: [{\"id\":1,\"text\":\"Implementare verifica SMS/Whats…","service":"stargem-manager","timestamp":"2026-05-06 01:20:08"}
{"level":"info","message":"GET /api/team-comments 304 in 291ms :: [{\"id\":20,\"authorId\":\"admin-id\",\"authorN…","service":"stargem-manager","timestamp":"2026-05-06 01:20:19"}
{"level":"info","message":"GET /api/todos 304 in 292ms :: [{\"id\":1,\"text\":\"Implementare verifica SMS/Whats…","service":"stargem-manager","timestamp":"2026-05-06 01:20:19"}
{"level":"info","message":"GET /api/users/presence/active 200 in 422ms :: [{\"id\":\"admin-id\",\"username\":\"ad…","service":"stargem-manager","timestamp":"2026-05-06 01:20:19"}
{"level":"info","message":"GET /api/team-comments 304 in 249ms :: [{\"id\":20,\"authorId\":\"admin-id\",\"authorN…","service":"stargem-manager","timestamp":"2026-05-06 01:20:29"}
{"level":"info","message":"GET /api/todos 304 in 249ms :: [{\"id\":1,\"text\":\"Implementare verifica SMS/Whats…","service":"stargem-manager","timestamp":"2026-05-06 01:20:29"}
{"level":"info","message":"POST /api/users/presence/heartbeat 200 in 348ms :: {\"success\":true}","service":"stargem-manager","timestamp":"2026-05-06 01:20:29"}
{"level":"info","message":"GET /api/users/presence/active 200 in 485ms :: [{\"id\":\"admin-id\",\"username\":\"ad…","service":"stargem-manager","timestamp":"2026-05-06 01:20:35"}
{"level":"info","message":"GET /api/team-comments 304 in 296ms :: [{\"id\":20,\"authorId\":\"admin-id\",\"authorN…","service":"stargem-manager","timestamp":"2026-05-06 01:20:39"}
{"level":"info","message":"GET /api/todos 304 in 299ms :: [{\"id\":1,\"text\":\"Implementare verifica SMS/Whats…","service":"stargem-manager","timestamp":"2026-05-06 01:20:39"}
{"level":"info","message":"GET /api/team-comments 304 in 293ms :: [{\"id\":20,\"authorId\":\"admin-id\",\"authorN…","service":"stargem-manager","timestamp":"2026-05-06 01:20:49"}
{"level":"info","message":"GET /api/todos 304 in 294ms :: [{\"id\":1,\"text\":\"Implementare verifica SMS/Whats…","service":"stargem-manager","timestamp":"2026-05-06 01:20:50"}
{"level":"info","message":"GET /api/users/presence/active 304 in 404ms :: [{\"id\":\"admin-id\",\"username\":\"ad…","service":"stargem-manager","timestamp":"2026-05-06 01:20:50"}
{"level":"info","message":"GET /api/team-comments 304 in 264ms :: [{\"id\":20,\"authorId\":\"admin-id\",\"authorN…","service":"stargem-manager","timestamp":"2026-05-06 01:21:00"}
{"level":"info","message":"GET /api/todos 304 in 266ms :: [{\"id\":1,\"text\":\"Implementare verifica SMS/Whats…","service":"stargem-manager","timestamp":"2026-05-06 01:21:00"}
{"level":"info","message":"GET /api/gemteam/permessi/pending-count 304 in 251ms :: {\"count\":0}","service":"stargem-manager","timestamp":"2026-05-06 01:21:01"}
{"level":"info","message":"GET /api/users/presence/active 304 in 577ms :: [{\"id\":\"admin-id\",\"username\":\"ad…","service":"stargem-manager","timestamp":"2026-05-06 01:21:06"}
{"level":"info","message":"GET /api/team-comments 304 in 267ms :: [{\"id\":20,\"authorId\":\"admin-id\",\"authorN…","service":"stargem-manager","timestamp":"2026-05-06 01:21:10"}
{"level":"info","message":"GET /api/todos 304 in 271ms :: [{\"id\":1,\"text\":\"Implementare verifica SMS/Whats…","service":"stargem-manager","timestamp":"2026-05-06 01:21:10"}
{"level":"info","message":"GET /api/team-comments 304 in 298ms :: [{\"id\":20,\"authorId\":\"admin-id\",\"authorN…","service":"stargem-manager","timestamp":"2026-05-06 01:21:20"}
{"level":"info","message":"GET /api/todos 304 in 296ms :: [{\"id\":1,\"text\":\"Implementare verifica SMS/Whats…","service":"stargem-manager","timestamp":"2026-05-06 01:21:20"}
{"level":"info","message":"GET /api/users/presence/active 200 in 402ms :: [{\"id\":\"admin-id\",\"username\":\"ad…","service":"stargem-manager","timestamp":"2026-05-06 01:21:21"}
{"level":"info","message":"GET /api/team-comments 304 in 266ms :: [{\"id\":20,\"authorId\":\"admin-id\",\"authorN…","service":"stargem-manager","timestamp":"2026-05-06 01:21:31"}
{"level":"info","message":"GET /api/todos 304 in 267ms :: [{\"id\":1,\"text\":\"Implementare verifica SMS/Whats…","service":"stargem-manager","timestamp":"2026-05-06 01:21:31"}
{"level":"info","message":"GET /api/users/presence/active 304 in 526ms :: [{\"id\":\"admin-id\",\"username\":\"ad…","service":"stargem-manager","timestamp":"2026-05-06 01:21:37"}
{"level":"info","message":"GET /api/team-comments 304 in 308ms :: [{\"id\":20,\"authorId\":\"admin-id\",\"authorN…","service":"stargem-manager","timestamp":"2026-05-06 01:21:41"}
{"level":"info","message":"GET /api/todos 304 in 309ms :: [{\"id\":1,\"text\":\"Implementare verifica SMS/Whats…","service":"stargem-manager","timestamp":"2026-05-06 01:21:41"}
{"level":"info","message":"POST /api/users/presence/heartbeat 200 in 277ms :: {\"success\":true}","service":"stargem-manager","timestamp":"2026-05-06 01:21:43"}
{"level":"info","message":"GET /api/user 200 in 140ms :: {\"id\":\"admin-id\",\"username\":\"admin\",\"password\":\"d…","service":"stargem-manager","timestamp":"2026-05-06 01:29:10"}
{"level":"info","message":"POST /api/users/presence/offline 200 in 252ms :: {\"success\":true}","service":"stargem-manager","timestamp":"2026-05-06 01:36:41"}
{"level":"info","message":"GET /api/user 200 in 82ms :: {\"id\":\"admin-id\",\"username\":\"admin\",\"password\":\"d4…","service":"stargem-manager","timestamp":"2026-05-06 01:36:44"}
{"level":"info","message":"GET /api/latest-activity 304 in 179ms :: {\"id\":2635,\"userId\":\"admin-id\",\"action…","service":"stargem-manager","timestamp":"2026-05-06 01:36:44"}
{"level":"info","message":"GET /api/team-notes 304 in 197ms :: []","service":"stargem-manager","timestamp":"2026-05-06 01:36:44"}
{"level":"info","message":"GET /api/gemteam/permessi/pending-count 304 in 198ms :: {\"count\":0}","service":"stargem-manager","timestamp":"2026-05-06 01:36:44"}
{"level":"info","message":"GET /api/activities-summary 304 in 229ms :: {\"corsi\":{\"total\":289,\"active\":289}…","service":"stargem-manager","timestamp":"2026-05-06 01:36:44"}
{"level":"info","message":"GET /api/todos 304 in 295ms :: [{\"id\":1,\"text\":\"Implementare verifica SMS/Whats…","service":"stargem-manager","timestamp":"2026-05-06 01:36:44"}
{"level":"info","message":"GET /api/users/presence/active 200 in 487ms :: [{\"id\":\"admin-id\",\"username\":\"ad…","service":"stargem-manager","timestamp":"2026-05-06 01:36:44"}
{"level":"info","message":"GET /api/team-comments 304 in 314ms :: [{\"id\":20,\"authorId\":\"admin-id\",\"authorN…","service":"stargem-manager","timestamp":"2026-05-06 01:36:44"}
{"level":"info","message":"POST /api/users/presence/heartbeat 200 in 412ms :: {\"success\":true}","service":"stargem-manager","timestamp":"2026-05-06 01:36:44"}
{"level":"info","message":"GET /api/payments 304 in 145ms :: []","service":"stargem-manager","timestamp":"2026-05-06 01:36:45"}
{"level":"info","message":"GET /api/enrollments 304 in 146ms :: []","service":"stargem-manager","timestamp":"2026-05-06 01:36:45"}
{"level":"info","message":"GET /api/courses 304 in 160ms :: [{\"id\":852,\"sku\":null,\"name\":\"Corso Storico Im…","service":"stargem-manager","timestamp":"2026-05-06 01:36:45"}
{"level":"info","message":"GET /api/members 304 in 159ms :: {\"members\":[{\"id\":14178,\"firstName\":\"BOT\",\"las…","service":"stargem-manager","timestamp":"2026-05-06 01:36:45"}
{"level":"info","message":"GET /api/members 304 in 172ms :: {\"members\":[{\"id\":14178,\"firstName\":\"BOT\",\"las…","service":"stargem-manager","timestamp":"2026-05-06 01:36:45"}
{"level":"info","message":"GET /api/members/missing-data 304 in 189ms :: {\"missingFiscalCode\":75,\"missingE…","service":"stargem-manager","timestamp":"2026-05-06 01:36:45"}
{"level":"info","message":"GET /api/client-categories 200 in 108ms","service":"stargem-manager","timestamp":"2026-05-06 01:36:45"}
{"level":"info","message":"GET /api/participant-types 500 in 121ms :: {\"message\":\"Failed to fetch particip…","service":"stargem-manager","timestamp":"2026-05-06 01:36:45"}
{"level":"info","message":"GET /api/members/counts-by-type 304 in 123ms :: {\"partecipanti\":\"0\",\"staff\":\"70…","service":"stargem-manager","timestamp":"2026-05-06 01:36:45"}
{"level":"info","message":"GET /api/subscription-types 500 in 122ms :: {\"message\":\"Failed to fetch subscri…","service":"stargem-manager","timestamp":"2026-05-06 01:36:45"}
{"level":"info","message":"GET /api/members/duplicates 304 in 153ms :: []","service":"stargem-manager","timestamp":"2026-05-06 01:36:45"}
{"level":"info","message":"GET /api/user 200 in 87ms :: {\"id\":\"admin-id\",\"username\":\"admin\",\"password\":\"d4…","service":"stargem-manager","timestamp":"2026-05-06 01:37:02"}
{"level":"info","message":"GET /api/latest-activity 304 in 139ms :: {\"id\":2635,\"userId\":\"admin-id\",\"action…","service":"stargem-manager","timestamp":"2026-05-06 01:37:02"}
{"level":"info","message":"GET /api/activities-summary 304 in 168ms :: {\"corsi\":{\"total\":289,\"active\":289}…","service":"stargem-manager","timestamp":"2026-05-06 01:37:02"}
{"level":"info","message":"GET /api/gemteam/permessi/pending-count 304 in 151ms :: {\"count\":0}","service":"stargem-manager","timestamp":"2026-05-06 01:37:02"}
{"level":"info","message":"GET /api/team-notes 304 in 304ms :: []","service":"stargem-manager","timestamp":"2026-05-06 01:37:02"}
{"level":"info","message":"GET /api/users/presence/active 200 in 426ms :: [{\"id\":\"admin-id\",\"username\":\"ad…","service":"stargem-manager","timestamp":"2026-05-06 01:37:02"}
{"level":"info","message":"GET /api/todos 304 in 302ms :: [{\"id\":1,\"text\":\"Implementare verifica SMS/Whats…","service":"stargem-manager","timestamp":"2026-05-06 01:37:02"}
{"level":"info","message":"GET /api/team-comments 304 in 306ms :: [{\"id\":20,\"authorId\":\"admin-id\",\"authorN…","service":"stargem-manager","timestamp":"2026-05-06 01:37:02"}
{"level":"info","message":"POST /api/users/presence/heartbeat 200 in 424ms :: {\"success\":true}","service":"stargem-manager","timestamp":"2026-05-06 01:37:02"}
{"level":"info","message":"GET /api/courses 304 in 130ms :: [{\"id\":852,\"sku\":null,\"name\":\"Corso Storico Im…","service":"stargem-manager","timestamp":"2026-05-06 01:37:03"}
{"level":"info","message":"GET /api/payments 304 in 132ms :: []","service":"stargem-manager","timestamp":"2026-05-06 01:37:03"}
{"level":"info","message":"GET /api/members 304 in 129ms :: {\"members\":[{\"id\":14178,\"firstName\":\"BOT\",\"las…","service":"stargem-manager","timestamp":"2026-05-06 01:37:03"}
{"level":"info","message":"GET /api/members 304 in 130ms :: {\"members\":[{\"id\":14178,\"firstName\":\"BOT\",\"las…","service":"stargem-manager","timestamp":"2026-05-06 01:37:03"}
{"level":"info","message":"GET /api/enrollments 304 in 146ms :: []","service":"stargem-manager","timestamp":"2026-05-06 01:37:03"}
{"level":"info","message":"GET /api/members/missing-data 304 in 166ms :: {\"missingFiscalCode\":75,\"missingE…","service":"stargem-manager","timestamp":"2026-05-06 01:37:03"}
{"level":"info","message":"GET /api/client-categories 200 in 85ms","service":"stargem-manager","timestamp":"2026-05-06 01:37:03"}
{"level":"info","message":"GET /api/members/counts-by-type 304 in 123ms :: {\"partecipanti\":\"0\",\"staff\":\"70…","service":"stargem-manager","timestamp":"2026-05-06 01:37:03"}
{"level":"info","message":"GET /api/participant-types 500 in 136ms :: {\"message\":\"Failed to fetch particip…","service":"stargem-manager","timestamp":"2026-05-06 01:37:03"}
{"level":"info","message":"GET /api/subscription-types 500 in 126ms :: {\"message\":\"Failed to fetch subscri…","service":"stargem-manager","timestamp":"2026-05-06 01:37:03"}
{"level":"info","message":"GET /api/members/duplicates 304 in 154ms :: []","service":"stargem-manager","timestamp":"2026-05-06 01:37:03"}
{"level":"error","message":"Uncaught Exception: listen EADDRINUSE: address already in use :::5001\nError: listen EADDRINUSE: address already in use :::5001\n    at Server.setupListenHandle [as _listen2] (node:net:1940:16)\n    at listenInCluster (node:net:1997:12)\n    at node:net:2206:7\n    at process.processTicksAndRejections (node:internal/process/task_queues:89:21)","service":"stargem-manager","timestamp":"2026-05-06 01:43:05"}
{"level":"info","message":"GET /api/team-comments 304 in 207ms :: [{\"id\":20,\"authorId\":\"admin-id\",\"authorN…","service":"stargem-manager","timestamp":"2026-05-06 01:43:42"}
{"level":"info","message":"GET /api/todos 304 in 210ms :: [{\"id\":1,\"text\":\"Implementare verifica SMS/Whats…","service":"stargem-manager","timestamp":"2026-05-06 01:43:42"}
{"level":"info","message":"GET /api/users/presence/active 200 in 498ms :: [{\"id\":\"admin-id\",\"username\":\"ad…","service":"stargem-manager","timestamp":"2026-05-06 01:43:43"}
{"level":"info","message":"POST /api/users/presence/heartbeat 200 in 185ms :: {\"success\":true}","service":"stargem-manager","timestamp":"2026-05-06 01:43:43"}
{"level":"info","message":"POST /api/logout 200 in 267ms","service":"stargem-manager","timestamp":"2026-05-06 01:43:45"}
{"level":"info","message":"GET /api/user 200 in 81ms :: {\"id\":\"admin-id\",\"username\":\"admin\",\"password\":\"d4…","service":"stargem-manager","timestamp":"2026-05-06 01:44:03"}
{"level":"info","message":"GET /api/latest-activity 200 in 120ms :: {\"id\":2636,\"userId\":\"admin-id\",\"action…","service":"stargem-manager","timestamp":"2026-05-06 01:44:04"}
{"level":"info","message":"GET /api/activities-summary 304 in 135ms :: {\"corsi\":{\"total\":289,\"active\":289}…","service":"stargem-manager","timestamp":"2026-05-06 01:44:04"}
{"level":"info","message":"GET /api/gemteam/permessi/pending-count 304 in 115ms :: {\"count\":0}","service":"stargem-manager","timestamp":"2026-05-06 01:44:04"}
{"level":"info","message":"GET /api/todos 304 in 313ms :: [{\"id\":1,\"text\":\"Implementare verifica SMS/Whats…","service":"stargem-manager","timestamp":"2026-05-06 01:44:04"}
{"level":"info","message":"GET /api/users/presence/active 200 in 398ms :: [{\"id\":\"admin-id\",\"username\":\"ad…","service":"stargem-manager","timestamp":"2026-05-06 01:44:04"}
{"level":"info","message":"GET /api/team-comments 304 in 291ms :: [{\"id\":20,\"authorId\":\"admin-id\",\"authorN…","service":"stargem-manager","timestamp":"2026-05-06 01:44:04"}
{"level":"info","message":"GET /api/team-notes 304 in 319ms :: []","service":"stargem-manager","timestamp":"2026-05-06 01:44:04"}
{"level":"info","message":"POST /api/users/presence/heartbeat 200 in 394ms :: {\"success\":true}","service":"stargem-manager","timestamp":"2026-05-06 01:44:04"}
{"level":"info","message":"GET /api/client-categories 200 in 94ms","service":"stargem-manager","timestamp":"2026-05-06 01:44:04"}
{"level":"info","message":"GET /api/enrollments 304 in 116ms :: []","service":"stargem-manager","timestamp":"2026-05-06 01:44:04"}
{"level":"info","message":"GET /api/members 304 in 129ms :: {\"members\":[{\"id\":14178,\"firstName\":\"BOT\",\"las…","service":"stargem-manager","timestamp":"2026-05-06 01:44:04"}
{"level":"info","message":"GET /api/payments 304 in 131ms :: []","service":"stargem-manager","timestamp":"2026-05-06 01:44:04"}
{"level":"info","message":"GET /api/members 304 in 141ms :: {\"members\":[{\"id\":14178,\"firstName\":\"BOT\",\"las…","service":"stargem-manager","timestamp":"2026-05-06 01:44:04"}
{"level":"info","message":"GET /api/courses 304 in 157ms :: [{\"id\":852,\"sku\":null,\"name\":\"Corso Storico Im…","service":"stargem-manager","timestamp":"2026-05-06 01:44:04"}
{"level":"info","message":"GET /api/participant-types 500 in 119ms :: {\"message\":\"Failed to fetch particip…","service":"stargem-manager","timestamp":"2026-05-06 01:44:04"}
{"level":"info","message":"GET /api/members/missing-data 304 in 168ms :: {\"missingFiscalCode\":75,\"missingE…","service":"stargem-manager","timestamp":"2026-05-06 01:44:04"}
{"level":"info","message":"GET /api/subscription-types 500 in 134ms :: {\"message\":\"Failed to fetch subscri…","service":"stargem-manager","timestamp":"2026-05-06 01:44:04"}
{"level":"info","message":"GET /api/members/duplicates 304 in 148ms :: []","service":"stargem-manager","timestamp":"2026-05-06 01:44:04"}
{"level":"info","message":"GET /api/members/counts-by-type 304 in 153ms :: {\"partecipanti\":\"0\",\"staff\":\"70…","service":"stargem-manager","timestamp":"2026-05-06 01:44:04"}
{"level":"info","message":"POST /api/logout 200 in 276ms","service":"stargem-manager","timestamp":"2026-05-06 01:44:06"}
{"level":"info","message":"GET /api/user 200 in 111ms :: {\"id\":\"admin-id\",\"username\":\"admin\",\"password\":\"d…","service":"stargem-manager","timestamp":"2026-05-06 01:44:45"}
{"level":"info","message":"GET /api/latest-activity 200 in 132ms :: {\"id\":2637,\"userId\":\"admin-id\",\"action…","service":"stargem-manager","timestamp":"2026-05-06 01:44:45"}
{"level":"info","message":"GET /api/activities-summary 304 in 120ms :: {\"corsi\":{\"total\":289,\"active\":289}…","service":"stargem-manager","timestamp":"2026-05-06 01:44:45"}
{"level":"info","message":"GET /api/team-notes 304 in 313ms :: []","service":"stargem-manager","timestamp":"2026-05-06 01:44:45"}
{"level":"info","message":"GET /api/users/presence/active 200 in 460ms :: [{\"id\":\"admin-id\",\"username\":\"ad…","service":"stargem-manager","timestamp":"2026-05-06 01:44:45"}
{"level":"info","message":"GET /api/gemteam/permessi/pending-count 304 in 365ms :: {\"count\":0}","service":"stargem-manager","timestamp":"2026-05-06 01:44:45"}
{"level":"info","message":"POST /api/users/presence/heartbeat 200 in 463ms :: {\"success\":true}","service":"stargem-manager","timestamp":"2026-05-06 01:44:45"}
{"level":"info","message":"GET /api/todos 304 in 347ms :: [{\"id\":1,\"text\":\"Implementare verifica SMS/Whats…","service":"stargem-manager","timestamp":"2026-05-06 01:44:45"}
{"level":"info","message":"GET /api/team-comments 304 in 364ms :: [{\"id\":20,\"authorId\":\"admin-id\",\"authorN…","service":"stargem-manager","timestamp":"2026-05-06 01:44:45"}
{"level":"info","message":"GET /api/client-categories 200 in 88ms","service":"stargem-manager","timestamp":"2026-05-06 01:44:45"}
{"level":"info","message":"GET /api/members 304 in 141ms :: {\"members\":[{\"id\":14178,\"firstName\":\"BOT\",\"las…","service":"stargem-manager","timestamp":"2026-05-06 01:44:45"}
{"level":"info","message":"GET /api/courses 304 in 145ms :: [{\"id\":852,\"sku\":null,\"name\":\"Corso Storico Im…","service":"stargem-manager","timestamp":"2026-05-06 01:44:45"}
{"level":"info","message":"GET /api/members 304 in 146ms :: {\"members\":[{\"id\":14178,\"firstName\":\"BOT\",\"las…","service":"stargem-manager","timestamp":"2026-05-06 01:44:45"}
{"level":"info","message":"GET /api/enrollments 304 in 149ms :: []","service":"stargem-manager","timestamp":"2026-05-06 01:44:45"}
{"level":"info","message":"GET /api/payments 304 in 149ms :: []","service":"stargem-manager","timestamp":"2026-05-06 01:44:45"}
{"level":"info","message":"GET /api/subscription-types 500 in 129ms :: {\"message\":\"Failed to fetch subscri…","service":"stargem-manager","timestamp":"2026-05-06 01:44:46"}
{"level":"info","message":"GET /api/participant-types 500 in 134ms :: {\"message\":\"Failed to fetch particip…","service":"stargem-manager","timestamp":"2026-05-06 01:44:46"}
{"level":"info","message":"GET /api/members/missing-data 304 in 196ms :: {\"missingFiscalCode\":75,\"missingE…","service":"stargem-manager","timestamp":"2026-05-06 01:44:46"}
{"level":"info","message":"GET /api/members/counts-by-type 304 in 136ms :: {\"partecipanti\":\"0\",\"staff\":\"70…","service":"stargem-manager","timestamp":"2026-05-06 01:44:46"}
{"level":"info","message":"GET /api/members/duplicates 304 in 166ms :: []","service":"stargem-manager","timestamp":"2026-05-06 01:44:46"}
{"level":"info","message":"POST /api/logout 200 in 259ms","service":"stargem-manager","timestamp":"2026-05-06 01:44:50"}
{"level":"info","message":"GET /api/user 200 in 112ms :: {\"id\":\"admin-id\",\"username\":\"admin\",\"password\":\"d…","service":"stargem-manager","timestamp":"2026-05-06 01:45:04"}
{"level":"info","message":"GET /api/latest-activity 200 in 132ms :: {\"id\":2638,\"userId\":\"admin-id\",\"action…","service":"stargem-manager","timestamp":"2026-05-06 01:45:04"}
{"level":"info","message":"GET /api/activities-summary 304 in 146ms :: {\"corsi\":{\"total\":289,\"active\":289}…","service":"stargem-manager","timestamp":"2026-05-06 01:45:04"}
{"level":"info","message":"GET /api/gemteam/permessi/pending-count 304 in 292ms :: {\"count\":0}","service":"stargem-manager","timestamp":"2026-05-06 01:45:05"}
{"level":"info","message":"GET /api/team-notes 304 in 291ms :: []","service":"stargem-manager","timestamp":"2026-05-06 01:45:05"}
{"level":"info","message":"POST /api/users/presence/heartbeat 200 in 370ms :: {\"success\":true}","service":"stargem-manager","timestamp":"2026-05-06 01:45:05"}
{"level":"info","message":"GET /api/users/presence/active 200 in 403ms :: [{\"id\":\"admin-id\",\"username\":\"ad…","service":"stargem-manager","timestamp":"2026-05-06 01:45:05"}
{"level":"info","message":"GET /api/todos 304 in 275ms :: [{\"id\":1,\"text\":\"Implementare verifica SMS/Whats…","service":"stargem-manager","timestamp":"2026-05-06 01:45:05"}
{"level":"info","message":"GET /api/team-comments 304 in 294ms :: [{\"id\":20,\"authorId\":\"admin-id\",\"authorN…","service":"stargem-manager","timestamp":"2026-05-06 01:45:05"}
{"level":"info","message":"GET /api/enrollments 304 in 133ms :: []","service":"stargem-manager","timestamp":"2026-05-06 01:45:05"}
{"level":"info","message":"GET /api/members 304 in 133ms :: {\"members\":[{\"id\":14178,\"firstName\":\"BOT\",\"las…","service":"stargem-manager","timestamp":"2026-05-06 01:45:05"}
{"level":"info","message":"GET /api/client-categories 200 in 100ms","service":"stargem-manager","timestamp":"2026-05-06 01:45:05"}
{"level":"info","message":"GET /api/payments 304 in 136ms :: []","service":"stargem-manager","timestamp":"2026-05-06 01:45:05"}
{"level":"info","message":"GET /api/courses 304 in 149ms :: [{\"id\":852,\"sku\":null,\"name\":\"Corso Storico Im…","service":"stargem-manager","timestamp":"2026-05-06 01:45:05"}
{"level":"info","message":"GET /api/members 304 in 154ms :: {\"members\":[{\"id\":14178,\"firstName\":\"BOT\",\"las…","service":"stargem-manager","timestamp":"2026-05-06 01:45:05"}
{"level":"info","message":"GET /api/subscription-types 500 in 106ms :: {\"message\":\"Failed to fetch subscri…","service":"stargem-manager","timestamp":"2026-05-06 01:45:05"}
{"level":"info","message":"GET /api/participant-types 500 in 121ms :: {\"message\":\"Failed to fetch particip…","service":"stargem-manager","timestamp":"2026-05-06 01:45:05"}
{"level":"info","message":"GET /api/members/counts-by-type 304 in 123ms :: {\"partecipanti\":\"0\",\"staff\":\"70…","service":"stargem-manager","timestamp":"2026-05-06 01:45:05"}
{"level":"info","message":"GET /api/members/duplicates 304 in 151ms :: []","service":"stargem-manager","timestamp":"2026-05-06 01:45:05"}
{"level":"info","message":"GET /api/members/missing-data 304 in 166ms :: {\"missingFiscalCode\":75,\"missingE…","service":"stargem-manager","timestamp":"2026-05-06 01:45:05"}
{"level":"info","message":"POST /api/logout 200 in 247ms","service":"stargem-manager","timestamp":"2026-05-06 01:45:07"}
{"level":"info","message":"GET /api/user 200 in 120ms :: {\"id\":\"admin-id\",\"username\":\"admin\",\"password\":\"d…","service":"stargem-manager","timestamp":"2026-05-06 01:45:18"}
{"level":"info","message":"GET /api/activities-summary 304 in 139ms :: {\"corsi\":{\"total\":289,\"active\":289}…","service":"stargem-manager","timestamp":"2026-05-06 01:45:18"}
{"level":"info","message":"GET /api/latest-activity 200 in 140ms :: {\"id\":2639,\"userId\":\"admin-id\",\"action…","service":"stargem-manager","timestamp":"2026-05-06 01:45:18"}
{"level":"info","message":"GET /api/gemteam/permessi/pending-count 304 in 128ms :: {\"count\":0}","service":"stargem-manager","timestamp":"2026-05-06 01:45:18"}
{"level":"info","message":"GET /api/team-notes 304 in 310ms :: []","service":"stargem-manager","timestamp":"2026-05-06 01:45:19"}
{"level":"info","message":"GET /api/users/presence/active 200 in 420ms :: [{\"id\":\"admin-id\",\"username\":\"ad…","service":"stargem-manager","timestamp":"2026-05-06 01:45:19"}
{"level":"info","message":"GET /api/team-comments 304 in 292ms :: [{\"id\":20,\"authorId\":\"admin-id\",\"authorN…","service":"stargem-manager","timestamp":"2026-05-06 01:45:19"}
{"level":"info","message":"GET /api/todos 304 in 307ms :: [{\"id\":1,\"text\":\"Implementare verifica SMS/Whats…","service":"stargem-manager","timestamp":"2026-05-06 01:45:19"}
{"level":"info","message":"POST /api/users/presence/heartbeat 200 in 388ms :: {\"success\":true}","service":"stargem-manager","timestamp":"2026-05-06 01:45:19"}
{"level":"info","message":"GET /api/client-categories 200 in 113ms","service":"stargem-manager","timestamp":"2026-05-06 01:45:19"}
{"level":"info","message":"GET /api/members 304 in 134ms :: {\"members\":[{\"id\":14178,\"firstName\":\"BOT\",\"las…","service":"stargem-manager","timestamp":"2026-05-06 01:45:19"}
{"level":"info","message":"GET /api/enrollments 304 in 136ms :: []","service":"stargem-manager","timestamp":"2026-05-06 01:45:19"}
{"level":"info","message":"GET /api/members 304 in 136ms :: {\"members\":[{\"id\":14178,\"firstName\":\"BOT\",\"las…","service":"stargem-manager","timestamp":"2026-05-06 01:45:19"}
{"level":"info","message":"GET /api/payments 304 in 151ms :: []","service":"stargem-manager","timestamp":"2026-05-06 01:45:19"}
{"level":"info","message":"GET /api/courses 304 in 167ms :: [{\"id\":852,\"sku\":null,\"name\":\"Corso Storico Im…","service":"stargem-manager","timestamp":"2026-05-06 01:45:19"}
{"level":"info","message":"GET /api/participant-types 500 in 125ms :: {\"message\":\"Failed to fetch particip…","service":"stargem-manager","timestamp":"2026-05-06 01:45:19"}
{"level":"info","message":"GET /api/members/counts-by-type 304 in 130ms :: {\"partecipanti\":\"0\",\"staff\":\"70…","service":"stargem-manager","timestamp":"2026-05-06 01:45:19"}
{"level":"info","message":"GET /api/subscription-types 500 in 131ms :: {\"message\":\"Failed to fetch subscri…","service":"stargem-manager","timestamp":"2026-05-06 01:45:19"}
{"level":"info","message":"GET /api/members/duplicates 304 in 167ms :: []","service":"stargem-manager","timestamp":"2026-05-06 01:45:19"}
{"level":"info","message":"GET /api/members/missing-data 304 in 192ms :: {\"missingFiscalCode\":75,\"missingE…","service":"stargem-manager","timestamp":"2026-05-06 01:45:19"}
{"level":"info","message":"POST /api/logout 200 in 197ms","service":"stargem-manager","timestamp":"2026-05-06 01:45:19"}
{"level":"info","message":"GET /api/user 200 in 80ms :: {\"id\":\"admin-id\",\"username\":\"admin\",\"password\":\"d4…","service":"stargem-manager","timestamp":"2026-05-06 01:53:03"}
{"level":"info","message":"GET /api/activities-summary 304 in 207ms :: {\"corsi\":{\"total\":289,\"active\":289}…","service":"stargem-manager","timestamp":"2026-05-06 01:53:03"}
{"level":"info","message":"GET /api/latest-activity 200 in 208ms :: {\"id\":2640,\"userId\":\"admin-id\",\"action…","service":"stargem-manager","timestamp":"2026-05-06 01:53:03"}
{"level":"info","message":"GET /api/users/presence/active 200 in 567ms :: [{\"id\":\"admin-id\",\"username\":\"ad…","service":"stargem-manager","timestamp":"2026-05-06 01:53:03"}
{"level":"info","message":"GET /api/gemteam/permessi/pending-count 304 in 420ms :: {\"count\":0}","service":"stargem-manager","timestamp":"2026-05-06 01:53:03"}
{"level":"info","message":"GET /api/team-notes 304 in 424ms :: []","service":"stargem-manager","timestamp":"2026-05-06 01:53:03"}
{"level":"info","message":"GET /api/team-comments 304 in 394ms :: [{\"id\":20,\"authorId\":\"admin-id\",\"authorN…","service":"stargem-manager","timestamp":"2026-05-06 01:53:03"}
{"level":"info","message":"GET /api/todos 304 in 443ms :: [{\"id\":1,\"text\":\"Implementare verifica SMS/Whats…","service":"stargem-manager","timestamp":"2026-05-06 01:53:03"}
{"level":"info","message":"POST /api/users/presence/heartbeat 200 in 530ms :: {\"success\":true}","service":"stargem-manager","timestamp":"2026-05-06 01:53:03"}
{"level":"info","message":"GET /api/enrollments 304 in 189ms :: []","service":"stargem-manager","timestamp":"2026-05-06 01:53:04"}
{"level":"info","message":"GET /api/payments 304 in 190ms :: []","service":"stargem-manager","timestamp":"2026-05-06 01:53:04"}
{"level":"info","message":"GET /api/courses 304 in 203ms :: [{\"id\":852,\"sku\":null,\"name\":\"Corso Storico Im…","service":"stargem-manager","timestamp":"2026-05-06 01:53:04"}
{"level":"info","message":"GET /api/members 304 in 218ms :: {\"members\":[{\"id\":14178,\"firstName\":\"BOT\",\"las…","service":"stargem-manager","timestamp":"2026-05-06 01:53:04"}
{"level":"info","message":"GET /api/members 304 in 220ms :: {\"members\":[{\"id\":14178,\"firstName\":\"BOT\",\"las…","service":"stargem-manager","timestamp":"2026-05-06 01:53:04"}
{"level":"info","message":"GET /api/members/missing-data 304 in 250ms :: {\"missingFiscalCode\":75,\"missingE…","service":"stargem-manager","timestamp":"2026-05-06 01:53:04"}
{"level":"info","message":"GET /api/client-categories 200 in 111ms","service":"stargem-manager","timestamp":"2026-05-06 01:53:04"}
{"level":"info","message":"GET /api/participant-types 500 in 141ms :: {\"message\":\"Failed to fetch particip…","service":"stargem-manager","timestamp":"2026-05-06 01:53:04"}
{"level":"info","message":"GET /api/members/counts-by-type 304 in 155ms :: {\"partecipanti\":\"0\",\"staff\":\"70…","service":"stargem-manager","timestamp":"2026-05-06 01:53:04"}
{"level":"info","message":"GET /api/members/duplicates 304 in 188ms :: []","service":"stargem-manager","timestamp":"2026-05-06 01:53:04"}
{"level":"info","message":"GET /api/subscription-types 500 in 170ms :: {\"message\":\"Failed to fetch subscri…","service":"stargem-manager","timestamp":"2026-05-06 01:53:04"}
{"level":"info","message":"GET /api/team-comments 304 in 190ms :: [{\"id\":20,\"authorId\":\"admin-id\",\"authorN…","service":"stargem-manager","timestamp":"2026-05-06 01:53:14"}
{"level":"info","message":"GET /api/todos 304 in 174ms :: [{\"id\":1,\"text\":\"Implementare verifica SMS/Whats…","service":"stargem-manager","timestamp":"2026-05-06 01:53:14"}
{"level":"info","message":"POST /api/logout 200 in 212ms","service":"stargem-manager","timestamp":"2026-05-06 01:53:14"}
{"level":"info","message":"GET /api/user 200 in 113ms :: {\"id\":\"admin-id\",\"username\":\"admin\",\"password\":\"d…","service":"stargem-manager","timestamp":"2026-05-06 01:53:18"}
{"level":"info","message":"GET /api/latest-activity 200 in 162ms :: {\"id\":2641,\"userId\":\"admin-id\",\"action…","service":"stargem-manager","timestamp":"2026-05-06 01:53:18"}
{"level":"info","message":"GET /api/activities-summary 304 in 171ms :: {\"corsi\":{\"total\":289,\"active\":289}…","service":"stargem-manager","timestamp":"2026-05-06 01:53:18"}
{"level":"info","message":"GET /api/users/presence/active 200 in 482ms :: [{\"id\":\"admin-id\",\"username\":\"ad…","service":"stargem-manager","timestamp":"2026-05-06 01:53:19"}
{"level":"info","message":"GET /api/todos 304 in 368ms :: [{\"id\":1,\"text\":\"Implementare verifica SMS/Whats…","service":"stargem-manager","timestamp":"2026-05-06 01:53:19"}
{"level":"info","message":"GET /api/gemteam/permessi/pending-count 304 in 370ms :: {\"count\":0}","service":"stargem-manager","timestamp":"2026-05-06 01:53:19"}
{"level":"info","message":"POST /api/users/presence/heartbeat 200 in 498ms :: {\"success\":true}","service":"stargem-manager","timestamp":"2026-05-06 01:53:19"}
{"level":"info","message":"GET /api/team-comments 304 in 366ms :: [{\"id\":20,\"authorId\":\"admin-id\",\"authorN…","service":"stargem-manager","timestamp":"2026-05-06 01:53:19"}
{"level":"info","message":"GET /api/team-notes 304 in 363ms :: []","service":"stargem-manager","timestamp":"2026-05-06 01:53:19"}
{"level":"info","message":"GET /api/client-categories 200 in 141ms","service":"stargem-manager","timestamp":"2026-05-06 01:53:19"}
{"level":"info","message":"GET /api/payments 304 in 176ms :: []","service":"stargem-manager","timestamp":"2026-05-06 01:53:19"}
{"level":"info","message":"GET /api/enrollments 304 in 189ms :: []","service":"stargem-manager","timestamp":"2026-05-06 01:53:19"}
{"level":"info","message":"GET /api/members 304 in 206ms :: {\"members\":[{\"id\":14178,\"firstName\":\"BOT\",\"las…","service":"stargem-manager","timestamp":"2026-05-06 01:53:19"}
{"level":"info","message":"GET /api/members 304 in 200ms :: {\"members\":[{\"id\":14178,\"firstName\":\"BOT\",\"las…","service":"stargem-manager","timestamp":"2026-05-06 01:53:19"}
{"level":"info","message":"GET /api/courses 304 in 210ms :: [{\"id\":852,\"sku\":null,\"name\":\"Corso Storico Im…","service":"stargem-manager","timestamp":"2026-05-06 01:53:19"}
{"level":"info","message":"GET /api/participant-types 500 in 112ms :: {\"message\":\"Failed to fetch particip…","service":"stargem-manager","timestamp":"2026-05-06 01:53:19"}
{"level":"info","message":"GET /api/members/missing-data 304 in 163ms :: {\"missingFiscalCode\":75,\"missingE…","service":"stargem-manager","timestamp":"2026-05-06 01:53:19"}
{"level":"info","message":"GET /api/subscription-types 500 in 139ms :: {\"message\":\"Failed to fetch subscri…","service":"stargem-manager","timestamp":"2026-05-06 01:53:19"}
{"level":"info","message":"GET /api/members/duplicates 304 in 161ms :: []","service":"stargem-manager","timestamp":"2026-05-06 01:53:19"}
{"level":"info","message":"GET /api/members/counts-by-type 304 in 153ms :: {\"partecipanti\":\"0\",\"staff\":\"70…","service":"stargem-manager","timestamp":"2026-05-06 01:53:19"}
{"level":"info","message":"POST /api/logout 200 in 260ms","service":"stargem-manager","timestamp":"2026-05-06 01:53:22"}
{"level":"info","message":"GET /api/user 200 in 116ms :: {\"id\":\"admin-id\",\"username\":\"admin\",\"password\":\"d…","service":"stargem-manager","timestamp":"2026-05-06 01:53:57"}
{"level":"info","message":"GET /api/latest-activity 200 in 158ms :: {\"id\":2642,\"userId\":\"admin-id\",\"action…","service":"stargem-manager","timestamp":"2026-05-06 01:53:58"}
{"level":"info","message":"GET /api/activities-summary 304 in 177ms :: {\"corsi\":{\"total\":289,\"active\":289}…","service":"stargem-manager","timestamp":"2026-05-06 01:53:58"}
{"level":"info","message":"GET /api/todos 304 in 337ms :: [{\"id\":1,\"text\":\"Implementare verifica SMS/Whats…","service":"stargem-manager","timestamp":"2026-05-06 01:53:58"}
{"level":"info","message":"GET /api/gemteam/permessi/pending-count 304 in 371ms :: {\"count\":0}","service":"stargem-manager","timestamp":"2026-05-06 01:53:58"}
{"level":"info","message":"GET /api/users/presence/active 200 in 490ms :: [{\"id\":\"admin-id\",\"username\":\"ad…","service":"stargem-manager","timestamp":"2026-05-06 01:53:58"}
{"level":"info","message":"POST /api/users/presence/heartbeat 200 in 460ms :: {\"success\":true}","service":"stargem-manager","timestamp":"2026-05-06 01:53:58"}
{"level":"info","message":"GET /api/team-notes 304 in 346ms :: []","service":"stargem-manager","timestamp":"2026-05-06 01:53:58"}
{"level":"info","message":"GET /api/team-comments 304 in 379ms :: [{\"id\":20,\"authorId\":\"admin-id\",\"authorN…","service":"stargem-manager","timestamp":"2026-05-06 01:53:58"}
{"level":"info","message":"GET /api/enrollments 304 in 163ms :: []","service":"stargem-manager","timestamp":"2026-05-06 01:53:58"}
{"level":"info","message":"GET /api/payments 304 in 166ms :: []","service":"stargem-manager","timestamp":"2026-05-06 01:53:58"}
{"level":"info","message":"GET /api/courses 304 in 180ms :: [{\"id\":852,\"sku\":null,\"name\":\"Corso Storico Im…","service":"stargem-manager","timestamp":"2026-05-06 01:53:58"}
{"level":"info","message":"GET /api/members 304 in 197ms :: {\"members\":[{\"id\":14178,\"firstName\":\"BOT\",\"las…","service":"stargem-manager","timestamp":"2026-05-06 01:53:58"}
{"level":"info","message":"GET /api/members 304 in 199ms :: {\"members\":[{\"id\":14178,\"firstName\":\"BOT\",\"las…","service":"stargem-manager","timestamp":"2026-05-06 01:53:58"}
{"level":"info","message":"GET /api/members/missing-data 304 in 218ms :: {\"missingFiscalCode\":75,\"missingE…","service":"stargem-manager","timestamp":"2026-05-06 01:53:58"}
{"level":"info","message":"GET /api/client-categories 200 in 116ms","service":"stargem-manager","timestamp":"2026-05-06 01:53:58"}
{"level":"info","message":"GET /api/participant-types 500 in 130ms :: {\"message\":\"Failed to fetch particip…","service":"stargem-manager","timestamp":"2026-05-06 01:53:58"}
{"level":"info","message":"GET /api/subscription-types 500 in 145ms :: {\"message\":\"Failed to fetch subscri…","service":"stargem-manager","timestamp":"2026-05-06 01:53:58"}
{"level":"info","message":"GET /api/members/counts-by-type 304 in 155ms :: {\"partecipanti\":\"0\",\"staff\":\"70…","service":"stargem-manager","timestamp":"2026-05-06 01:53:59"}
{"level":"info","message":"GET /api/members/duplicates 304 in 171ms :: []","service":"stargem-manager","timestamp":"2026-05-06 01:53:59"}
{"level":"info","message":"POST /api/logout 200 in 260ms","service":"stargem-manager","timestamp":"2026-05-06 01:54:01"}
{"level":"info","message":"GET /api/user 200 in 112ms :: {\"id\":\"admin-id\",\"username\":\"admin\",\"password\":\"d…","service":"stargem-manager","timestamp":"2026-05-06 01:54:12"}
{"level":"info","message":"GET /api/latest-activity 200 in 138ms :: {\"id\":2643,\"userId\":\"admin-id\",\"action…","service":"stargem-manager","timestamp":"2026-05-06 01:54:12"}
{"level":"info","message":"GET /api/activities-summary 304 in 162ms :: {\"corsi\":{\"total\":289,\"active\":289}…","service":"stargem-manager","timestamp":"2026-05-06 01:54:12"}
{"level":"info","message":"GET /api/gemteam/permessi/pending-count 304 in 193ms :: {\"count\":0}","service":"stargem-manager","timestamp":"2026-05-06 01:54:12"}
{"level":"info","message":"GET /api/users/presence/active 200 in 443ms :: [{\"id\":\"admin-id\",\"username\":\"ad…","service":"stargem-manager","timestamp":"2026-05-06 01:54:12"}
{"level":"info","message":"GET /api/team-notes 304 in 341ms :: []","service":"stargem-manager","timestamp":"2026-05-06 01:54:12"}
{"level":"info","message":"GET /api/todos 304 in 330ms :: [{\"id\":1,\"text\":\"Implementare verifica SMS/Whats…","service":"stargem-manager","timestamp":"2026-05-06 01:54:12"}
{"level":"info","message":"GET /api/team-comments 304 in 341ms :: [{\"id\":20,\"authorId\":\"admin-id\",\"authorN…","service":"stargem-manager","timestamp":"2026-05-06 01:54:12"}
{"level":"info","message":"POST /api/users/presence/heartbeat 200 in 419ms :: {\"success\":true}","service":"stargem-manager","timestamp":"2026-05-06 01:54:12"}
{"level":"info","message":"GET /api/courses 304 in 178ms :: [{\"id\":852,\"sku\":null,\"name\":\"Corso Storico Im…","service":"stargem-manager","timestamp":"2026-05-06 01:54:13"}
{"level":"info","message":"GET /api/client-categories 200 in 179ms","service":"stargem-manager","timestamp":"2026-05-06 01:54:13"}
{"level":"info","message":"GET /api/members 304 in 192ms :: {\"members\":[{\"id\":14178,\"firstName\":\"BOT\",\"las…","service":"stargem-manager","timestamp":"2026-05-06 01:54:13"}
{"level":"info","message":"GET /api/enrollments 304 in 194ms :: []","service":"stargem-manager","timestamp":"2026-05-06 01:54:13"}
{"level":"info","message":"GET /api/payments 304 in 193ms :: []","service":"stargem-manager","timestamp":"2026-05-06 01:54:13"}
{"level":"info","message":"GET /api/members 304 in 208ms :: {\"members\":[{\"id\":14178,\"firstName\":\"BOT\",\"las…","service":"stargem-manager","timestamp":"2026-05-06 01:54:13"}
{"level":"info","message":"GET /api/members/duplicates 304 in 169ms :: []","service":"stargem-manager","timestamp":"2026-05-06 01:54:13"}
{"level":"info","message":"GET /api/subscription-types 500 in 154ms :: {\"message\":\"Failed to fetch subscri…","service":"stargem-manager","timestamp":"2026-05-06 01:54:13"}
{"level":"info","message":"GET /api/participant-types 500 in 155ms :: {\"message\":\"Failed to fetch particip…","service":"stargem-manager","timestamp":"2026-05-06 01:54:13"}
{"level":"info","message":"GET /api/members/counts-by-type 304 in 172ms :: {\"partecipanti\":\"0\",\"staff\":\"70…","service":"stargem-manager","timestamp":"2026-05-06 01:54:13"}
{"level":"info","message":"GET /api/members/missing-data 304 in 200ms :: {\"missingFiscalCode\":75,\"missingE…","service":"stargem-manager","timestamp":"2026-05-06 01:54:13"}
{"level":"info","message":"GET /api/todos 304 in 190ms :: [{\"id\":1,\"text\":\"Implementare verifica SMS/Whats…","service":"stargem-manager","timestamp":"2026-05-06 01:54:22"}
{"level":"info","message":"GET /api/team-comments 304 in 188ms :: [{\"id\":20,\"authorId\":\"admin-id\",\"authorN…","service":"stargem-manager","timestamp":"2026-05-06 01:54:23"}
{"level":"info","message":"GET /api/users/presence/active 200 in 434ms :: [{\"id\":\"admin-id\",\"username\":\"ad…","service":"stargem-manager","timestamp":"2026-05-06 01:54:28"}
{"level":"info","message":"GET /api/todos 304 in 189ms :: [{\"id\":1,\"text\":\"Implementare verifica SMS/Whats…","service":"stargem-manager","timestamp":"2026-05-06 01:54:33"}
{"level":"info","message":"GET /api/team-comments 304 in 188ms :: [{\"id\":20,\"authorId\":\"admin-id\",\"authorN…","service":"stargem-manager","timestamp":"2026-05-06 01:54:33"}
{"level":"info","message":"GET /api/todos 304 in 182ms :: [{\"id\":1,\"text\":\"Implementare verifica SMS/Whats…","service":"stargem-manager","timestamp":"2026-05-06 01:54:43"}
{"level":"info","message":"GET /api/team-comments 304 in 167ms :: [{\"id\":20,\"authorId\":\"admin-id\",\"authorN…","service":"stargem-manager","timestamp":"2026-05-06 01:54:43"}
{"level":"info","message":"GET /api/users/presence/active 200 in 592ms :: [{\"id\":\"admin-id\",\"username\":\"ad…","service":"stargem-manager","timestamp":"2026-05-06 01:54:43"}
{"level":"info","message":"GET /api/todos 304 in 177ms :: [{\"id\":1,\"text\":\"Implementare verifica SMS/Whats…","service":"stargem-manager","timestamp":"2026-05-06 01:54:53"}
{"level":"info","message":"GET /api/team-comments 304 in 182ms :: [{\"id\":20,\"authorId\":\"admin-id\",\"authorN…","service":"stargem-manager","timestamp":"2026-05-06 01:54:53"}
{"level":"info","message":"GET /api/users/presence/active 304 in 581ms :: [{\"id\":\"admin-id\",\"username\":\"ad…","service":"stargem-manager","timestamp":"2026-05-06 01:54:59"}
{"level":"info","message":"GET /api/todos 304 in 190ms :: [{\"id\":1,\"text\":\"Implementare verifica SMS/Whats…","service":"stargem-manager","timestamp":"2026-05-06 01:55:03"}
{"level":"info","message":"GET /api/team-comments 304 in 191ms :: [{\"id\":20,\"authorId\":\"admin-id\",\"authorN…","service":"stargem-manager","timestamp":"2026-05-06 01:55:03"}
{"level":"info","message":"POST /api/users/presence/heartbeat 200 in 226ms :: {\"success\":true}","service":"stargem-manager","timestamp":"2026-05-06 01:55:10"}
{"level":"info","message":"GET /api/gemteam/permessi/pending-count 304 in 198ms :: {\"count\":0}","service":"stargem-manager","timestamp":"2026-05-06 01:55:12"}
{"level":"info","message":"POST /api/logout 200 in 230ms","service":"stargem-manager","timestamp":"2026-05-06 01:55:13"}
{"level":"info","message":"GET /api/user 200 in 82ms :: {\"id\":\"admin-id\",\"username\":\"admin\",\"password\":\"d4…","service":"stargem-manager","timestamp":"2026-05-06 01:59:27"}
{"level":"info","message":"GET /api/gemteam/permessi/pending-count 304 in 184ms :: {\"count\":0}","service":"stargem-manager","timestamp":"2026-05-06 01:59:27"}
{"level":"info","message":"GET /api/activities-summary 304 in 313ms :: {\"corsi\":{\"total\":289,\"active\":289}…","service":"stargem-manager","timestamp":"2026-05-06 01:59:27"}
{"level":"info","message":"GET /api/todos 304 in 412ms :: [{\"id\":1,\"text\":\"Implementare verifica SMS/Whats…","service":"stargem-manager","timestamp":"2026-05-06 01:59:28"}
{"level":"info","message":"GET /api/users/presence/active 200 in 561ms :: [{\"id\":\"admin-id\",\"username\":\"ad…","service":"stargem-manager","timestamp":"2026-05-06 01:59:28"}
{"level":"info","message":"GET /api/team-comments 304 in 418ms :: [{\"id\":20,\"authorId\":\"admin-id\",\"authorN…","service":"stargem-manager","timestamp":"2026-05-06 01:59:28"}
{"level":"info","message":"GET /api/team-notes 304 in 426ms :: []","service":"stargem-manager","timestamp":"2026-05-06 01:59:28"}
{"level":"info","message":"GET /api/latest-activity 200 in 331ms :: {\"id\":2644,\"userId\":\"admin-id\",\"action…","service":"stargem-manager","timestamp":"2026-05-06 01:59:28"}
{"level":"info","message":"POST /api/users/presence/heartbeat 200 in 560ms :: {\"success\":true}","service":"stargem-manager","timestamp":"2026-05-06 01:59:28"}
{"level":"info","message":"GET /api/payments 304 in 177ms :: []","service":"stargem-manager","timestamp":"2026-05-06 01:59:28"}
{"level":"info","message":"GET /api/enrollments 304 in 202ms :: []","service":"stargem-manager","timestamp":"2026-05-06 01:59:28"}
{"level":"info","message":"GET /api/members 304 in 207ms :: {\"members\":[{\"id\":14178,\"firstName\":\"BOT\",\"las…","service":"stargem-manager","timestamp":"2026-05-06 01:59:28"}
{"level":"info","message":"GET /api/courses 304 in 210ms :: [{\"id\":852,\"sku\":null,\"name\":\"Corso Storico Im…","service":"stargem-manager","timestamp":"2026-05-06 01:59:28"}
{"level":"info","message":"GET /api/members 304 in 224ms :: {\"members\":[{\"id\":14178,\"firstName\":\"BOT\",\"las…","service":"stargem-manager","timestamp":"2026-05-06 01:59:28"}
{"level":"info","message":"GET /api/members/missing-data 304 in 239ms :: {\"missingFiscalCode\":75,\"missingE…","service":"stargem-manager","timestamp":"2026-05-06 01:59:28"}
{"level":"info","message":"GET /api/client-categories 200 in 119ms","service":"stargem-manager","timestamp":"2026-05-06 01:59:28"}
{"level":"info","message":"GET /api/members/duplicates 304 in 184ms :: []","service":"stargem-manager","timestamp":"2026-05-06 01:59:28"}
{"level":"info","message":"GET /api/subscription-types 500 in 153ms :: {\"message\":\"Failed to fetch subscri…","service":"stargem-manager","timestamp":"2026-05-06 01:59:28"}
{"level":"info","message":"GET /api/participant-types 500 in 168ms :: {\"message\":\"Failed to fetch particip…","service":"stargem-manager","timestamp":"2026-05-06 01:59:28"}
{"level":"info","message":"GET /api/members/counts-by-type 304 in 155ms :: {\"partecipanti\":\"0\",\"staff\":\"70…","service":"stargem-manager","timestamp":"2026-05-06 01:59:28"}
{"level":"info","message":"POST /api/logout 200 in 243ms","service":"stargem-manager","timestamp":"2026-05-06 01:59:29"}
{"level":"info","message":"GET /api/user 200 in 123ms :: {\"id\":\"admin-id\",\"username\":\"admin\",\"password\":\"d…","service":"stargem-manager","timestamp":"2026-05-06 01:59:36"}
{"level":"info","message":"GET /api/latest-activity 200 in 153ms :: {\"id\":2645,\"userId\":\"admin-id\",\"action…","service":"stargem-manager","timestamp":"2026-05-06 01:59:36"}
{"level":"info","message":"GET /api/activities-summary 304 in 249ms :: {\"corsi\":{\"total\":289,\"active\":289}…","service":"stargem-manager","timestamp":"2026-05-06 01:59:36"}
{"level":"info","message":"GET /api/gemteam/permessi/pending-count 304 in 389ms :: {\"count\":0}","service":"stargem-manager","timestamp":"2026-05-06 01:59:36"}
{"level":"info","message":"GET /api/team-notes 304 in 389ms :: []","service":"stargem-manager","timestamp":"2026-05-06 01:59:36"}
{"level":"info","message":"GET /api/users/presence/active 200 in 530ms :: [{\"id\":\"admin-id\",\"username\":\"ad…","service":"stargem-manager","timestamp":"2026-05-06 01:59:36"}
{"level":"info","message":"POST /api/users/presence/heartbeat 200 in 532ms :: {\"success\":true}","service":"stargem-manager","timestamp":"2026-05-06 01:59:36"}
{"level":"info","message":"GET /api/todos 304 in 390ms :: [{\"id\":1,\"text\":\"Implementare verifica SMS/Whats…","service":"stargem-manager","timestamp":"2026-05-06 01:59:36"}
{"level":"info","message":"GET /api/team-comments 304 in 348ms :: [{\"id\":20,\"authorId\":\"admin-id\",\"authorN…","service":"stargem-manager","timestamp":"2026-05-06 01:59:36"}
{"level":"info","message":"GET /api/client-categories 200 in 165ms","service":"stargem-manager","timestamp":"2026-05-06 01:59:36"}
{"level":"info","message":"GET /api/participant-types 500 in 177ms :: {\"message\":\"Failed to fetch particip…","service":"stargem-manager","timestamp":"2026-05-06 01:59:36"}
{"level":"info","message":"GET /api/payments 304 in 179ms :: []","service":"stargem-manager","timestamp":"2026-05-06 01:59:36"}
{"level":"info","message":"GET /api/enrollments 304 in 180ms :: []","service":"stargem-manager","timestamp":"2026-05-06 01:59:36"}
{"level":"info","message":"GET /api/courses 304 in 194ms :: [{\"id\":852,\"sku\":null,\"name\":\"Corso Storico Im…","service":"stargem-manager","timestamp":"2026-05-06 01:59:36"}
{"level":"info","message":"GET /api/members 304 in 208ms :: {\"members\":[{\"id\":14178,\"firstName\":\"BOT\",\"las…","service":"stargem-manager","timestamp":"2026-05-06 01:59:37"}
{"level":"info","message":"GET /api/members/counts-by-type 304 in 143ms :: {\"partecipanti\":\"0\",\"staff\":\"70…","service":"stargem-manager","timestamp":"2026-05-06 01:59:37"}
{"level":"info","message":"GET /api/subscription-types 500 in 171ms :: {\"message\":\"Failed to fetch subscri…","service":"stargem-manager","timestamp":"2026-05-06 01:59:37"}
{"level":"info","message":"GET /api/members 304 in 203ms :: {\"members\":[{\"id\":14178,\"firstName\":\"BOT\",\"las…","service":"stargem-manager","timestamp":"2026-05-06 01:59:37"}
{"level":"info","message":"GET /api/members/duplicates 304 in 203ms :: []","service":"stargem-manager","timestamp":"2026-05-06 01:59:37"}
{"level":"info","message":"GET /api/members/missing-data 304 in 219ms :: {\"missingFiscalCode\":75,\"missingE…","service":"stargem-manager","timestamp":"2026-05-06 01:59:37"}
{"level":"info","message":"GET /api/todos 304 in 178ms :: [{\"id\":1,\"text\":\"Implementare verifica SMS/Whats…","service":"stargem-manager","timestamp":"2026-05-06 01:59:46"}
{"level":"info","message":"GET /api/team-comments 304 in 127ms :: [{\"id\":20,\"authorId\":\"admin-id\",\"authorN…","service":"stargem-manager","timestamp":"2026-05-06 01:59:46"}
{"level":"info","message":"GET /api/users/presence/active 200 in 451ms :: [{\"id\":\"admin-id\",\"username\":\"ad…","service":"stargem-manager","timestamp":"2026-05-06 01:59:52"}
{"level":"info","message":"GET /api/todos 304 in 191ms :: [{\"id\":1,\"text\":\"Implementare verifica SMS/Whats…","service":"stargem-manager","timestamp":"2026-05-06 01:59:56"}
{"level":"info","message":"GET /api/team-comments 304 in 193ms :: [{\"id\":20,\"authorId\":\"admin-id\",\"authorN…","service":"stargem-manager","timestamp":"2026-05-06 01:59:56"}
{"level":"info","message":"GET /api/todos 304 in 190ms :: [{\"id\":1,\"text\":\"Implementare verifica SMS/Whats…","service":"stargem-manager","timestamp":"2026-05-06 02:00:07"}
{"level":"info","message":"GET /api/team-comments 304 in 206ms :: [{\"id\":20,\"authorId\":\"admin-id\",\"authorN…","service":"stargem-manager","timestamp":"2026-05-06 02:00:07"}
{"level":"info","message":"GET /api/users/presence/active 200 in 463ms :: [{\"id\":\"admin-id\",\"username\":\"ad…","service":"stargem-manager","timestamp":"2026-05-06 02:00:07"}
{"level":"info","message":"GET /api/todos 304 in 190ms :: [{\"id\":1,\"text\":\"Implementare verifica SMS/Whats…","service":"stargem-manager","timestamp":"2026-05-06 02:00:17"}
{"level":"info","message":"GET /api/team-comments 304 in 178ms :: [{\"id\":20,\"authorId\":\"admin-id\",\"authorN…","service":"stargem-manager","timestamp":"2026-05-06 02:00:17"}
{"level":"info","message":"POST /api/users/presence/heartbeat 200 in 235ms :: {\"success\":true}","service":"stargem-manager","timestamp":"2026-05-06 02:00:20"}
{"level":"info","message":"GET /api/users/presence/active 200 in 426ms :: [{\"id\":\"admin-id\",\"username\":\"ad…","service":"stargem-manager","timestamp":"2026-05-06 02:00:22"}
{"level":"info","message":"GET /api/todos 304 in 191ms :: [{\"id\":1,\"text\":\"Implementare verifica SMS/Whats…","service":"stargem-manager","timestamp":"2026-05-06 02:00:27"}
{"level":"info","message":"GET /api/team-comments 304 in 192ms :: [{\"id\":20,\"authorId\":\"admin-id\",\"authorN…","service":"stargem-manager","timestamp":"2026-05-06 02:00:27"}
{"level":"info","message":"POST /api/logout 200 in 230ms","service":"stargem-manager","timestamp":"2026-05-06 02:00:28"}
{"level":"info","message":"GET /api/user 200 in 84ms :: {\"id\":\"admin-id\",\"username\":\"admin\",\"password\":\"d4…","service":"stargem-manager","timestamp":"2026-05-06 02:12:32"}
{"level":"info","message":"GET /api/gemteam/permessi/pending-count 304 in 220ms :: {\"count\":0}","service":"stargem-manager","timestamp":"2026-05-06 02:12:32"}
{"level":"info","message":"GET /api/activities-summary 304 in 281ms :: {\"corsi\":{\"total\":289,\"active\":289}…","service":"stargem-manager","timestamp":"2026-05-06 02:12:32"}
{"level":"info","message":"GET /api/team-notes 304 in 513ms :: []","service":"stargem-manager","timestamp":"2026-05-06 02:12:32"}
{"level":"info","message":"GET /api/users/presence/active 200 in 686ms :: [{\"id\":\"admin-id\",\"username\":\"ad…","service":"stargem-manager","timestamp":"2026-05-06 02:12:32"}
{"level":"info","message":"GET /api/todos 304 in 479ms :: [{\"id\":1,\"text\":\"Implementare verifica SMS/Whats…","service":"stargem-manager","timestamp":"2026-05-06 02:12:32"}
{"level":"info","message":"GET /api/latest-activity 200 in 529ms :: {\"id\":2646,\"userId\":\"admin-id\",\"action…","service":"stargem-manager","timestamp":"2026-05-06 02:12:32"}
{"level":"info","message":"GET /api/team-comments 304 in 433ms :: [{\"id\":20,\"authorId\":\"admin-id\",\"authorN…","service":"stargem-manager","timestamp":"2026-05-06 02:12:32"}
{"level":"info","message":"POST /api/users/presence/heartbeat 200 in 714ms :: {\"success\":true}","service":"stargem-manager","timestamp":"2026-05-06 02:12:33"}
{"level":"info","message":"GET /api/client-categories 200 in 194ms","service":"stargem-manager","timestamp":"2026-05-06 02:12:33"}
{"level":"info","message":"GET /api/payments 304 in 211ms :: []","service":"stargem-manager","timestamp":"2026-05-06 02:12:33"}
{"level":"info","message":"GET /api/courses 304 in 226ms :: [{\"id\":852,\"sku\":null,\"name\":\"Corso Storico Im…","service":"stargem-manager","timestamp":"2026-05-06 02:12:33"}
{"level":"info","message":"GET /api/enrollments 304 in 228ms :: []","service":"stargem-manager","timestamp":"2026-05-06 02:12:33"}
{"level":"info","message":"GET /api/members 304 in 241ms :: {\"members\":[{\"id\":14178,\"firstName\":\"BOT\",\"las…","service":"stargem-manager","timestamp":"2026-05-06 02:12:33"}
{"level":"info","message":"GET /api/members 304 in 241ms :: {\"members\":[{\"id\":14178,\"firstName\":\"BOT\",\"las…","service":"stargem-manager","timestamp":"2026-05-06 02:12:33"}
{"level":"info","message":"GET /api/subscription-types 500 in 142ms :: {\"message\":\"Failed to fetch subscri…","service":"stargem-manager","timestamp":"2026-05-06 02:12:33"}
{"level":"info","message":"GET /api/participant-types 500 in 174ms :: {\"message\":\"Failed to fetch particip…","service":"stargem-manager","timestamp":"2026-05-06 02:12:33"}
{"level":"info","message":"GET /api/members/counts-by-type 304 in 173ms :: {\"partecipanti\":\"0\",\"staff\":\"70…","service":"stargem-manager","timestamp":"2026-05-06 02:12:33"}
{"level":"info","message":"GET /api/members/duplicates 304 in 203ms :: []","service":"stargem-manager","timestamp":"2026-05-06 02:12:33"}
{"level":"info","message":"GET /api/members/missing-data 304 in 219ms :: {\"missingFiscalCode\":75,\"missingE…","service":"stargem-manager","timestamp":"2026-05-06 02:12:33"}
{"level":"info","message":"POST /api/logout 200 in 302ms","service":"stargem-manager","timestamp":"2026-05-06 02:12:40"}
{"level":"info","message":"GET /api/user 200 in 83ms :: {\"id\":\"admin-id\",\"username\":\"admin\",\"password\":\"d4…","service":"stargem-manager","timestamp":"2026-05-06 02:17:53"}
{"level":"info","message":"GET /api/todos 200 in 177ms :: [{\"id\":1,\"text\":\"Implementare verifica SMS/Whats…","service":"stargem-manager","timestamp":"2026-05-06 02:17:53"}
{"level":"info","message":"GET /api/team-notes 200 in 194ms :: []","service":"stargem-manager","timestamp":"2026-05-06 02:17:53"}
{"level":"info","message":"GET /api/team-comments 200 in 142ms :: [{\"id\":20,\"authorId\":\"admin-id\",\"authorN…","service":"stargem-manager","timestamp":"2026-05-06 02:17:53"}
{"level":"info","message":"GET /api/activities-summary 200 in 147ms :: {\"corsi\":{\"total\":289,\"active\":289}…","service":"stargem-manager","timestamp":"2026-05-06 02:17:53"}
{"level":"info","message":"POST /api/users/presence/heartbeat 200 in 276ms :: {\"success\":true}","service":"stargem-manager","timestamp":"2026-05-06 02:17:53"}
{"level":"info","message":"GET /api/gemteam/permessi/pending-count 200 in 119ms :: {\"count\":0}","service":"stargem-manager","timestamp":"2026-05-06 02:17:53"}
{"level":"info","message":"GET /api/latest-activity 200 in 235ms :: {\"id\":2647,\"userId\":\"admin-id\",\"action…","service":"stargem-manager","timestamp":"2026-05-06 02:17:53"}
{"level":"info","message":"GET /api/users/presence/active 200 in 543ms :: [{\"id\":\"admin-id\",\"username\":\"ad…","service":"stargem-manager","timestamp":"2026-05-06 02:17:53"}
{"level":"info","message":"GET /api/client-categories 200 in 162ms","service":"stargem-manager","timestamp":"2026-05-06 02:17:54"}
{"level":"info","message":"GET /api/members 304 in 179ms :: {\"members\":[{\"id\":14178,\"firstName\":\"BOT\",\"las…","service":"stargem-manager","timestamp":"2026-05-06 02:17:54"}
{"level":"info","message":"GET /api/enrollments 304 in 184ms :: []","service":"stargem-manager","timestamp":"2026-05-06 02:17:54"}
{"level":"info","message":"GET /api/payments 304 in 183ms :: []","service":"stargem-manager","timestamp":"2026-05-06 02:17:54"}
{"level":"info","message":"GET /api/members 304 in 202ms :: {\"members\":[{\"id\":14178,\"firstName\":\"BOT\",\"las…","service":"stargem-manager","timestamp":"2026-05-06 02:17:54"}
{"level":"info","message":"GET /api/courses 304 in 217ms :: [{\"id\":852,\"sku\":null,\"name\":\"Corso Storico Im…","service":"stargem-manager","timestamp":"2026-05-06 02:17:54"}
{"level":"info","message":"GET /api/participant-types 500 in 121ms :: {\"message\":\"Failed to fetch particip…","service":"stargem-manager","timestamp":"2026-05-06 02:17:54"}
{"level":"info","message":"GET /api/subscription-types 500 in 123ms :: {\"message\":\"Failed to fetch subscri…","service":"stargem-manager","timestamp":"2026-05-06 02:17:54"}
{"level":"info","message":"GET /api/members/counts-by-type 304 in 154ms :: {\"partecipanti\":\"0\",\"staff\":\"70…","service":"stargem-manager","timestamp":"2026-05-06 02:17:54"}
{"level":"info","message":"GET /api/members/duplicates 304 in 191ms :: []","service":"stargem-manager","timestamp":"2026-05-06 02:17:54"}
{"level":"info","message":"GET /api/members/missing-data 304 in 207ms :: {\"missingFiscalCode\":75,\"missingE…","service":"stargem-manager","timestamp":"2026-05-06 02:17:54"}
{"level":"info","message":"POST /api/logout 200 in 249ms","service":"stargem-manager","timestamp":"2026-05-06 02:17:55"}
{"level":"info","message":"GET /api/user 200 in 98ms :: {\"id\":\"admin-id\",\"username\":\"admin\",\"password\":\"d4…","service":"stargem-manager","timestamp":"2026-05-06 02:18:02"}
{"level":"info","message":"GET /api/latest-activity 200 in 150ms :: {\"id\":2648,\"userId\":\"admin-id\",\"action…","service":"stargem-manager","timestamp":"2026-05-06 02:18:02"}
{"level":"info","message":"GET /api/activities-summary 304 in 175ms :: {\"corsi\":{\"total\":289,\"active\":289}…","service":"stargem-manager","timestamp":"2026-05-06 02:18:02"}
{"level":"info","message":"GET /api/team-notes 304 in 323ms :: []","service":"stargem-manager","timestamp":"2026-05-06 02:18:03"}
{"level":"info","message":"GET /api/gemteam/permessi/pending-count 304 in 324ms :: {\"count\":0}","service":"stargem-manager","timestamp":"2026-05-06 02:18:03"}
{"level":"info","message":"GET /api/users/presence/active 200 in 457ms :: [{\"id\":\"admin-id\",\"username\":\"ad…","service":"stargem-manager","timestamp":"2026-05-06 02:18:03"}
{"level":"info","message":"GET /api/todos 304 in 333ms :: [{\"id\":1,\"text\":\"Implementare verifica SMS/Whats…","service":"stargem-manager","timestamp":"2026-05-06 02:18:03"}
{"level":"info","message":"POST /api/users/presence/heartbeat 200 in 435ms :: {\"success\":true}","service":"stargem-manager","timestamp":"2026-05-06 02:18:03"}
{"level":"info","message":"GET /api/team-comments 304 in 357ms :: [{\"id\":20,\"authorId\":\"admin-id\",\"authorN…","service":"stargem-manager","timestamp":"2026-05-06 02:18:03"}
{"level":"info","message":"GET /api/payments 304 in 166ms :: []","service":"stargem-manager","timestamp":"2026-05-06 02:18:03"}
{"level":"info","message":"GET /api/enrollments 304 in 179ms :: []","service":"stargem-manager","timestamp":"2026-05-06 02:18:03"}
{"level":"info","message":"GET /api/courses 304 in 195ms :: [{\"id\":852,\"sku\":null,\"name\":\"Corso Storico Im…","service":"stargem-manager","timestamp":"2026-05-06 02:18:03"}
{"level":"info","message":"GET /api/members 304 in 197ms :: {\"members\":[{\"id\":14178,\"firstName\":\"BOT\",\"las…","service":"stargem-manager","timestamp":"2026-05-06 02:18:03"}
{"level":"info","message":"GET /api/members 304 in 225ms :: {\"members\":[{\"id\":14178,\"firstName\":\"BOT\",\"las…","service":"stargem-manager","timestamp":"2026-05-06 02:18:03"}
{"level":"info","message":"GET /api/members/missing-data 304 in 236ms :: {\"missingFiscalCode\":75,\"missingE…","service":"stargem-manager","timestamp":"2026-05-06 02:18:03"}
{"level":"info","message":"GET /api/client-categories 200 in 108ms","service":"stargem-manager","timestamp":"2026-05-06 02:18:03"}
{"level":"info","message":"GET /api/participant-types 500 in 116ms :: {\"message\":\"Failed to fetch particip…","service":"stargem-manager","timestamp":"2026-05-06 02:18:03"}
{"level":"info","message":"GET /api/members/counts-by-type 304 in 121ms :: {\"partecipanti\":\"0\",\"staff\":\"70…","service":"stargem-manager","timestamp":"2026-05-06 02:18:03"}
{"level":"info","message":"GET /api/members/duplicates 304 in 168ms :: []","service":"stargem-manager","timestamp":"2026-05-06 02:18:03"}
{"level":"info","message":"GET /api/subscription-types 500 in 157ms :: {\"message\":\"Failed to fetch subscri…","service":"stargem-manager","timestamp":"2026-05-06 02:18:03"}
{"level":"info","message":"POST /api/logout 200 in 247ms","service":"stargem-manager","timestamp":"2026-05-06 02:18:04"}
{"level":"info","message":"GET /api/user 200 in 82ms :: {\"id\":\"admin-id\",\"username\":\"admin\",\"password\":\"d4…","service":"stargem-manager","timestamp":"2026-05-06 02:18:32"}
{"level":"info","message":"GET /api/latest-activity 200 in 142ms :: {\"id\":2649,\"userId\":\"admin-id\",\"action…","service":"stargem-manager","timestamp":"2026-05-06 02:18:32"}
{"level":"info","message":"GET /api/gemteam/permessi/pending-count 200 in 140ms :: {\"count\":0}","service":"stargem-manager","timestamp":"2026-05-06 02:18:32"}
{"level":"info","message":"GET /api/users/presence/active 200 in 428ms :: [{\"id\":\"admin-id\",\"username\":\"ad…","service":"stargem-manager","timestamp":"2026-05-06 02:18:33"}
{"level":"info","message":"GET /api/team-notes 200 in 323ms :: []","service":"stargem-manager","timestamp":"2026-05-06 02:18:33"}
{"level":"info","message":"POST /api/users/presence/heartbeat 200 in 448ms :: {\"success\":true}","service":"stargem-manager","timestamp":"2026-05-06 02:18:33"}
{"level":"info","message":"GET /api/activities-summary 200 in 357ms :: {\"corsi\":{\"total\":289,\"active\":289}…","service":"stargem-manager","timestamp":"2026-05-06 02:18:33"}
{"level":"info","message":"GET /api/todos 200 in 321ms :: [{\"id\":1,\"text\":\"Implementare verifica SMS/Whats…","service":"stargem-manager","timestamp":"2026-05-06 02:18:33"}
{"level":"info","message":"GET /api/team-comments 200 in 293ms :: [{\"id\":20,\"authorId\":\"admin-id\",\"authorN…","service":"stargem-manager","timestamp":"2026-05-06 02:18:33"}
{"level":"info","message":"GET /api/courses 304 in 202ms :: [{\"id\":852,\"sku\":null,\"name\":\"Corso Storico Im…","service":"stargem-manager","timestamp":"2026-05-06 02:18:33"}
{"level":"info","message":"GET /api/payments 304 in 205ms :: []","service":"stargem-manager","timestamp":"2026-05-06 02:18:33"}
{"level":"info","message":"GET /api/client-categories 200 in 205ms","service":"stargem-manager","timestamp":"2026-05-06 02:18:33"}
{"level":"info","message":"GET /api/enrollments 304 in 206ms :: []","service":"stargem-manager","timestamp":"2026-05-06 02:18:33"}
{"level":"info","message":"GET /api/members 304 in 214ms :: {\"members\":[{\"id\":14178,\"firstName\":\"BOT\",\"las…","service":"stargem-manager","timestamp":"2026-05-06 02:18:33"}
{"level":"info","message":"GET /api/members 304 in 226ms :: {\"members\":[{\"id\":14178,\"firstName\":\"BOT\",\"las…","service":"stargem-manager","timestamp":"2026-05-06 02:18:33"}
{"level":"info","message":"GET /api/subscription-types 500 in 149ms :: {\"message\":\"Failed to fetch subscri…","service":"stargem-manager","timestamp":"2026-05-06 02:18:33"}
{"level":"info","message":"GET /api/participant-types 500 in 150ms :: {\"message\":\"Failed to fetch particip…","service":"stargem-manager","timestamp":"2026-05-06 02:18:33"}
{"level":"info","message":"GET /api/members/counts-by-type 304 in 170ms :: {\"partecipanti\":\"0\",\"staff\":\"70…","service":"stargem-manager","timestamp":"2026-05-06 02:18:33"}
{"level":"info","message":"GET /api/members/duplicates 304 in 191ms :: []","service":"stargem-manager","timestamp":"2026-05-06 02:18:33"}
{"level":"info","message":"GET /api/members/missing-data 304 in 209ms :: {\"missingFiscalCode\":75,\"missingE…","service":"stargem-manager","timestamp":"2026-05-06 02:18:33"}
{"level":"info","message":"POST /api/logout 200 in 244ms","service":"stargem-manager","timestamp":"2026-05-06 02:18:35"}
{"level":"info","message":"Server started. Serving on port 5001","service":"stargem-manager","timestamp":"2026-05-06 02:45:53"}
{"level":"info","message":"GET /api/user 200 in 83ms :: {\"id\":\"admin-id\",\"username\":\"admin\",\"password\":\"d4…","service":"stargem-manager","timestamp":"2026-05-06 02:46:05"}
{"level":"info","message":"GET /api/latest-activity 200 in 140ms :: {\"id\":2650,\"userId\":\"admin-id\",\"action…","service":"stargem-manager","timestamp":"2026-05-06 02:46:06"}
{"level":"info","message":"GET /api/gemteam/permessi/pending-count 304 in 179ms :: {\"count\":0}","service":"stargem-manager","timestamp":"2026-05-06 02:46:06"}
{"level":"info","message":"GET /api/activities-summary 304 in 181ms :: {\"corsi\":{\"total\":289,\"active\":289}…","service":"stargem-manager","timestamp":"2026-05-06 02:46:06"}
{"level":"info","message":"GET /api/users/presence/active 200 in 434ms :: [{\"id\":\"admin-id\",\"username\":\"ad…","service":"stargem-manager","timestamp":"2026-05-06 02:46:06"}
{"level":"info","message":"POST /api/users/presence/heartbeat 200 in 453ms :: {\"success\":true}","service":"stargem-manager","timestamp":"2026-05-06 02:46:06"}
{"level":"info","message":"GET /api/team-notes 304 in 325ms :: []","service":"stargem-manager","timestamp":"2026-05-06 02:46:06"}
{"level":"info","message":"GET /api/todos 304 in 303ms :: [{\"id\":1,\"text\":\"Implementare verifica SMS/Whats…","service":"stargem-manager","timestamp":"2026-05-06 02:46:06"}
{"level":"info","message":"GET /api/team-comments 304 in 310ms :: [{\"id\":20,\"authorId\":\"admin-id\",\"authorN…","service":"stargem-manager","timestamp":"2026-05-06 02:46:06"}
{"level":"info","message":"GET /api/client-categories 200 in 90ms","service":"stargem-manager","timestamp":"2026-05-06 02:46:06"}
{"level":"info","message":"GET /api/payments 304 in 146ms :: []","service":"stargem-manager","timestamp":"2026-05-06 02:46:06"}
{"level":"info","message":"GET /api/participant-types 500 in 141ms :: {\"message\":\"Failed to fetch particip…","service":"stargem-manager","timestamp":"2026-05-06 02:46:06"}
{"level":"info","message":"GET /api/courses 304 in 151ms :: [{\"id\":852,\"sku\":null,\"name\":\"Corso Storico Im…","service":"stargem-manager","timestamp":"2026-05-06 02:46:06"}
{"level":"info","message":"GET /api/enrollments 304 in 154ms :: []","service":"stargem-manager","timestamp":"2026-05-06 02:46:06"}
{"level":"info","message":"GET /api/members 304 in 169ms :: {\"members\":[{\"id\":14178,\"firstName\":\"BOT\",\"las…","service":"stargem-manager","timestamp":"2026-05-06 02:46:06"}
{"level":"info","message":"GET /api/subscription-types 500 in 132ms :: {\"message\":\"Failed to fetch subscri…","service":"stargem-manager","timestamp":"2026-05-06 02:46:06"}
{"level":"info","message":"GET /api/members/duplicates 304 in 132ms :: []","service":"stargem-manager","timestamp":"2026-05-06 02:46:06"}
{"level":"info","message":"GET /api/members/counts-by-type 304 in 132ms :: {\"partecipanti\":\"0\",\"staff\":\"70…","service":"stargem-manager","timestamp":"2026-05-06 02:46:06"}
{"level":"info","message":"GET /api/members 304 in 147ms :: {\"members\":[{\"id\":14178,\"firstName\":\"BOT\",\"las…","service":"stargem-manager","timestamp":"2026-05-06 02:46:06"}
{"level":"info","message":"GET /api/members/missing-data 304 in 178ms :: {\"missingFiscalCode\":75,\"missingE…","service":"stargem-manager","timestamp":"2026-05-06 02:46:06"}
{"level":"info","message":"POST /api/logout 200 in 239ms","service":"stargem-manager","timestamp":"2026-05-06 02:46:09"}
{"level":"info","message":"GET /api/user 200 in 95ms :: {\"id\":\"admin-id\",\"username\":\"admin\",\"password\":\"d4…","service":"stargem-manager","timestamp":"2026-05-06 02:48:00"}
{"level":"info","message":"GET /api/activities-summary 304 in 129ms :: {\"corsi\":{\"total\":289,\"active\":289}…","service":"stargem-manager","timestamp":"2026-05-06 02:48:00"}
{"level":"info","message":"GET /api/latest-activity 200 in 131ms :: {\"id\":2651,\"userId\":\"admin-id\",\"action…","service":"stargem-manager","timestamp":"2026-05-06 02:48:00"}
{"level":"info","message":"GET /api/gemteam/permessi/pending-count 304 in 278ms :: {\"count\":0}","service":"stargem-manager","timestamp":"2026-05-06 02:48:00"}
{"level":"info","message":"GET /api/users/presence/active 200 in 368ms :: [{\"id\":\"admin-id\",\"username\":\"ad…","service":"stargem-manager","timestamp":"2026-05-06 02:48:00"}
{"level":"info","message":"GET /api/todos 304 in 294ms :: [{\"id\":1,\"text\":\"Implementare verifica SMS/Whats…","service":"stargem-manager","timestamp":"2026-05-06 02:48:00"}
{"level":"info","message":"GET /api/team-notes 304 in 280ms :: []","service":"stargem-manager","timestamp":"2026-05-06 02:48:00"}
{"level":"info","message":"POST /api/users/presence/heartbeat 200 in 388ms :: {\"success\":true}","service":"stargem-manager","timestamp":"2026-05-06 02:48:00"}
{"level":"info","message":"GET /api/team-comments 304 in 301ms :: [{\"id\":20,\"authorId\":\"admin-id\",\"authorN…","service":"stargem-manager","timestamp":"2026-05-06 02:48:00"}
{"level":"info","message":"GET /api/enrollments 304 in 121ms :: []","service":"stargem-manager","timestamp":"2026-05-06 02:48:01"}
{"level":"info","message":"GET /api/members 304 in 152ms :: {\"members\":[{\"id\":14178,\"firstName\":\"BOT\",\"las…","service":"stargem-manager","timestamp":"2026-05-06 02:48:01"}
{"level":"info","message":"GET /api/courses 304 in 154ms :: [{\"id\":852,\"sku\":null,\"name\":\"Corso Storico Im…","service":"stargem-manager","timestamp":"2026-05-06 02:48:01"}
{"level":"info","message":"GET /api/payments 304 in 156ms :: []","service":"stargem-manager","timestamp":"2026-05-06 02:48:01"}
{"level":"info","message":"GET /api/members 304 in 167ms :: {\"members\":[{\"id\":14178,\"firstName\":\"BOT\",\"las…","service":"stargem-manager","timestamp":"2026-05-06 02:48:01"}
{"level":"info","message":"GET /api/members/missing-data 304 in 172ms :: {\"missingFiscalCode\":75,\"missingE…","service":"stargem-manager","timestamp":"2026-05-06 02:48:01"}
{"level":"info","message":"GET /api/client-categories 200 in 85ms","service":"stargem-manager","timestamp":"2026-05-06 02:48:01"}
{"level":"info","message":"GET /api/members/counts-by-type 304 in 99ms :: {\"partecipanti\":\"0\",\"staff\":\"70\"…","service":"stargem-manager","timestamp":"2026-05-06 02:48:01"}
{"level":"info","message":"GET /api/participant-types 500 in 102ms :: {\"message\":\"Failed to fetch particip…","service":"stargem-manager","timestamp":"2026-05-06 02:48:01"}
{"level":"info","message":"GET /api/subscription-types 500 in 127ms :: {\"message\":\"Failed to fetch subscri…","service":"stargem-manager","timestamp":"2026-05-06 02:48:01"}
{"level":"info","message":"GET /api/members/duplicates 304 in 149ms :: []","service":"stargem-manager","timestamp":"2026-05-06 02:48:01"}
{"level":"info","message":"POST /api/logout 200 in 238ms","service":"stargem-manager","timestamp":"2026-05-06 02:48:09"}
{"level":"info","message":"GET /api/user 200 in 82ms :: {\"id\":\"admin-id\",\"username\":\"admin\",\"password\":\"d4…","service":"stargem-manager","timestamp":"2026-05-06 02:56:08"}
{"level":"info","message":"GET /api/activities-summary 304 in 126ms :: {\"corsi\":{\"total\":289,\"active\":289}…","service":"stargem-manager","timestamp":"2026-05-06 02:56:08"}
{"level":"info","message":"GET /api/gemteam/permessi/pending-count 304 in 128ms :: {\"count\":0}","service":"stargem-manager","timestamp":"2026-05-06 02:56:08"}
{"level":"info","message":"GET /api/team-notes 304 in 297ms :: []","service":"stargem-manager","timestamp":"2026-05-06 02:56:09"}
{"level":"info","message":"GET /api/latest-activity 200 in 296ms :: {\"id\":2652,\"userId\":\"admin-id\",\"action…","service":"stargem-manager","timestamp":"2026-05-06 02:56:09"}
{"level":"info","message":"GET /api/users/presence/active 200 in 404ms :: [{\"id\":\"admin-id\",\"username\":\"ad…","service":"stargem-manager","timestamp":"2026-05-06 02:56:09"}
{"level":"info","message":"GET /api/todos 304 in 291ms :: [{\"id\":1,\"text\":\"Implementare verifica SMS/Whats…","service":"stargem-manager","timestamp":"2026-05-06 02:56:09"}
{"level":"info","message":"GET /api/team-comments 304 in 292ms :: [{\"id\":20,\"authorId\":\"admin-id\",\"authorN…","service":"stargem-manager","timestamp":"2026-05-06 02:56:09"}
{"level":"info","message":"POST /api/users/presence/heartbeat 200 in 399ms :: {\"success\":true}","service":"stargem-manager","timestamp":"2026-05-06 02:56:09"}
{"level":"info","message":"GET /api/client-categories 200 in 90ms","service":"stargem-manager","timestamp":"2026-05-06 02:56:09"}
{"level":"info","message":"GET /api/payments 304 in 121ms :: []","service":"stargem-manager","timestamp":"2026-05-06 02:56:09"}
{"level":"info","message":"GET /api/members 304 in 135ms :: {\"members\":[{\"id\":14178,\"firstName\":\"BOT\",\"las…","service":"stargem-manager","timestamp":"2026-05-06 02:56:09"}
{"level":"info","message":"GET /api/courses 304 in 138ms :: [{\"id\":852,\"sku\":null,\"name\":\"Corso Storico Im…","service":"stargem-manager","timestamp":"2026-05-06 02:56:09"}
{"level":"info","message":"GET /api/enrollments 304 in 140ms :: []","service":"stargem-manager","timestamp":"2026-05-06 02:56:09"}
{"level":"info","message":"GET /api/members 304 in 158ms :: {\"members\":[{\"id\":14178,\"firstName\":\"BOT\",\"las…","service":"stargem-manager","timestamp":"2026-05-06 02:56:09"}
{"level":"info","message":"GET /api/participant-types 500 in 138ms :: {\"message\":\"Failed to fetch particip…","service":"stargem-manager","timestamp":"2026-05-06 02:56:09"}
{"level":"info","message":"GET /api/members/counts-by-type 304 in 117ms :: {\"partecipanti\":\"0\",\"staff\":\"70…","service":"stargem-manager","timestamp":"2026-05-06 02:56:09"}
{"level":"info","message":"GET /api/subscription-types 500 in 139ms :: {\"message\":\"Failed to fetch subscri…","service":"stargem-manager","timestamp":"2026-05-06 02:56:09"}
{"level":"info","message":"GET /api/members/duplicates 304 in 149ms :: []","service":"stargem-manager","timestamp":"2026-05-06 02:56:09"}
{"level":"info","message":"GET /api/members/missing-data 304 in 182ms :: {\"missingFiscalCode\":75,\"missingE…","service":"stargem-manager","timestamp":"2026-05-06 02:56:09"}
{"level":"info","message":"POST /api/logout 200 in 242ms","service":"stargem-manager","timestamp":"2026-05-06 02:56:18"}
{"level":"info","message":"GET /api/user 200 in 83ms :: {\"id\":\"admin-id\",\"username\":\"admin\",\"password\":\"d4…","service":"stargem-manager","timestamp":"2026-05-06 09:22:53"}
{"level":"info","message":"GET /api/latest-activity 200 in 151ms :: {\"id\":2658,\"userId\":\"admin-id\",\"action…","service":"stargem-manager","timestamp":"2026-05-06 09:22:53"}
{"level":"info","message":"GET /api/activities-summary 304 in 183ms :: {\"corsi\":{\"total\":289,\"active\":289}…","service":"stargem-manager","timestamp":"2026-05-06 09:22:53"}
{"level":"info","message":"GET /api/gemteam/permessi/pending-count 304 in 187ms :: {\"count\":0}","service":"stargem-manager","timestamp":"2026-05-06 09:22:53"}
{"level":"info","message":"GET /api/todos 304 in 380ms :: [{\"id\":1,\"text\":\"Implementare verifica SMS/Whats…","service":"stargem-manager","timestamp":"2026-05-06 09:22:53"}
{"level":"info","message":"GET /api/users/presence/active 200 in 550ms :: [{\"id\":\"admin-id\",\"username\":\"ad…","service":"stargem-manager","timestamp":"2026-05-06 09:22:53"}
{"level":"info","message":"GET /api/team-notes 304 in 415ms :: []","service":"stargem-manager","timestamp":"2026-05-06 09:22:53"}
{"level":"info","message":"GET /api/team-comments 304 in 401ms :: [{\"id\":20,\"authorId\":\"admin-id\",\"authorN…","service":"stargem-manager","timestamp":"2026-05-06 09:22:53"}
{"level":"info","message":"POST /api/users/presence/heartbeat 200 in 492ms :: {\"success\":true}","service":"stargem-manager","timestamp":"2026-05-06 09:22:53"}
{"level":"info","message":"GET /api/client-categories 200 in 162ms","service":"stargem-manager","timestamp":"2026-05-06 09:22:54"}
{"level":"info","message":"GET /api/enrollments 304 in 204ms :: []","service":"stargem-manager","timestamp":"2026-05-06 09:22:54"}
{"level":"info","message":"GET /api/payments 304 in 217ms :: []","service":"stargem-manager","timestamp":"2026-05-06 09:22:54"}
{"level":"info","message":"GET /api/courses 304 in 224ms :: [{\"id\":852,\"sku\":null,\"name\":\"Corso Storico Im…","service":"stargem-manager","timestamp":"2026-05-06 09:22:54"}
{"level":"info","message":"GET /api/members 304 in 238ms :: {\"members\":[{\"id\":14178,\"firstName\":\"BOT\",\"las…","service":"stargem-manager","timestamp":"2026-05-06 09:22:54"}
{"level":"info","message":"GET /api/members 304 in 252ms :: {\"members\":[{\"id\":14178,\"firstName\":\"BOT\",\"las…","service":"stargem-manager","timestamp":"2026-05-06 09:22:54"}
{"level":"info","message":"GET /api/participant-types 500 in 144ms :: {\"message\":\"Failed to fetch particip…","service":"stargem-manager","timestamp":"2026-05-06 09:22:54"}
{"level":"info","message":"GET /api/members/duplicates 304 in 170ms :: []","service":"stargem-manager","timestamp":"2026-05-06 09:22:54"}
{"level":"info","message":"GET /api/subscription-types 500 in 153ms :: {\"message\":\"Failed to fetch subscri…","service":"stargem-manager","timestamp":"2026-05-06 09:22:54"}
{"level":"info","message":"GET /api/members/missing-data 304 in 212ms :: {\"missingFiscalCode\":75,\"missingE…","service":"stargem-manager","timestamp":"2026-05-06 09:22:54"}
{"level":"info","message":"GET /api/members/counts-by-type 304 in 157ms :: {\"partecipanti\":\"0\",\"staff\":\"70…","service":"stargem-manager","timestamp":"2026-05-06 09:22:54"}
{"level":"info","message":"GET /api/todos 304 in 173ms :: [{\"id\":1,\"text\":\"Implementare verifica SMS/Whats…","service":"stargem-manager","timestamp":"2026-05-06 09:23:04"}
{"level":"info","message":"GET /api/team-comments 304 in 152ms :: [{\"id\":20,\"authorId\":\"admin-id\",\"authorN…","service":"stargem-manager","timestamp":"2026-05-06 09:23:04"}
{"level":"info","message":"GET /api/users/presence/active 200 in 435ms :: [{\"id\":\"admin-id\",\"username\":\"ad…","service":"stargem-manager","timestamp":"2026-05-06 09:23:09"}
{"level":"info","message":"GET /api/todos 304 in 172ms :: [{\"id\":1,\"text\":\"Implementare verifica SMS/Whats…","service":"stargem-manager","timestamp":"2026-05-06 09:23:14"}
{"level":"info","message":"GET /api/team-comments 304 in 171ms :: [{\"id\":20,\"authorId\":\"admin-id\",\"authorN…","service":"stargem-manager","timestamp":"2026-05-06 09:23:14"}
{"level":"info","message":"GET /api/todos 304 in 159ms :: [{\"id\":1,\"text\":\"Implementare verifica SMS/Whats…","service":"stargem-manager","timestamp":"2026-05-06 09:23:24"}
{"level":"info","message":"GET /api/team-comments 304 in 174ms :: [{\"id\":20,\"authorId\":\"admin-id\",\"authorN…","service":"stargem-manager","timestamp":"2026-05-06 09:23:24"}
{"level":"info","message":"GET /api/users/presence/active 200 in 411ms :: [{\"id\":\"admin-id\",\"username\":\"ad…","service":"stargem-manager","timestamp":"2026-05-06 09:23:24"}
{"level":"info","message":"GET /api/todos 304 in 173ms :: [{\"id\":1,\"text\":\"Implementare verifica SMS/Whats…","service":"stargem-manager","timestamp":"2026-05-06 09:23:34"}
{"level":"info","message":"GET /api/team-comments 304 in 162ms :: [{\"id\":20,\"authorId\":\"admin-id\",\"authorN…","service":"stargem-manager","timestamp":"2026-05-06 09:23:34"}
{"level":"info","message":"GET /api/users/presence/active 304 in 508ms :: [{\"id\":\"admin-id\",\"username\":\"ad…","service":"stargem-manager","timestamp":"2026-05-06 09:23:40"}
{"level":"info","message":"GET /api/todos 304 in 172ms :: [{\"id\":1,\"text\":\"Implementare verifica SMS/Whats…","service":"stargem-manager","timestamp":"2026-05-06 09:23:44"}
{"level":"info","message":"GET /api/team-comments 304 in 172ms :: [{\"id\":20,\"authorId\":\"admin-id\",\"authorN…","service":"stargem-manager","timestamp":"2026-05-06 09:23:44"}
{"level":"info","message":"GET /api/gemteam/permessi/pending-count 304 in 144ms :: {\"count\":0}","service":"stargem-manager","timestamp":"2026-05-06 09:23:53"}
{"level":"info","message":"GET /api/todos 304 in 173ms :: [{\"id\":1,\"text\":\"Implementare verifica SMS/Whats…","service":"stargem-manager","timestamp":"2026-05-06 09:23:54"}
{"level":"info","message":"GET /api/team-comments 304 in 175ms :: [{\"id\":20,\"authorId\":\"admin-id\",\"authorN…","service":"stargem-manager","timestamp":"2026-05-06 09:23:54"}
{"level":"info","message":"GET /api/users/presence/active 304 in 370ms :: [{\"id\":\"admin-id\",\"username\":\"ad…","service":"stargem-manager","timestamp":"2026-05-06 09:23:55"}
{"level":"info","message":"GET /api/todos 304 in 172ms :: [{\"id\":1,\"text\":\"Implementare verifica SMS/Whats…","service":"stargem-manager","timestamp":"2026-05-06 09:24:05"}
{"level":"info","message":"GET /api/team-comments 304 in 171ms :: [{\"id\":20,\"authorId\":\"admin-id\",\"authorN…","service":"stargem-manager","timestamp":"2026-05-06 09:24:05"}
{"level":"info","message":"GET /api/users/presence/active 304 in 432ms :: [{\"id\":\"admin-id\",\"username\":\"ad…","service":"stargem-manager","timestamp":"2026-05-06 09:24:11"}
{"level":"info","message":"GET /api/todos 304 in 174ms :: [{\"id\":1,\"text\":\"Implementare verifica SMS/Whats…","service":"stargem-manager","timestamp":"2026-05-06 09:24:15"}
{"level":"info","message":"GET /api/team-comments 304 in 174ms :: [{\"id\":20,\"authorId\":\"admin-id\",\"authorN…","service":"stargem-manager","timestamp":"2026-05-06 09:24:15"}
{"level":"info","message":"GET /api/todos 304 in 173ms :: [{\"id\":1,\"text\":\"Implementare verifica SMS/Whats…","service":"stargem-manager","timestamp":"2026-05-06 09:24:25"}
{"level":"info","message":"GET /api/team-comments 304 in 176ms :: [{\"id\":20,\"authorId\":\"admin-id\",\"authorN…","service":"stargem-manager","timestamp":"2026-05-06 09:24:25"}
{"level":"info","message":"GET /api/users/presence/active 200 in 390ms :: [{\"id\":\"admin-id\",\"username\":\"ad…","service":"stargem-manager","timestamp":"2026-05-06 09:24:26"}
{"level":"info","message":"GET /api/todos 304 in 172ms :: [{\"id\":1,\"text\":\"Implementare verifica SMS/Whats…","service":"stargem-manager","timestamp":"2026-05-06 09:24:35"}
{"level":"info","message":"GET /api/team-comments 304 in 174ms :: [{\"id\":20,\"authorId\":\"admin-id\",\"authorN…","service":"stargem-manager","timestamp":"2026-05-06 09:24:35"}
{"level":"info","message":"GET /api/users/presence/active 304 in 414ms :: [{\"id\":\"admin-id\",\"username\":\"ad…","service":"stargem-manager","timestamp":"2026-05-06 09:24:41"}
{"level":"info","message":"GET /api/todos 304 in 172ms :: [{\"id\":1,\"text\":\"Implementare verifica SMS/Whats…","service":"stargem-manager","timestamp":"2026-05-06 09:24:45"}
{"level":"info","message":"GET /api/team-comments 304 in 174ms :: [{\"id\":20,\"authorId\":\"admin-id\",\"authorN…","service":"stargem-manager","timestamp":"2026-05-06 09:24:45"}
{"level":"info","message":"GET /api/gemteam/permessi/pending-count 304 in 143ms :: {\"count\":0}","service":"stargem-manager","timestamp":"2026-05-06 09:24:53"}
{"level":"info","message":"GET /api/todos 304 in 172ms :: [{\"id\":1,\"text\":\"Implementare verifica SMS/Whats…","service":"stargem-manager","timestamp":"2026-05-06 09:24:55"}
{"level":"info","message":"GET /api/team-comments 304 in 174ms :: [{\"id\":20,\"authorId\":\"admin-id\",\"authorN…","service":"stargem-manager","timestamp":"2026-05-06 09:24:55"}
{"level":"info","message":"GET /api/users/presence/active 304 in 562ms :: [{\"id\":\"admin-id\",\"username\":\"ad…","service":"stargem-manager","timestamp":"2026-05-06 09:24:57"}
{"level":"info","message":"POST /api/users/presence/heartbeat 200 in 210ms :: {\"success\":true}","service":"stargem-manager","timestamp":"2026-05-06 09:25:02"}
{"level":"info","message":"GET /api/todos 304 in 172ms :: [{\"id\":1,\"text\":\"Implementare verifica SMS/Whats…","service":"stargem-manager","timestamp":"2026-05-06 09:25:06"}
{"level":"info","message":"GET /api/team-comments 304 in 174ms :: [{\"id\":20,\"authorId\":\"admin-id\",\"authorN…","service":"stargem-manager","timestamp":"2026-05-06 09:25:06"}
{"level":"info","message":"GET /api/users/presence/active 200 in 422ms :: [{\"id\":\"admin-id\",\"username\":\"ad…","service":"stargem-manager","timestamp":"2026-05-06 09:25:12"}
{"level":"info","message":"GET /api/todos 304 in 171ms :: [{\"id\":1,\"text\":\"Implementare verifica SMS/Whats…","service":"stargem-manager","timestamp":"2026-05-06 09:25:16"}
{"level":"info","message":"GET /api/team-comments 304 in 174ms :: [{\"id\":20,\"authorId\":\"admin-id\",\"authorN…","service":"stargem-manager","timestamp":"2026-05-06 09:25:16"}
{"level":"info","message":"GET /api/team-notes 304 in 266ms :: []","service":"stargem-manager","timestamp":"2026-05-06 09:25:26"}
{"level":"info","message":"GET /api/team-comments 304 in 225ms :: [{\"id\":20,\"authorId\":\"admin-id\",\"authorN…","service":"stargem-manager","timestamp":"2026-05-06 09:25:26"}
{"level":"info","message":"GET /api/todos 304 in 257ms :: [{\"id\":1,\"text\":\"Implementare verifica SMS/Whats…","service":"stargem-manager","timestamp":"2026-05-06 09:25:26"}
{"level":"info","message":"GET /api/gemstaff/pt 304 in 112ms :: []","service":"stargem-manager","timestamp":"2026-05-06 09:25:26"}
{"level":"info","message":"GET /api/instructors 304 in 127ms :: [{\"id\":2336,\"userId\":null,\"firstName\":\"ANT…","service":"stargem-manager","timestamp":"2026-05-06 09:25:26"}
{"level":"info","message":"GET /api/gemstaff/insegnanti 304 in 142ms :: [{\"id\":3,\"firstName\":\"ROBERTO\",\"la…","service":"stargem-manager","timestamp":"2026-05-06 09:25:26"}
{"level":"info","message":"GET /api/users/presence/active 200 in 382ms :: [{\"id\":\"admin-id\",\"username\":\"ad…","service":"stargem-manager","timestamp":"2026-05-06 09:25:28"}
{"level":"info","message":"POST /api/users/presence/heartbeat 200 in 211ms :: {\"success\":true}","service":"stargem-manager","timestamp":"2026-05-06 09:25:33"}
{"level":"info","message":"GET /api/todos 304 in 188ms :: [{\"id\":1,\"text\":\"Implementare verifica SMS/Whats…","service":"stargem-manager","timestamp":"2026-05-06 09:25:36"}
{"level":"info","message":"GET /api/team-comments 304 in 204ms :: [{\"id\":20,\"authorId\":\"admin-id\",\"authorN…","service":"stargem-manager","timestamp":"2026-05-06 09:25:36"}
{"level":"info","message":"GET /api/users/presence/active 200 in 400ms :: [{\"id\":\"admin-id\",\"username\":\"ad…","service":"stargem-manager","timestamp":"2026-05-06 09:25:43"}
{"level":"info","message":"GET /api/todos 304 in 186ms :: [{\"id\":1,\"text\":\"Implementare verifica SMS/Whats…","service":"stargem-manager","timestamp":"2026-05-06 09:25:46"}
{"level":"info","message":"GET /api/team-comments 304 in 188ms :: [{\"id\":20,\"authorId\":\"admin-id\",\"authorN…","service":"stargem-manager","timestamp":"2026-05-06 09:25:46"}
{"level":"info","message":"GET /api/gemstaff/presenze/5/2026 304 in 186ms :: []","service":"stargem-manager","timestamp":"2026-05-06 09:25:52"}
{"level":"info","message":"GET /api/gemstaff/sostituzioni/5/2026 304 in 217ms :: []","service":"stargem-manager","timestamp":"2026-05-06 09:25:52"}
{"level":"info","message":"GET /api/gemteam/permessi/pending-count 304 in 144ms :: {\"count\":0}","service":"stargem-manager","timestamp":"2026-05-06 09:25:54"}
{"level":"info","message":"GET /api/todos 304 in 186ms :: [{\"id\":1,\"text\":\"Implementare verifica SMS/Whats…","service":"stargem-manager","timestamp":"2026-05-06 09:25:57"}
{"level":"info","message":"GET /api/team-comments 304 in 189ms :: [{\"id\":20,\"authorId\":\"admin-id\",\"authorN…","service":"stargem-manager","timestamp":"2026-05-06 09:25:57"}
{"level":"info","message":"GET /api/users/presence/active 200 in 469ms :: [{\"id\":\"admin-id\",\"username\":\"ad…","service":"stargem-manager","timestamp":"2026-05-06 09:25:59"}
{"level":"info","message":"GET /api/todos 304 in 185ms :: [{\"id\":1,\"text\":\"Implementare verifica SMS/Whats…","service":"stargem-manager","timestamp":"2026-05-06 09:26:07"}
{"level":"info","message":"GET /api/team-comments 304 in 188ms :: [{\"id\":20,\"authorId\":\"admin-id\",\"authorN…","service":"stargem-manager","timestamp":"2026-05-06 09:26:07"}
{"level":"info","message":"GET /api/users/presence/active 304 in 399ms :: [{\"id\":\"admin-id\",\"username\":\"ad…","service":"stargem-manager","timestamp":"2026-05-06 09:26:14"}
{"level":"info","message":"GET /api/todos 304 in 185ms :: [{\"id\":1,\"text\":\"Implementare verifica SMS/Whats…","service":"stargem-manager","timestamp":"2026-05-06 09:26:17"}
{"level":"info","message":"GET /api/team-comments 304 in 190ms :: [{\"id\":20,\"authorId\":\"admin-id\",\"authorN…","service":"stargem-manager","timestamp":"2026-05-06 09:26:17"}
{"level":"info","message":"POST /api/users/presence/heartbeat 200 in 228ms :: {\"success\":true}","service":"stargem-manager","timestamp":"2026-05-06 09:26:21"}
{"level":"info","message":"GET /api/todos 304 in 186ms :: [{\"id\":1,\"text\":\"Implementare verifica SMS/Whats…","service":"stargem-manager","timestamp":"2026-05-06 09:26:27"}
{"level":"info","message":"GET /api/team-comments 304 in 187ms :: [{\"id\":20,\"authorId\":\"admin-id\",\"authorN…","service":"stargem-manager","timestamp":"2026-05-06 09:26:27"}
{"level":"info","message":"GET /api/users/presence/active 200 in 409ms :: [{\"id\":\"admin-id\",\"username\":\"ad…","service":"stargem-manager","timestamp":"2026-05-06 09:26:29"}
{"level":"info","message":"GET /api/todos 304 in 186ms :: [{\"id\":1,\"text\":\"Implementare verifica SMS/Whats…","service":"stargem-manager","timestamp":"2026-05-06 09:26:37"}
{"level":"info","message":"GET /api/team-comments 304 in 189ms :: [{\"id\":20,\"authorId\":\"admin-id\",\"authorN…","service":"stargem-manager","timestamp":"2026-05-06 09:26:37"}
{"level":"info","message":"GET /api/users/presence/active 304 in 439ms :: [{\"id\":\"admin-id\",\"username\":\"ad…","service":"stargem-manager","timestamp":"2026-05-06 09:26:45"}
{"level":"info","message":"GET /api/todos 304 in 187ms :: [{\"id\":1,\"text\":\"Implementare verifica SMS/Whats…","service":"stargem-manager","timestamp":"2026-05-06 09:26:48"}
{"level":"info","message":"GET /api/team-comments 304 in 190ms :: [{\"id\":20,\"authorId\":\"admin-id\",\"authorN…","service":"stargem-manager","timestamp":"2026-05-06 09:26:48"}
{"level":"info","message":"POST /api/users/presence/heartbeat 200 in 219ms :: {\"success\":true}","service":"stargem-manager","timestamp":"2026-05-06 09:26:51"}
{"level":"info","message":"GET /api/gemteam/permessi/pending-count 304 in 143ms :: {\"count\":0}","service":"stargem-manager","timestamp":"2026-05-06 09:26:54"}
{"level":"info","message":"GET /api/todos 304 in 186ms :: [{\"id\":1,\"text\":\"Implementare verifica SMS/Whats…","service":"stargem-manager","timestamp":"2026-05-06 09:26:58"}
{"level":"info","message":"GET /api/team-comments 304 in 189ms :: [{\"id\":20,\"authorId\":\"admin-id\",\"authorN…","service":"stargem-manager","timestamp":"2026-05-06 09:26:58"}
{"level":"info","message":"GET /api/users/presence/active 200 in 406ms :: [{\"id\":\"admin-id\",\"username\":\"ad…","service":"stargem-manager","timestamp":"2026-05-06 09:27:00"}
{"level":"info","message":"GET /api/todos 304 in 185ms :: [{\"id\":1,\"text\":\"Implementare verifica SMS/Whats…","service":"stargem-manager","timestamp":"2026-05-06 09:27:08"}
{"level":"info","message":"GET /api/team-comments 304 in 185ms :: [{\"id\":20,\"authorId\":\"admin-id\",\"authorN…","service":"stargem-manager","timestamp":"2026-05-06 09:27:08"}
{"level":"info","message":"GET /api/users/presence/active 304 in 385ms :: [{\"id\":\"admin-id\",\"username\":\"ad…","service":"stargem-manager","timestamp":"2026-05-06 09:27:16"}
{"level":"info","message":"GET /api/todos 304 in 187ms :: [{\"id\":1,\"text\":\"Implementare verifica SMS/Whats…","service":"stargem-manager","timestamp":"2026-05-06 09:27:18"}
{"level":"info","message":"GET /api/team-comments 304 in 188ms :: [{\"id\":20,\"authorId\":\"admin-id\",\"authorN…","service":"stargem-manager","timestamp":"2026-05-06 09:27:18"}
{"level":"info","message":"POST /api/users/presence/heartbeat 200 in 211ms :: {\"success\":true}","service":"stargem-manager","timestamp":"2026-05-06 09:27:21"}
{"level":"info","message":"GET /api/team-notes 304 in 251ms :: []","service":"stargem-manager","timestamp":"2026-05-06 09:27:24"}
{"level":"info","message":"GET /api/gemteam/turni/scheduled 200 in 110ms :: []","service":"stargem-manager","timestamp":"2026-05-06 09:27:25"}
{"level":"info","message":"GET /api/gemteam/report/lock/2026/04 200 in 110ms","service":"stargem-manager","timestamp":"2026-05-06 09:27:25"}
{"level":"info","message":"GET /api/gemteam/turni/eventi-giorno 200 in 143ms :: []","service":"stargem-manager","timestamp":"2026-05-06 09:27:25"}
{"level":"info","message":"GET /api/gemteam/turni/week-assignment 304 in 144ms :: {\"settimana\":\"A\",\"weekSt…","service":"stargem-manager","timestamp":"2026-05-06 09:27:25"}
{"level":"info","message":"GET /api/gemteam/turni 304 in 144ms :: []","service":"stargem-manager","timestamp":"2026-05-06 09:27:25"}
{"level":"info","message":"GET /api/gemteam/dipendenti 200 in 229ms :: [{\"id\":1,\"memberId\":9556,\"userId\":\"…","service":"stargem-manager","timestamp":"2026-05-06 09:27:25"}
{"level":"info","message":"GET /api/gemteam/postazioni 304 in 129ms :: [{\"id\":1,\"nome\":\"AMM.ZIONE\",\"contaO…","service":"stargem-manager","timestamp":"2026-05-06 09:27:25"}
{"level":"info","message":"GET /api/gemteam/checkin/oggi 304 in 164ms :: [{\"employeeId\":15,\"firstName\":\"AD…","service":"stargem-manager","timestamp":"2026-05-06 09:27:25"}
{"level":"info","message":"GET /api/gemteam/presenze/2026/04 304 in 177ms :: []","service":"stargem-manager","timestamp":"2026-05-06 09:27:25"}
{"level":"info","message":"GET /api/todos 304 in 187ms :: [{\"id\":1,\"text\":\"Implementare verifica SMS/Whats…","service":"stargem-manager","timestamp":"2026-05-06 09:27:28"}
{"level":"info","message":"GET /api/team-comments 304 in 188ms :: [{\"id\":20,\"authorId\":\"admin-id\",\"authorN…","service":"stargem-manager","timestamp":"2026-05-06 09:27:28"}
{"level":"info","message":"GET /api/users/presence/active 200 in 406ms :: [{\"id\":\"admin-id\",\"username\":\"ad…","service":"stargem-manager","timestamp":"2026-05-06 09:27:31"}
{"level":"info","message":"GET /api/todos 304 in 184ms :: [{\"id\":1,\"text\":\"Implementare verifica SMS/Whats…","service":"stargem-manager","timestamp":"2026-05-06 09:27:39"}
{"level":"info","message":"GET /api/team-comments 304 in 184ms :: [{\"id\":20,\"authorId\":\"admin-id\",\"authorN…","service":"stargem-manager","timestamp":"2026-05-06 09:27:39"}
{"level":"info","message":"GET /api/users/presence/active 304 in 387ms :: [{\"id\":\"admin-id\",\"username\":\"ad…","service":"stargem-manager","timestamp":"2026-05-06 09:27:47"}
{"level":"info","message":"GET /api/todos 304 in 185ms :: [{\"id\":1,\"text\":\"Implementare verifica SMS/Whats…","service":"stargem-manager","timestamp":"2026-05-06 09:27:49"}
{"level":"info","message":"GET /api/team-comments 304 in 184ms :: [{\"id\":20,\"authorId\":\"admin-id\",\"authorN…","service":"stargem-manager","timestamp":"2026-05-06 09:27:49"}
{"level":"info","message":"GET /api/gemteam/permessi/pending-count 304 in 143ms :: {\"count\":0}","service":"stargem-manager","timestamp":"2026-05-06 09:27:54"}
{"level":"info","message":"GET /api/todos 304 in 187ms :: [{\"id\":1,\"text\":\"Implementare verifica SMS/Whats…","service":"stargem-manager","timestamp":"2026-05-06 09:27:59"}
{"level":"info","message":"GET /api/team-comments 304 in 190ms :: [{\"id\":20,\"authorId\":\"admin-id\",\"authorN…","service":"stargem-manager","timestamp":"2026-05-06 09:27:59"}
{"level":"info","message":"GET /api/users/presence/active 200 in 442ms :: [{\"id\":\"admin-id\",\"username\":\"ad…","service":"stargem-manager","timestamp":"2026-05-06 09:28:02"}
{"level":"info","message":"GET /api/todos 304 in 186ms :: [{\"id\":1,\"text\":\"Implementare verifica SMS/Whats…","service":"stargem-manager","timestamp":"2026-05-06 09:28:09"}
{"level":"info","message":"GET /api/team-comments 304 in 185ms :: [{\"id\":20,\"authorId\":\"admin-id\",\"authorN…","service":"stargem-manager","timestamp":"2026-05-06 09:28:09"}
{"level":"info","message":"POST /api/users/presence/heartbeat 200 in 209ms :: {\"success\":true}","service":"stargem-manager","timestamp":"2026-05-06 09:28:17"}
{"level":"info","message":"GET /api/users/presence/active 200 in 327ms :: [{\"id\":\"admin-id\",\"username\":\"ad…","service":"stargem-manager","timestamp":"2026-05-06 09:28:17"}
{"level":"info","message":"GET /api/team-notes 304 in 188ms :: [{\"id\":23,\"authorId\":\"admin-id\",\"authorName…","service":"stargem-manager","timestamp":"2026-05-06 09:28:19"}
{"level":"info","message":"GET /api/roles 304 in 121ms :: [{\"id\":10,\"name\":\"admin\",\"description\":\"Amminist…","service":"stargem-manager","timestamp":"2026-05-06 09:28:19"}
{"level":"info","message":"GET /api/activity-logs 200 in 137ms :: [{\"id\":2658,\"userId\":\"admin-id\",\"action\"…","service":"stargem-manager","timestamp":"2026-05-06 09:28:19"}
{"level":"info","message":"GET /api/users 200 in 152ms :: [{\"id\":\"admin-id\",\"username\":\"admin\",\"email\":nul…","service":"stargem-manager","timestamp":"2026-05-06 09:28:19"}
{"level":"info","message":"GET /api/todos 304 in 144ms :: [{\"id\":1,\"text\":\"Implementare verifica SMS/Whats…","service":"stargem-manager","timestamp":"2026-05-06 09:28:19"}
{"level":"info","message":"GET /api/team-comments 304 in 131ms :: [{\"id\":20,\"authorId\":\"admin-id\",\"authorN…","service":"stargem-manager","timestamp":"2026-05-06 09:28:19"}
{"level":"info","message":"GET /api/todos 304 in 186ms :: [{\"id\":1,\"text\":\"Implementare verifica SMS/Whats…","service":"stargem-manager","timestamp":"2026-05-06 09:28:29"}
{"level":"info","message":"GET /api/team-comments 304 in 188ms :: [{\"id\":20,\"authorId\":\"admin-id\",\"authorN…","service":"stargem-manager","timestamp":"2026-05-06 09:28:30"}
{"level":"info","message":"GET /api/users/presence/active 304 in 398ms :: [{\"id\":\"admin-id\",\"username\":\"ad…","service":"stargem-manager","timestamp":"2026-05-06 09:28:33"}
{"level":"info","message":"GET /api/gemteam/report/lock/2026/04 200 in 181ms","service":"stargem-manager","timestamp":"2026-05-06 09:28:37"}
{"level":"info","message":"GET /api/gemteam/turni/week-assignment 304 in 198ms :: {\"settimana\":\"A\",\"weekSt…","service":"stargem-manager","timestamp":"2026-05-06 09:28:37"}
{"level":"info","message":"GET /api/team-notes 304 in 200ms :: []","service":"stargem-manager","timestamp":"2026-05-06 09:28:37"}
{"level":"info","message":"GET /api/gemteam/postazioni 304 in 200ms :: [{\"id\":1,\"nome\":\"AMM.ZIONE\",\"contaO…","service":"stargem-manager","timestamp":"2026-05-06 09:28:37"}
{"level":"info","message":"GET /api/gemteam/turni/scheduled 304 in 212ms :: []","service":"stargem-manager","timestamp":"2026-05-06 09:28:37"}
{"level":"info","message":"GET /api/gemteam/turni 304 in 228ms :: []","service":"stargem-manager","timestamp":"2026-05-06 09:28:37"}
{"level":"info","message":"GET /api/gemteam/turni/eventi-giorno 304 in 110ms :: []","service":"stargem-manager","timestamp":"2026-05-06 09:28:37"}
{"level":"info","message":"GET /api/todos 304 in 186ms :: [{\"id\":1,\"text\":\"Implementare verifica SMS/Whats…","service":"stargem-manager","timestamp":"2026-05-06 09:28:40"}
{"level":"info","message":"GET /api/team-comments 304 in 184ms :: [{\"id\":20,\"authorId\":\"admin-id\",\"authorN…","service":"stargem-manager","timestamp":"2026-05-06 09:28:40"}
{"level":"info","message":"POST /api/users/presence/heartbeat 200 in 287ms :: {\"success\":true}","service":"stargem-manager","timestamp":"2026-05-06 09:28:48"}
{"level":"info","message":"GET /api/users/presence/active 304 in 395ms :: [{\"id\":\"admin-id\",\"username\":\"ad…","service":"stargem-manager","timestamp":"2026-05-06 09:28:48"}
{"level":"info","message":"GET /api/todos 304 in 185ms :: [{\"id\":1,\"text\":\"Implementare verifica SMS/Whats…","service":"stargem-manager","timestamp":"2026-05-06 09:28:50"}
{"level":"info","message":"GET /api/team-comments 304 in 187ms :: [{\"id\":20,\"authorId\":\"admin-id\",\"authorN…","service":"stargem-manager","timestamp":"2026-05-06 09:28:50"}
{"level":"info","message":"GET /api/gemteam/permessi/pending-count 304 in 143ms :: {\"count\":0}","service":"stargem-manager","timestamp":"2026-05-06 09:28:54"}
{"level":"info","message":"GET /api/todos 304 in 186ms :: [{\"id\":1,\"text\":\"Implementare verifica SMS/Whats…","service":"stargem-manager","timestamp":"2026-05-06 09:29:00"}
{"level":"info","message":"GET /api/team-comments 304 in 186ms :: [{\"id\":20,\"authorId\":\"admin-id\",\"authorN…","service":"stargem-manager","timestamp":"2026-05-06 09:29:00"}
{"level":"info","message":"GET /api/users/presence/active 200 in 388ms :: [{\"id\":\"admin-id\",\"username\":\"ad…","service":"stargem-manager","timestamp":"2026-05-06 09:29:04"}
{"level":"info","message":"GET /api/todos 304 in 187ms :: [{\"id\":1,\"text\":\"Implementare verifica SMS/Whats…","service":"stargem-manager","timestamp":"2026-05-06 09:29:10"}
{"level":"info","message":"GET /api/team-comments 304 in 187ms :: [{\"id\":20,\"authorId\":\"admin-id\",\"authorN…","service":"stargem-manager","timestamp":"2026-05-06 09:29:10"}
{"level":"info","message":"GET /api/users/presence/active 304 in 439ms :: [{\"id\":\"admin-id\",\"username\":\"ad…","service":"stargem-manager","timestamp":"2026-05-06 09:29:19"}
{"level":"info","message":"GET /api/todos 304 in 171ms :: [{\"id\":1,\"text\":\"Implementare verifica SMS/Whats…","service":"stargem-manager","timestamp":"2026-05-06 09:29:20"}
{"level":"info","message":"GET /api/team-comments 304 in 175ms :: [{\"id\":20,\"authorId\":\"admin-id\",\"authorN…","service":"stargem-manager","timestamp":"2026-05-06 09:29:20"}
{"level":"info","message":"GET /api/todos 304 in 187ms :: [{\"id\":1,\"text\":\"Implementare verifica SMS/Whats…","service":"stargem-manager","timestamp":"2026-05-06 09:29:31"}
{"level":"info","message":"GET /api/team-comments 304 in 187ms :: [{\"id\":20,\"authorId\":\"admin-id\",\"authorN…","service":"stargem-manager","timestamp":"2026-05-06 09:29:31"}
{"level":"info","message":"GET /api/users/presence/active 200 in 386ms :: [{\"id\":\"admin-id\",\"username\":\"ad…","service":"stargem-manager","timestamp":"2026-05-06 09:29:34"}
{"level":"info","message":"GET /api/todos 304 in 186ms :: [{\"id\":1,\"text\":\"Implementare verifica SMS/Whats…","service":"stargem-manager","timestamp":"2026-05-06 09:29:41"}
{"level":"info","message":"GET /api/team-comments 304 in 189ms :: [{\"id\":20,\"authorId\":\"admin-id\",\"authorN…","service":"stargem-manager","timestamp":"2026-05-06 09:29:41"}
{"level":"info","message":"GET /api/users/presence/active 304 in 386ms :: [{\"id\":\"admin-id\",\"username\":\"ad…","service":"stargem-manager","timestamp":"2026-05-06 09:29:50"}
{"level":"info","message":"GET /api/todos 304 in 142ms :: [{\"id\":1,\"text\":\"Implementare verifica SMS/Whats…","service":"stargem-manager","timestamp":"2026-05-06 09:29:51"}
{"level":"info","message":"GET /api/team-comments 304 in 142ms :: [{\"id\":20,\"authorId\":\"admin-id\",\"authorN…","service":"stargem-manager","timestamp":"2026-05-06 09:29:51"}
{"level":"info","message":"GET /api/gemteam/permessi/pending-count 304 in 144ms :: {\"count\":0}","service":"stargem-manager","timestamp":"2026-05-06 09:29:54"}
{"level":"info","message":"GET /api/todos 304 in 188ms :: [{\"id\":1,\"text\":\"Implementare verifica SMS/Whats…","service":"stargem-manager","timestamp":"2026-05-06 09:30:01"}
{"level":"info","message":"GET /api/team-comments 304 in 191ms :: [{\"id\":20,\"authorId\":\"admin-id\",\"authorN…","service":"stargem-manager","timestamp":"2026-05-06 09:30:01"}
{"level":"info","message":"GET /api/users/presence/active 200 in 469ms :: [{\"id\":\"admin-id\",\"username\":\"ad…","service":"stargem-manager","timestamp":"2026-05-06 09:30:05"}
{"level":"info","message":"GET /api/todos 304 in 187ms :: [{\"id\":1,\"text\":\"Implementare verifica SMS/Whats…","service":"stargem-manager","timestamp":"2026-05-06 09:30:11"}
{"level":"info","message":"GET /api/team-comments 304 in 186ms :: [{\"id\":20,\"authorId\":\"admin-id\",\"authorN…","service":"stargem-manager","timestamp":"2026-05-06 09:30:11"}
{"level":"info","message":"GET /api/users/presence/active 304 in 425ms :: [{\"id\":\"admin-id\",\"username\":\"ad…","service":"stargem-manager","timestamp":"2026-05-06 09:30:21"}
{"level":"info","message":"GET /api/todos 304 in 125ms :: [{\"id\":1,\"text\":\"Implementare verifica SMS/Whats…","service":"stargem-manager","timestamp":"2026-05-06 09:30:21"}
{"level":"info","message":"GET /api/team-comments 304 in 138ms :: [{\"id\":20,\"authorId\":\"admin-id\",\"authorN…","service":"stargem-manager","timestamp":"2026-05-06 09:30:22"}
{"level":"info","message":"GET /api/todos 304 in 171ms :: [{\"id\":1,\"text\":\"Implementare verifica SMS/Whats…","service":"stargem-manager","timestamp":"2026-05-06 09:30:32"}
{"level":"info","message":"GET /api/team-comments 304 in 171ms :: [{\"id\":20,\"authorId\":\"admin-id\",\"authorN…","service":"stargem-manager","timestamp":"2026-05-06 09:30:32"}
{"level":"info","message":"GET /api/users/presence/active 304 in 391ms :: [{\"id\":\"admin-id\",\"username\":\"ad…","service":"stargem-manager","timestamp":"2026-05-06 09:30:36"}
{"level":"info","message":"GET /api/todos 304 in 172ms :: [{\"id\":1,\"text\":\"Implementare verifica SMS/Whats…","service":"stargem-manager","timestamp":"2026-05-06 09:30:42"}
{"level":"info","message":"GET /api/team-comments 304 in 175ms :: [{\"id\":20,\"authorId\":\"admin-id\",\"authorN…","service":"stargem-manager","timestamp":"2026-05-06 09:30:42"}
{"level":"info","message":"GET /api/users/presence/active 304 in 402ms :: [{\"id\":\"admin-id\",\"username\":\"ad…","service":"stargem-manager","timestamp":"2026-05-06 09:30:52"}
{"level":"info","message":"GET /api/todos 304 in 125ms :: [{\"id\":1,\"text\":\"Implementare verifica SMS/Whats…","service":"stargem-manager","timestamp":"2026-05-06 09:30:52"}
{"level":"info","message":"GET /api/team-comments 304 in 126ms :: [{\"id\":20,\"authorId\":\"admin-id\",\"authorN…","service":"stargem-manager","timestamp":"2026-05-06 09:30:52"}
{"level":"info","message":"GET /api/gemteam/permessi/pending-count 304 in 153ms :: {\"count\":0}","service":"stargem-manager","timestamp":"2026-05-06 09:30:54"}
{"level":"info","message":"GET /api/todos 304 in 173ms :: [{\"id\":1,\"text\":\"Implementare verifica SMS/Whats…","service":"stargem-manager","timestamp":"2026-05-06 09:31:02"}
{"level":"info","message":"GET /api/team-comments 304 in 176ms :: [{\"id\":20,\"authorId\":\"admin-id\",\"authorN…","service":"stargem-manager","timestamp":"2026-05-06 09:31:02"}
{"level":"info","message":"GET /api/users/presence/active 200 in 399ms :: [{\"id\":\"admin-id\",\"username\":\"ad…","service":"stargem-manager","timestamp":"2026-05-06 09:31:07"}
{"level":"info","message":"GET /api/todos 304 in 168ms :: [{\"id\":1,\"text\":\"Implementare verifica SMS/Whats…","service":"stargem-manager","timestamp":"2026-05-06 09:31:12"}
{"level":"info","message":"GET /api/team-comments 304 in 168ms :: [{\"id\":20,\"authorId\":\"admin-id\",\"authorN…","service":"stargem-manager","timestamp":"2026-05-06 09:31:12"}
{"level":"info","message":"POST /api/users/presence/heartbeat 200 in 180ms :: {\"success\":true}","service":"stargem-manager","timestamp":"2026-05-06 09:31:13"}
{"level":"info","message":"GET /api/team-notes 304 in 143ms :: []","service":"stargem-manager","timestamp":"2026-05-06 09:31:16"}
{"level":"info","message":"GET /api/users/presence/active 200 in 404ms :: [{\"id\":\"admin-id\",\"username\":\"ad…","service":"stargem-manager","timestamp":"2026-05-06 09:31:22"}
{"level":"info","message":"GET /api/todos 304 in 138ms :: [{\"id\":1,\"text\":\"Implementare verifica SMS/Whats…","service":"stargem-manager","timestamp":"2026-05-06 09:31:22"}
{"level":"info","message":"GET /api/team-comments 304 in 139ms :: [{\"id\":20,\"authorId\":\"admin-id\",\"authorN…","service":"stargem-manager","timestamp":"2026-05-06 09:31:23"}
{"level":"info","message":"GET /api/todos 304 in 172ms :: [{\"id\":1,\"text\":\"Implementare verifica SMS/Whats…","service":"stargem-manager","timestamp":"2026-05-06 09:31:33"}
{"level":"info","message":"GET /api/team-comments 304 in 176ms :: [{\"id\":20,\"authorId\":\"admin-id\",\"authorN…","service":"stargem-manager","timestamp":"2026-05-06 09:31:33"}
{"level":"info","message":"GET /api/users/presence/active 304 in 507ms :: [{\"id\":\"admin-id\",\"username\":\"ad…","service":"stargem-manager","timestamp":"2026-05-06 09:31:38"}
{"level":"info","message":"GET /api/todos 304 in 172ms :: [{\"id\":1,\"text\":\"Implementare verifica SMS/Whats…","service":"stargem-manager","timestamp":"2026-05-06 09:31:43"}
{"level":"info","message":"GET /api/team-comments 304 in 172ms :: [{\"id\":20,\"authorId\":\"admin-id\",\"authorN…","service":"stargem-manager","timestamp":"2026-05-06 09:31:43"}
{"level":"info","message":"GET /api/todos 304 in 160ms :: [{\"id\":1,\"text\":\"Implementare verifica SMS/Whats…","service":"stargem-manager","timestamp":"2026-05-06 09:31:53"}
{"level":"info","message":"GET /api/team-comments 304 in 192ms :: [{\"id\":20,\"authorId\":\"admin-id\",\"authorN…","service":"stargem-manager","timestamp":"2026-05-06 09:31:53"}
{"level":"info","message":"GET /api/users/presence/active 200 in 375ms :: [{\"id\":\"admin-id\",\"username\":\"ad…","service":"stargem-manager","timestamp":"2026-05-06 09:31:53"}
{"level":"info","message":"GET /api/gemteam/permessi/pending-count 304 in 99ms :: {\"count\":0}","service":"stargem-manager","timestamp":"2026-05-06 09:31:54"}
{"level":"info","message":"GET /api/todos 304 in 171ms :: [{\"id\":1,\"text\":\"Implementare verifica SMS/Whats…","service":"stargem-manager","timestamp":"2026-05-06 09:32:03"}
{"level":"info","message":"GET /api/team-comments 304 in 143ms :: [{\"id\":20,\"authorId\":\"admin-id\",\"authorN…","service":"stargem-manager","timestamp":"2026-05-06 09:32:03"}
{"level":"info","message":"GET /api/users/presence/active 304 in 392ms :: [{\"id\":\"admin-id\",\"username\":\"ad…","service":"stargem-manager","timestamp":"2026-05-06 09:32:09"}
{"level":"info","message":"GET /api/todos 304 in 172ms :: [{\"id\":1,\"text\":\"Implementare verifica SMS/Whats…","service":"stargem-manager","timestamp":"2026-05-06 09:32:13"}
{"level":"info","message":"GET /api/team-comments 304 in 171ms :: [{\"id\":20,\"authorId\":\"admin-id\",\"authorN…","service":"stargem-manager","timestamp":"2026-05-06 09:32:13"}
{"level":"info","message":"POST /api/users/presence/heartbeat 200 in 210ms :: {\"success\":true}","service":"stargem-manager","timestamp":"2026-05-06 09:32:16"}
{"level":"info","message":"GET /api/todos 304 in 173ms :: [{\"id\":1,\"text\":\"Implementare verifica SMS/Whats…","service":"stargem-manager","timestamp":"2026-05-06 09:32:24"}
{"level":"info","message":"GET /api/team-comments 304 in 173ms :: [{\"id\":20,\"authorId\":\"admin-id\",\"authorN…","service":"stargem-manager","timestamp":"2026-05-06 09:32:24"}
{"level":"info","message":"GET /api/users/presence/active 200 in 360ms :: [{\"id\":\"admin-id\",\"username\":\"ad…","service":"stargem-manager","timestamp":"2026-05-06 09:32:24"}
{"level":"info","message":"GET /api/todos 304 in 172ms :: [{\"id\":1,\"text\":\"Implementare verifica SMS/Whats…","service":"stargem-manager","timestamp":"2026-05-06 09:32:34"}
{"level":"info","message":"GET /api/team-comments 304 in 174ms :: [{\"id\":20,\"authorId\":\"admin-id\",\"authorN…","service":"stargem-manager","timestamp":"2026-05-06 09:32:34"}
{"level":"info","message":"GET /api/users/presence/active 304 in 488ms :: [{\"id\":\"admin-id\",\"username\":\"ad…","service":"stargem-manager","timestamp":"2026-05-06 09:32:40"}
{"level":"info","message":"GET /api/todos 304 in 199ms :: [{\"id\":1,\"text\":\"Implementare verifica SMS/Whats…","service":"stargem-manager","timestamp":"2026-05-06 09:32:44"}
{"level":"info","message":"GET /api/team-comments 304 in 185ms :: [{\"id\":20,\"authorId\":\"admin-id\",\"authorN…","service":"stargem-manager","timestamp":"2026-05-06 09:32:44"}
{"level":"info","message":"GET /api/todos 304 in 187ms :: [{\"id\":1,\"text\":\"Implementare verifica SMS/Whats…","service":"stargem-manager","timestamp":"2026-05-06 09:32:54"}
{"level":"info","message":"GET /api/team-comments 304 in 189ms :: [{\"id\":20,\"authorId\":\"admin-id\",\"authorN…","service":"stargem-manager","timestamp":"2026-05-06 09:32:54"}
{"level":"info","message":"GET /api/gemteam/permessi/pending-count 304 in 95ms :: {\"count\":0}","service":"stargem-manager","timestamp":"2026-05-06 09:32:54"}
{"level":"info","message":"GET /api/users/presence/active 200 in 334ms :: [{\"id\":\"admin-id\",\"username\":\"ad…","service":"stargem-manager","timestamp":"2026-05-06 09:32:55"}
{"level":"info","message":"POST /api/users/presence/heartbeat 200 in 211ms :: {\"success\":true}","service":"stargem-manager","timestamp":"2026-05-06 09:32:58"}
{"level":"info","message":"GET /api/users/presence/active 200 in 408ms :: [{\"id\":\"admin-id\",\"username\":\"ad…","service":"stargem-manager","timestamp":"2026-05-06 09:33:11"}
{"level":"info","message":"GET /api/todos 304 in 185ms :: [{\"id\":1,\"text\":\"Implementare verifica SMS/Whats…","service":"stargem-manager","timestamp":"2026-05-06 09:33:14"}
{"level":"info","message":"GET /api/team-comments 304 in 189ms :: [{\"id\":20,\"authorId\":\"admin-id\",\"authorN…","service":"stargem-manager","timestamp":"2026-05-06 09:33:14"}
{"level":"info","message":"Server started. Serving on port 5001","service":"stargem-manager","timestamp":"2026-05-06 09:33:25"}
{"level":"info","message":"GET /api/user 200 in 84ms :: {\"id\":\"admin-id\",\"username\":\"admin\",\"password\":\"d4…","service":"stargem-manager","timestamp":"2026-05-06 09:33:28"}
{"level":"info","message":"GET /api/latest-activity 304 in 117ms :: {\"id\":2658,\"userId\":\"admin-id\",\"action…","service":"stargem-manager","timestamp":"2026-05-06 09:33:28"}
{"level":"info","message":"GET /api/gemteam/permessi/pending-count 304 in 130ms :: {\"count\":0}","service":"stargem-manager","timestamp":"2026-05-06 09:33:28"}
{"level":"info","message":"GET /api/activities-summary 304 in 160ms :: {\"corsi\":{\"total\":289,\"active\":289}…","service":"stargem-manager","timestamp":"2026-05-06 09:33:28"}
{"level":"info","message":"GET /api/todos 304 in 284ms :: [{\"id\":1,\"text\":\"Implementare verifica SMS/Whats…","service":"stargem-manager","timestamp":"2026-05-06 09:33:29"}
{"level":"info","message":"GET /api/users/presence/active 200 in 377ms :: [{\"id\":\"admin-id\",\"username\":\"ad…","service":"stargem-manager","timestamp":"2026-05-06 09:33:29"}
{"level":"info","message":"GET /api/team-notes 304 in 294ms :: []","service":"stargem-manager","timestamp":"2026-05-06 09:33:29"}
{"level":"info","message":"GET /api/team-comments 304 in 285ms :: [{\"id\":20,\"authorId\":\"admin-id\",\"authorN…","service":"stargem-manager","timestamp":"2026-05-06 09:33:29"}
{"level":"info","message":"POST /api/users/presence/heartbeat 200 in 353ms :: {\"success\":true}","service":"stargem-manager","timestamp":"2026-05-06 09:33:29"}
{"level":"info","message":"GET /api/gemstaff/insegnanti 304 in 101ms :: [{\"id\":3,\"firstName\":\"ROBERTO\",\"la…","service":"stargem-manager","timestamp":"2026-05-06 09:33:29"}
{"level":"info","message":"GET /api/gemstaff/pt 304 in 103ms :: []","service":"stargem-manager","timestamp":"2026-05-06 09:33:29"}
{"level":"info","message":"GET /api/instructors 304 in 148ms :: [{\"id\":2336,\"userId\":null,\"firstName\":\"ANT…","service":"stargem-manager","timestamp":"2026-05-06 09:33:29"}
{"level":"info","message":"GET /api/courses 304 in 150ms :: [{\"id\":852,\"sku\":null,\"name\":\"Corso Storico Im…","service":"stargem-manager","timestamp":"2026-05-06 09:33:29"}
{"level":"info","message":"GET /api/team-notes 304 in 174ms :: [{\"id\":23,\"authorId\":\"admin-id\",\"authorName…","service":"stargem-manager","timestamp":"2026-05-06 09:33:34"}
{"level":"info","message":"GET /api/roles 304 in 118ms :: [{\"id\":10,\"name\":\"admin\",\"description\":\"Amminist…","service":"stargem-manager","timestamp":"2026-05-06 09:33:34"}
{"level":"info","message":"GET /api/activity-logs 304 in 132ms :: [{\"id\":2658,\"userId\":\"admin-id\",\"action\"…","service":"stargem-manager","timestamp":"2026-05-06 09:33:34"}
{"level":"info","message":"GET /api/users 200 in 147ms :: [{\"id\":\"admin-id\",\"username\":\"admin\",\"email\":nul…","service":"stargem-manager","timestamp":"2026-05-06 09:33:34"}
{"level":"info","message":"GET /api/todos 304 in 172ms :: [{\"id\":1,\"text\":\"Implementare verifica SMS/Whats…","service":"stargem-manager","timestamp":"2026-05-06 09:33:39"}
{"level":"info","message":"GET /api/team-comments 304 in 155ms :: [{\"id\":20,\"authorId\":\"admin-id\",\"authorN…","service":"stargem-manager","timestamp":"2026-05-06 09:33:39"}
{"level":"info","message":"GET /api/team-notes 304 in 258ms :: []","service":"stargem-manager","timestamp":"2026-05-06 09:33:41"}
{"level":"info","message":"GET /api/gemteam/report/lock/2026/04 200 in 87ms","service":"stargem-manager","timestamp":"2026-05-06 09:33:41"}
{"level":"info","message":"GET /api/gemteam/turni/week-assignment 304 in 105ms :: {\"settimana\":\"A\",\"weekSt…","service":"stargem-manager","timestamp":"2026-05-06 09:33:41"}
{"level":"info","message":"GET /api/gemteam/turni/eventi-giorno 304 in 107ms :: []","service":"stargem-manager","timestamp":"2026-05-06 09:33:41"}
{"level":"info","message":"GET /api/gemteam/turni/scheduled 304 in 110ms :: []","service":"stargem-manager","timestamp":"2026-05-06 09:33:41"}
{"level":"info","message":"GET /api/gemteam/postazioni 304 in 122ms :: [{\"id\":1,\"nome\":\"AMM.ZIONE\",\"contaO…","service":"stargem-manager","timestamp":"2026-05-06 09:33:41"}
{"level":"info","message":"GET /api/gemteam/dipendenti 200 in 247ms :: [{\"id\":1,\"memberId\":9556,\"userId\":\"…","service":"stargem-manager","timestamp":"2026-05-06 09:33:41"}
{"level":"info","message":"GET /api/gemteam/checkin/oggi 304 in 170ms :: [{\"employeeId\":15,\"firstName\":\"AD…","service":"stargem-manager","timestamp":"2026-05-06 09:33:41"}
{"level":"info","message":"GET /api/gemteam/turni 304 in 169ms :: []","service":"stargem-manager","timestamp":"2026-05-06 09:33:41"}
{"level":"info","message":"GET /api/gemteam/presenze/2026/04 304 in 171ms :: []","service":"stargem-manager","timestamp":"2026-05-06 09:33:41"}
{"level":"info","message":"Server started. Serving on port 5001","service":"stargem-manager","timestamp":"2026-05-06 09:33:44"}
{"level":"info","message":"GET /api/user 200 in 109ms :: {\"id\":\"admin-id\",\"username\":\"admin\",\"password\":\"d…","service":"stargem-manager","timestamp":"2026-05-06 09:33:48"}
{"level":"info","message":"GET /api/latest-activity 304 in 166ms :: {\"id\":2658,\"userId\":\"admin-id\",\"action…","service":"stargem-manager","timestamp":"2026-05-06 09:33:48"}
{"level":"info","message":"GET /api/gemteam/permessi/pending-count 304 in 153ms :: {\"count\":0}","service":"stargem-manager","timestamp":"2026-05-06 09:33:48"}
{"level":"info","message":"GET /api/activities-summary 304 in 198ms :: {\"corsi\":{\"total\":289,\"active\":289}…","service":"stargem-manager","timestamp":"2026-05-06 09:33:48"}
{"level":"info","message":"GET /api/users/presence/active 200 in 421ms :: [{\"id\":\"admin-id\",\"username\":\"ad…","service":"stargem-manager","timestamp":"2026-05-06 09:33:48"}
{"level":"info","message":"GET /api/team-notes 304 in 282ms :: []","service":"stargem-manager","timestamp":"2026-05-06 09:33:48"}
{"level":"info","message":"GET /api/todos 304 in 292ms :: [{\"id\":1,\"text\":\"Implementare verifica SMS/Whats…","service":"stargem-manager","timestamp":"2026-05-06 09:33:48"}
{"level":"info","message":"GET /api/team-comments 304 in 281ms :: [{\"id\":20,\"authorId\":\"admin-id\",\"authorN…","service":"stargem-manager","timestamp":"2026-05-06 09:33:48"}
{"level":"info","message":"POST /api/users/presence/heartbeat 200 in 396ms :: {\"success\":true}","service":"stargem-manager","timestamp":"2026-05-06 09:33:48"}
{"level":"info","message":"GET /api/gemteam/turni/scheduled 304 in 101ms :: []","service":"stargem-manager","timestamp":"2026-05-06 09:33:48"}
{"level":"info","message":"GET /api/gemteam/turni/eventi-giorno 304 in 116ms :: []","service":"stargem-manager","timestamp":"2026-05-06 09:33:48"}
{"level":"info","message":"GET /api/gemteam/turni/week-assignment 304 in 118ms :: {\"settimana\":\"A\",\"weekSt…","service":"stargem-manager","timestamp":"2026-05-06 09:33:48"}
{"level":"info","message":"GET /api/gemteam/postazioni 304 in 131ms :: [{\"id\":1,\"nome\":\"AMM.ZIONE\",\"contaO…","service":"stargem-manager","timestamp":"2026-05-06 09:33:48"}
{"level":"info","message":"GET /api/gemteam/turni 304 in 116ms :: []","service":"stargem-manager","timestamp":"2026-05-06 09:33:48"}
{"level":"info","message":"GET /api/gemteam/checkin/oggi 304 in 165ms :: [{\"employeeId\":15,\"firstName\":\"AD…","service":"stargem-manager","timestamp":"2026-05-06 09:33:48"}
{"level":"info","message":"GET /api/gemteam/dipendenti 200 in 271ms :: [{\"id\":1,\"memberId\":9556,\"userId\":\"…","service":"stargem-manager","timestamp":"2026-05-06 09:33:48"}
{"level":"info","message":"GET /api/gemteam/report/lock/2026/04 200 in 155ms","service":"stargem-manager","timestamp":"2026-05-06 09:33:48"}
{"level":"info","message":"GET /api/gemteam/presenze/2026/04 304 in 165ms :: []","service":"stargem-manager","timestamp":"2026-05-06 09:33:48"}
{"level":"info","message":"GET /api/team-comments 304 in 186ms :: [{\"id\":20,\"authorId\":\"admin-id\",\"authorN…","service":"stargem-manager","timestamp":"2026-05-06 09:33:58"}
{"level":"info","message":"GET /api/todos 304 in 201ms :: [{\"id\":1,\"text\":\"Implementare verifica SMS/Whats…","service":"stargem-manager","timestamp":"2026-05-06 09:33:58"}
{"level":"info","message":"GET /api/users/presence/active 200 in 391ms :: [{\"id\":\"admin-id\",\"username\":\"ad…","service":"stargem-manager","timestamp":"2026-05-06 09:34:03"}
{"level":"info","message":"Server started. Serving on port 5001","service":"stargem-manager","timestamp":"2026-05-06 09:34:08"}
{"level":"info","message":"GET /api/team-comments 304 in 174ms :: [{\"id\":20,\"authorId\":\"admin-id\",\"authorN…","service":"stargem-manager","timestamp":"2026-05-06 09:34:09"}
{"level":"info","message":"GET /api/todos 304 in 236ms :: [{\"id\":1,\"text\":\"Implementare verifica SMS/Whats…","service":"stargem-manager","timestamp":"2026-05-06 09:34:09"}
{"level":"info","message":"GET /api/user 200 in 118ms :: {\"id\":\"admin-id\",\"username\":\"admin\",\"password\":\"d…","service":"stargem-manager","timestamp":"2026-05-06 09:34:11"}
{"level":"info","message":"GET /api/latest-activity 304 in 163ms :: {\"id\":2658,\"userId\":\"admin-id\",\"action…","service":"stargem-manager","timestamp":"2026-05-06 09:34:11"}
{"level":"info","message":"GET /api/activities-summary 304 in 183ms :: {\"corsi\":{\"total\":289,\"active\":289}…","service":"stargem-manager","timestamp":"2026-05-06 09:34:11"}
{"level":"info","message":"GET /api/gemteam/permessi/pending-count 304 in 161ms :: {\"count\":0}","service":"stargem-manager","timestamp":"2026-05-06 09:34:11"}
{"level":"info","message":"GET /api/users/presence/active 200 in 477ms :: [{\"id\":\"admin-id\",\"username\":\"ad…","service":"stargem-manager","timestamp":"2026-05-06 09:34:12"}
{"level":"info","message":"GET /api/todos 304 in 315ms :: [{\"id\":1,\"text\":\"Implementare verifica SMS/Whats…","service":"stargem-manager","timestamp":"2026-05-06 09:34:12"}
{"level":"info","message":"GET /api/team-comments 304 in 317ms :: [{\"id\":20,\"authorId\":\"admin-id\",\"authorN…","service":"stargem-manager","timestamp":"2026-05-06 09:34:12"}
{"level":"info","message":"GET /api/team-notes 304 in 332ms :: []","service":"stargem-manager","timestamp":"2026-05-06 09:34:12"}
{"level":"info","message":"POST /api/users/presence/heartbeat 200 in 424ms :: {\"success\":true}","service":"stargem-manager","timestamp":"2026-05-06 09:34:12"}
{"level":"info","message":"GET /api/gemteam/turni/scheduled 304 in 113ms :: []","service":"stargem-manager","timestamp":"2026-05-06 09:34:12"}
{"level":"info","message":"GET /api/gemteam/postazioni 304 in 113ms :: [{\"id\":1,\"nome\":\"AMM.ZIONE\",\"contaO…","service":"stargem-manager","timestamp":"2026-05-06 09:34:12"}
{"level":"info","message":"GET /api/gemteam/turni/eventi-giorno 304 in 114ms :: []","service":"stargem-manager","timestamp":"2026-05-06 09:34:12"}
{"level":"info","message":"GET /api/gemteam/turni/week-assignment 304 in 145ms :: {\"settimana\":\"A\",\"weekSt…","service":"stargem-manager","timestamp":"2026-05-06 09:34:12"}
{"level":"info","message":"GET /api/gemteam/turni 304 in 169ms :: []","service":"stargem-manager","timestamp":"2026-05-06 09:34:12"}
{"level":"info","message":"GET /api/gemteam/dipendenti 200 in 249ms :: [{\"id\":1,\"memberId\":9556,\"userId\":\"…","service":"stargem-manager","timestamp":"2026-05-06 09:34:12"}
{"level":"info","message":"GET /api/gemteam/report/lock/2026/04 200 in 138ms","service":"stargem-manager","timestamp":"2026-05-06 09:34:12"}
{"level":"info","message":"GET /api/gemteam/presenze/2026/04 304 in 162ms :: []","service":"stargem-manager","timestamp":"2026-05-06 09:34:12"}
{"level":"info","message":"GET /api/gemteam/checkin/oggi 200 in 180ms :: [{\"employeeId\":15,\"firstName\":\"AD…","service":"stargem-manager","timestamp":"2026-05-06 09:34:12"}
{"level":"info","message":"GET /api/todos 304 in 186ms :: [{\"id\":1,\"text\":\"Implementare verifica SMS/Whats…","service":"stargem-manager","timestamp":"2026-05-06 09:34:22"}
{"level":"info","message":"GET /api/team-comments 304 in 201ms :: [{\"id\":20,\"authorId\":\"admin-id\",\"authorN…","service":"stargem-manager","timestamp":"2026-05-06 09:34:22"}
{"level":"info","message":"GET /api/users/presence/active 200 in 388ms :: [{\"id\":\"admin-id\",\"username\":\"ad…","service":"stargem-manager","timestamp":"2026-05-06 09:34:27"}
{"level":"info","message":"GET /api/todos 304 in 186ms :: [{\"id\":1,\"text\":\"Implementare verifica SMS/Whats…","service":"stargem-manager","timestamp":"2026-05-06 09:34:32"}
{"level":"info","message":"GET /api/team-comments 304 in 232ms :: [{\"id\":20,\"authorId\":\"admin-id\",\"authorN…","service":"stargem-manager","timestamp":"2026-05-06 09:34:32"}
{"level":"info","message":"POST /api/users/presence/heartbeat 200 in 211ms :: {\"success\":true}","service":"stargem-manager","timestamp":"2026-05-06 09:34:41"}
{"level":"info","message":"GET /api/todos 304 in 167ms :: [{\"id\":1,\"text\":\"Implementare verifica SMS/Whats…","service":"stargem-manager","timestamp":"2026-05-06 09:34:42"}
{"level":"info","message":"GET /api/team-comments 304 in 129ms :: [{\"id\":20,\"authorId\":\"admin-id\",\"authorN…","service":"stargem-manager","timestamp":"2026-05-06 09:34:42"}
{"level":"info","message":"Server started. Serving on port 5001","service":"stargem-manager","timestamp":"2026-05-06 09:34:44"}
{"level":"info","message":"GET /api/user 200 in 109ms :: {\"id\":\"admin-id\",\"username\":\"admin\",\"password\":\"d…","service":"stargem-manager","timestamp":"2026-05-06 09:34:47"}
{"level":"info","message":"GET /api/latest-activity 304 in 161ms :: {\"id\":2658,\"userId\":\"admin-id\",\"action…","service":"stargem-manager","timestamp":"2026-05-06 09:34:47"}
{"level":"info","message":"GET /api/gemteam/permessi/pending-count 304 in 162ms :: {\"count\":0}","service":"stargem-manager","timestamp":"2026-05-06 09:34:47"}
{"level":"info","message":"GET /api/activities-summary 304 in 209ms :: {\"corsi\":{\"total\":289,\"active\":289}…","service":"stargem-manager","timestamp":"2026-05-06 09:34:47"}
{"level":"info","message":"GET /api/users/presence/active 200 in 437ms :: [{\"id\":\"admin-id\",\"username\":\"ad…","service":"stargem-manager","timestamp":"2026-05-06 09:34:47"}
{"level":"info","message":"GET /api/team-notes 304 in 287ms :: []","service":"stargem-manager","timestamp":"2026-05-06 09:34:47"}
{"level":"info","message":"GET /api/team-comments 304 in 330ms :: [{\"id\":20,\"authorId\":\"admin-id\",\"authorN…","service":"stargem-manager","timestamp":"2026-05-06 09:34:47"}
{"level":"info","message":"GET /api/todos 304 in 289ms :: [{\"id\":1,\"text\":\"Implementare verifica SMS/Whats…","service":"stargem-manager","timestamp":"2026-05-06 09:34:47"}
{"level":"info","message":"POST /api/users/presence/heartbeat 200 in 381ms :: {\"success\":true}","service":"stargem-manager","timestamp":"2026-05-06 09:34:48"}
{"level":"info","message":"GET /api/gemteam/turni/eventi-giorno 304 in 96ms :: []","service":"stargem-manager","timestamp":"2026-05-06 09:34:48"}
{"level":"info","message":"GET /api/gemteam/turni/week-assignment 304 in 99ms :: {\"settimana\":\"A\",\"weekSta…","service":"stargem-manager","timestamp":"2026-05-06 09:34:48"}
{"level":"info","message":"GET /api/gemteam/postazioni 304 in 146ms :: [{\"id\":1,\"nome\":\"AMM.ZIONE\",\"contaO…","service":"stargem-manager","timestamp":"2026-05-06 09:34:48"}
{"level":"info","message":"GET /api/gemteam/turni/scheduled 304 in 164ms :: []","service":"stargem-manager","timestamp":"2026-05-06 09:34:48"}
{"level":"info","message":"GET /api/gemteam/checkin/oggi 304 in 178ms :: [{\"employeeId\":15,\"firstName\":\"AD…","service":"stargem-manager","timestamp":"2026-05-06 09:34:48"}
{"level":"info","message":"GET /api/gemteam/dipendenti 200 in 281ms :: [{\"id\":1,\"memberId\":9556,\"userId\":\"…","service":"stargem-manager","timestamp":"2026-05-06 09:34:48"}
{"level":"info","message":"GET /api/gemteam/report/lock/2026/04 200 in 153ms","service":"stargem-manager","timestamp":"2026-05-06 09:34:48"}
{"level":"info","message":"GET /api/gemteam/turni 304 in 167ms :: []","service":"stargem-manager","timestamp":"2026-05-06 09:34:48"}
{"level":"info","message":"GET /api/gemteam/presenze/2026/04 304 in 176ms :: []","service":"stargem-manager","timestamp":"2026-05-06 09:34:48"}
{"level":"info","message":"GET /api/team-comments 304 in 185ms :: [{\"id\":20,\"authorId\":\"admin-id\",\"authorN…","service":"stargem-manager","timestamp":"2026-05-06 09:34:58"}
{"level":"info","message":"GET /api/todos 304 in 202ms :: [{\"id\":1,\"text\":\"Implementare verifica SMS/Whats…","service":"stargem-manager","timestamp":"2026-05-06 09:34:58"}
{"level":"info","message":"GET /api/users/presence/active 200 in 390ms :: [{\"id\":\"admin-id\",\"username\":\"ad…","service":"stargem-manager","timestamp":"2026-05-06 09:35:03"}
{"level":"info","message":"GET /api/team-comments 304 in 185ms :: [{\"id\":20,\"authorId\":\"admin-id\",\"authorN…","service":"stargem-manager","timestamp":"2026-05-06 09:35:08"}
{"level":"info","message":"GET /api/todos 304 in 185ms :: [{\"id\":1,\"text\":\"Implementare verifica SMS/Whats…","service":"stargem-manager","timestamp":"2026-05-06 09:35:08"}
{"level":"info","message":"GET /api/team-comments 304 in 151ms :: [{\"id\":20,\"authorId\":\"admin-id\",\"authorN…","service":"stargem-manager","timestamp":"2026-05-06 09:35:18"}
{"level":"info","message":"GET /api/todos 304 in 152ms :: [{\"id\":1,\"text\":\"Implementare verifica SMS/Whats…","service":"stargem-manager","timestamp":"2026-05-06 09:35:18"}
{"level":"info","message":"GET /api/users/presence/active 200 in 401ms :: [{\"id\":\"admin-id\",\"username\":\"ad…","service":"stargem-manager","timestamp":"2026-05-06 09:35:18"}
{"level":"info","message":"GET /api/team-comments 304 in 189ms :: [{\"id\":20,\"authorId\":\"admin-id\",\"authorN…","service":"stargem-manager","timestamp":"2026-05-06 09:35:28"}
{"level":"info","message":"GET /api/todos 304 in 190ms :: [{\"id\":1,\"text\":\"Implementare verifica SMS/Whats…","service":"stargem-manager","timestamp":"2026-05-06 09:35:28"}
{"level":"info","message":"GET /api/users/presence/active 304 in 497ms :: [{\"id\":\"admin-id\",\"username\":\"ad…","service":"stargem-manager","timestamp":"2026-05-06 09:35:34"}
{"level":"info","message":"GET /api/team-comments 304 in 185ms :: [{\"id\":20,\"authorId\":\"admin-id\",\"authorN…","service":"stargem-manager","timestamp":"2026-05-06 09:35:38"}
{"level":"info","message":"GET /api/todos 304 in 187ms :: [{\"id\":1,\"text\":\"Implementare verifica SMS/Whats…","service":"stargem-manager","timestamp":"2026-05-06 09:35:38"}
{"level":"info","message":"GET /api/gemteam/permessi/pending-count 304 in 143ms :: {\"count\":0}","service":"stargem-manager","timestamp":"2026-05-06 09:35:47"}
{"level":"info","message":"GET /api/gemteam/checkin/oggi 304 in 152ms :: [{\"employeeId\":15,\"firstName\":\"AD…","service":"stargem-manager","timestamp":"2026-05-06 09:35:48"}
{"level":"info","message":"GET /api/team-comments 304 in 140ms :: [{\"id\":20,\"authorId\":\"admin-id\",\"authorN…","service":"stargem-manager","timestamp":"2026-05-06 09:35:49"}
{"level":"info","message":"GET /api/todos 304 in 143ms :: [{\"id\":1,\"text\":\"Implementare verifica SMS/Whats…","service":"stargem-manager","timestamp":"2026-05-06 09:35:49"}
{"level":"info","message":"GET /api/users/presence/active 304 in 328ms :: [{\"id\":\"admin-id\",\"username\":\"ad…","service":"stargem-manager","timestamp":"2026-05-06 09:35:49"}
{"level":"info","message":"GET /api/team-comments 304 in 186ms :: [{\"id\":20,\"authorId\":\"admin-id\",\"authorN…","service":"stargem-manager","timestamp":"2026-05-06 09:35:59"}
{"level":"info","message":"GET /api/todos 304 in 191ms :: [{\"id\":1,\"text\":\"Implementare verifica SMS/Whats…","service":"stargem-manager","timestamp":"2026-05-06 09:35:59"}
{"level":"info","message":"GET /api/users/presence/active 304 in 388ms :: [{\"id\":\"admin-id\",\"username\":\"ad…","service":"stargem-manager","timestamp":"2026-05-06 09:36:04"}
{"level":"info","message":"GET /api/todos 304 in 185ms :: [{\"id\":1,\"text\":\"Implementare verifica SMS/Whats…","service":"stargem-manager","timestamp":"2026-05-06 09:36:09"}
{"level":"info","message":"GET /api/team-comments 304 in 214ms :: [{\"id\":20,\"authorId\":\"admin-id\",\"authorN…","service":"stargem-manager","timestamp":"2026-05-06 09:36:09"}
{"level":"info","message":"GET /api/todos 304 in 186ms :: [{\"id\":1,\"text\":\"Implementare verifica SMS/Whats…","service":"stargem-manager","timestamp":"2026-05-06 09:36:19"}
{"level":"info","message":"GET /api/team-comments 304 in 186ms :: [{\"id\":20,\"authorId\":\"admin-id\",\"authorN…","service":"stargem-manager","timestamp":"2026-05-06 09:36:19"}
{"level":"info","message":"GET /api/users/presence/active 200 in 345ms :: [{\"id\":\"admin-id\",\"username\":\"ad…","service":"stargem-manager","timestamp":"2026-05-06 09:36:20"}
{"level":"info","message":"POST /api/users/presence/heartbeat 200 in 211ms :: {\"success\":true}","service":"stargem-manager","timestamp":"2026-05-06 09:36:28"}
{"level":"info","message":"GET /api/todos 304 in 186ms :: [{\"id\":1,\"text\":\"Implementare verifica SMS/Whats…","service":"stargem-manager","timestamp":"2026-05-06 09:36:29"}
{"level":"info","message":"GET /api/team-comments 304 in 189ms :: [{\"id\":20,\"authorId\":\"admin-id\",\"authorN…","service":"stargem-manager","timestamp":"2026-05-06 09:36:29"}
{"level":"info","message":"GET /api/users/presence/active 200 in 403ms :: [{\"id\":\"admin-id\",\"username\":\"ad…","service":"stargem-manager","timestamp":"2026-05-06 09:36:35"}
{"level":"info","message":"GET /api/todos 304 in 187ms :: [{\"id\":1,\"text\":\"Implementare verifica SMS/Whats…","service":"stargem-manager","timestamp":"2026-05-06 09:36:40"}
{"level":"info","message":"GET /api/team-comments 304 in 187ms :: [{\"id\":20,\"authorId\":\"admin-id\",\"authorN…","service":"stargem-manager","timestamp":"2026-05-06 09:36:40"}
{"level":"info","message":"GET /api/team-notes 304 in 290ms :: []","service":"stargem-manager","timestamp":"2026-05-06 09:36:44"}
{"level":"info","message":"GET /api/client-categories 200 in 84ms","service":"stargem-manager","timestamp":"2026-05-06 09:36:44"}
{"level":"info","message":"GET /api/payments 304 in 120ms :: []","service":"stargem-manager","timestamp":"2026-05-06 09:36:44"}
{"level":"info","message":"GET /api/courses 304 in 128ms :: [{\"id\":852,\"sku\":null,\"name\":\"Corso Storico Im…","service":"stargem-manager","timestamp":"2026-05-06 09:36:44"}
{"level":"info","message":"GET /api/enrollments 304 in 132ms :: []","service":"stargem-manager","timestamp":"2026-05-06 09:36:44"}
{"level":"info","message":"GET /api/members 304 in 149ms :: {\"members\":[{\"id\":14178,\"firstName\":\"BOT\",\"las…","service":"stargem-manager","timestamp":"2026-05-06 09:36:44"}
{"level":"info","message":"GET /api/members 304 in 152ms :: {\"members\":[{\"id\":14178,\"firstName\":\"BOT\",\"las…","service":"stargem-manager","timestamp":"2026-05-06 09:36:44"}
{"level":"info","message":"GET /api/participant-types 500 in 135ms :: {\"message\":\"Failed to fetch particip…","service":"stargem-manager","timestamp":"2026-05-06 09:36:44"}
{"level":"info","message":"GET /api/subscription-types 500 in 116ms :: {\"message\":\"Failed to fetch subscri…","service":"stargem-manager","timestamp":"2026-05-06 09:36:44"}
{"level":"info","message":"GET /api/members/counts-by-type 304 in 110ms :: {\"partecipanti\":\"0\",\"staff\":\"70…","service":"stargem-manager","timestamp":"2026-05-06 09:36:44"}
{"level":"info","message":"GET /api/members/duplicates 304 in 160ms :: []","service":"stargem-manager","timestamp":"2026-05-06 09:36:44"}
{"level":"info","message":"GET /api/members/missing-data 304 in 198ms :: {\"missingFiscalCode\":75,\"missingE…","service":"stargem-manager","timestamp":"2026-05-06 09:36:44"}
{"level":"info","message":"GET /api/gemteam/permessi/pending-count 304 in 143ms :: {\"count\":0}","service":"stargem-manager","timestamp":"2026-05-06 09:36:47"}
{"level":"info","message":"GET /api/todos 304 in 187ms :: [{\"id\":1,\"text\":\"Implementare verifica SMS/Whats…","service":"stargem-manager","timestamp":"2026-05-06 09:36:50"}
{"level":"info","message":"GET /api/team-comments 304 in 190ms :: [{\"id\":20,\"authorId\":\"admin-id\",\"authorN…","service":"stargem-manager","timestamp":"2026-05-06 09:36:50"}
{"level":"info","message":"GET /api/users/presence/active 304 in 341ms :: [{\"id\":\"admin-id\",\"username\":\"ad…","service":"stargem-manager","timestamp":"2026-05-06 09:36:51"}
{"level":"info","message":"GET /api/todos 304 in 150ms :: [{\"id\":1,\"text\":\"Implementare verifica SMS/Whats…","service":"stargem-manager","timestamp":"2026-05-06 09:37:00"}
{"level":"info","message":"GET /api/team-comments 304 in 150ms :: [{\"id\":20,\"authorId\":\"admin-id\",\"authorN…","service":"stargem-manager","timestamp":"2026-05-06 09:37:00"}
{"level":"info","message":"POST /api/users/presence/heartbeat 200 in 268ms :: {\"success\":true}","service":"stargem-manager","timestamp":"2026-05-06 09:37:00"}
{"level":"info","message":"GET /api/users/presence/active 200 in 442ms :: [{\"id\":\"admin-id\",\"username\":\"ad…","service":"stargem-manager","timestamp":"2026-05-06 09:37:06"}
{"level":"info","message":"GET /api/todos 304 in 187ms :: [{\"id\":1,\"text\":\"Implementare verifica SMS/Whats…","service":"stargem-manager","timestamp":"2026-05-06 09:37:10"}
{"level":"info","message":"GET /api/team-comments 304 in 190ms :: [{\"id\":20,\"authorId\":\"admin-id\",\"authorN…","service":"stargem-manager","timestamp":"2026-05-06 09:37:10"}
{"level":"info","message":"GET /api/members 200 in 132ms :: {\"members\":[{\"id\":4687,\"firstName\":\"KEVIN ALEX…","service":"stargem-manager","timestamp":"2026-05-06 09:37:11"}
{"level":"info","message":"GET /api/todos 304 in 188ms :: [{\"id\":1,\"text\":\"Implementare verifica SMS/Whats…","service":"stargem-manager","timestamp":"2026-05-06 09:37:20"}
{"level":"info","message":"GET /api/team-comments 304 in 191ms :: [{\"id\":20,\"authorId\":\"admin-id\",\"authorN…","service":"stargem-manager","timestamp":"2026-05-06 09:37:20"}
{"level":"info","message":"GET /api/users/presence/active 200 in 358ms :: [{\"id\":\"admin-id\",\"username\":\"ad…","service":"stargem-manager","timestamp":"2026-05-06 09:37:21"}
{"level":"info","message":"POST /api/users/presence/heartbeat 200 in 213ms :: {\"success\":true}","service":"stargem-manager","timestamp":"2026-05-06 09:37:30"}
{"level":"info","message":"GET /api/todos 304 in 138ms :: [{\"id\":1,\"text\":\"Implementare verifica SMS/Whats…","service":"stargem-manager","timestamp":"2026-05-06 09:37:30"}
{"level":"info","message":"GET /api/team-comments 304 in 140ms :: [{\"id\":20,\"authorId\":\"admin-id\",\"authorN…","service":"stargem-manager","timestamp":"2026-05-06 09:37:30"}
{"level":"info","message":"GET /api/users/presence/active 200 in 398ms :: [{\"id\":\"admin-id\",\"username\":\"ad…","service":"stargem-manager","timestamp":"2026-05-06 09:37:37"}
{"level":"info","message":"GET /api/todos 304 in 185ms :: [{\"id\":1,\"text\":\"Implementare verifica SMS/Whats…","service":"stargem-manager","timestamp":"2026-05-06 09:37:41"}
{"level":"info","message":"GET /api/team-comments 304 in 188ms :: [{\"id\":20,\"authorId\":\"admin-id\",\"authorN…","service":"stargem-manager","timestamp":"2026-05-06 09:37:41"}
{"level":"info","message":"GET /api/gemteam/permessi/pending-count 304 in 145ms :: {\"count\":0}","service":"stargem-manager","timestamp":"2026-05-06 09:37:48"}
{"level":"info","message":"GET /api/todos 304 in 190ms :: [{\"id\":1,\"text\":\"Implementare verifica SMS/Whats…","service":"stargem-manager","timestamp":"2026-05-06 09:37:51"}
{"level":"info","message":"GET /api/team-comments 304 in 190ms :: [{\"id\":20,\"authorId\":\"admin-id\",\"authorN…","service":"stargem-manager","timestamp":"2026-05-06 09:37:51"}
{"level":"info","message":"GET /api/users/presence/active 304 in 470ms :: [{\"id\":\"admin-id\",\"username\":\"ad…","service":"stargem-manager","timestamp":"2026-05-06 09:37:52"}
{"level":"info","message":"GET /api/todos 304 in 186ms :: [{\"id\":1,\"text\":\"Implementare verifica SMS/Whats…","service":"stargem-manager","timestamp":"2026-05-06 09:38:01"}
{"level":"info","message":"GET /api/team-comments 304 in 188ms :: [{\"id\":20,\"authorId\":\"admin-id\",\"authorN…","service":"stargem-manager","timestamp":"2026-05-06 09:38:01"}
{"level":"info","message":"GET /api/users/presence/active 304 in 396ms :: [{\"id\":\"admin-id\",\"username\":\"ad…","service":"stargem-manager","timestamp":"2026-05-06 09:38:08"}
{"level":"info","message":"GET /api/todos 304 in 189ms :: [{\"id\":1,\"text\":\"Implementare verifica SMS/Whats…","service":"stargem-manager","timestamp":"2026-05-06 09:38:11"}
{"level":"info","message":"GET /api/team-comments 304 in 190ms :: [{\"id\":20,\"authorId\":\"admin-id\",\"authorN…","service":"stargem-manager","timestamp":"2026-05-06 09:38:11"}
{"level":"info","message":"GET /api/todos 304 in 186ms :: [{\"id\":1,\"text\":\"Implementare verifica SMS/Whats…","service":"stargem-manager","timestamp":"2026-05-06 09:38:21"}
{"level":"info","message":"GET /api/team-comments 304 in 186ms :: [{\"id\":20,\"authorId\":\"admin-id\",\"authorN…","service":"stargem-manager","timestamp":"2026-05-06 09:38:21"}
{"level":"info","message":"GET /api/users/presence/active 200 in 394ms :: [{\"id\":\"admin-id\",\"username\":\"ad…","service":"stargem-manager","timestamp":"2026-05-06 09:38:23"}
{"level":"info","message":"GET /api/todos 304 in 193ms :: [{\"id\":1,\"text\":\"Implementare verifica SMS/Whats…","service":"stargem-manager","timestamp":"2026-05-06 09:38:32"}
{"level":"info","message":"GET /api/team-comments 304 in 194ms :: [{\"id\":20,\"authorId\":\"admin-id\",\"authorN…","service":"stargem-manager","timestamp":"2026-05-06 09:38:32"}
{"level":"info","message":"GET /api/users/presence/active 304 in 439ms :: [{\"id\":\"admin-id\",\"username\":\"ad…","service":"stargem-manager","timestamp":"2026-05-06 09:38:39"}
{"level":"info","message":"GET /api/todos 304 in 187ms :: [{\"id\":1,\"text\":\"Implementare verifica SMS/Whats…","service":"stargem-manager","timestamp":"2026-05-06 09:38:42"}
{"level":"info","message":"GET /api/team-comments 304 in 189ms :: [{\"id\":20,\"authorId\":\"admin-id\",\"authorN…","service":"stargem-manager","timestamp":"2026-05-06 09:38:42"}
{"level":"info","message":"GET /api/gemteam/permessi/pending-count 304 in 144ms :: {\"count\":0}","service":"stargem-manager","timestamp":"2026-05-06 09:38:48"}
{"level":"info","message":"GET /api/todos 304 in 195ms :: [{\"id\":1,\"text\":\"Implementare verifica SMS/Whats…","service":"stargem-manager","timestamp":"2026-05-06 09:38:52"}
{"level":"info","message":"GET /api/team-comments 304 in 195ms :: [{\"id\":20,\"authorId\":\"admin-id\",\"authorN…","service":"stargem-manager","timestamp":"2026-05-06 09:38:52"}
{"level":"info","message":"GET /api/users/presence/active 304 in 395ms :: [{\"id\":\"admin-id\",\"username\":\"ad…","service":"stargem-manager","timestamp":"2026-05-06 09:38:54"}
{"level":"info","message":"POST /api/users/presence/heartbeat 200 in 211ms :: {\"success\":true}","service":"stargem-manager","timestamp":"2026-05-06 09:39:00"}
{"level":"info","message":"GET /api/todos 304 in 185ms :: [{\"id\":1,\"text\":\"Implementare verifica SMS/Whats…","service":"stargem-manager","timestamp":"2026-05-06 09:39:02"}
{"level":"info","message":"GET /api/team-comments 304 in 185ms :: [{\"id\":20,\"authorId\":\"admin-id\",\"authorN…","service":"stargem-manager","timestamp":"2026-05-06 09:39:02"}
{"level":"info","message":"GET /api/users/presence/active 200 in 392ms :: [{\"id\":\"admin-id\",\"username\":\"ad…","service":"stargem-manager","timestamp":"2026-05-06 09:39:09"}
{"level":"info","message":"GET /api/todos 304 in 188ms :: [{\"id\":1,\"text\":\"Implementare verifica SMS/Whats…","service":"stargem-manager","timestamp":"2026-05-06 09:39:12"}
{"level":"info","message":"GET /api/team-comments 304 in 186ms :: [{\"id\":20,\"authorId\":\"admin-id\",\"authorN…","service":"stargem-manager","timestamp":"2026-05-06 09:39:12"}
{"level":"info","message":"GET /api/todos 304 in 187ms :: [{\"id\":1,\"text\":\"Implementare verifica SMS/Whats…","service":"stargem-manager","timestamp":"2026-05-06 09:39:23"}
{"level":"info","message":"GET /api/team-comments 304 in 187ms :: [{\"id\":20,\"authorId\":\"admin-id\",\"authorN…","service":"stargem-manager","timestamp":"2026-05-06 09:39:23"}
{"level":"info","message":"GET /api/users/presence/active 200 in 397ms :: [{\"id\":\"admin-id\",\"username\":\"ad…","service":"stargem-manager","timestamp":"2026-05-06 09:39:25"}
{"level":"info","message":"GET /api/todos 304 in 189ms :: [{\"id\":1,\"text\":\"Implementare verifica SMS/Whats…","service":"stargem-manager","timestamp":"2026-05-06 09:39:33"}
{"level":"info","message":"GET /api/team-comments 304 in 185ms :: [{\"id\":20,\"authorId\":\"admin-id\",\"authorN…","service":"stargem-manager","timestamp":"2026-05-06 09:39:33"}
{"level":"info","message":"POST /api/users/presence/heartbeat 200 in 227ms :: {\"success\":true}","service":"stargem-manager","timestamp":"2026-05-06 09:39:38"}
{"level":"info","message":"GET /api/users/presence/active 200 in 402ms :: [{\"id\":\"admin-id\",\"username\":\"ad…","service":"stargem-manager","timestamp":"2026-05-06 09:39:40"}
{"level":"info","message":"GET /api/members 200 in 131ms :: {\"members\":[],\"total\":0}","service":"stargem-manager","timestamp":"2026-05-06 09:39:41"}
{"level":"info","message":"GET /api/todos 304 in 185ms :: [{\"id\":1,\"text\":\"Implementare verifica SMS/Whats…","service":"stargem-manager","timestamp":"2026-05-06 09:39:43"}
{"level":"info","message":"GET /api/team-comments 304 in 187ms :: [{\"id\":20,\"authorId\":\"admin-id\",\"authorN…","service":"stargem-manager","timestamp":"2026-05-06 09:39:43"}
{"level":"info","message":"GET /api/gemteam/permessi/pending-count 304 in 144ms :: {\"count\":0}","service":"stargem-manager","timestamp":"2026-05-06 09:39:48"}
{"level":"info","message":"GET /api/members 304 in 163ms :: {\"members\":[{\"id\":14178,\"firstName\":\"BOT\",\"las…","service":"stargem-manager","timestamp":"2026-05-06 09:39:49"}
{"level":"info","message":"GET /api/todos 304 in 185ms :: [{\"id\":1,\"text\":\"Implementare verifica SMS/Whats…","service":"stargem-manager","timestamp":"2026-05-06 09:39:53"}
{"level":"info","message":"GET /api/team-comments 304 in 188ms :: [{\"id\":20,\"authorId\":\"admin-id\",\"authorN…","service":"stargem-manager","timestamp":"2026-05-06 09:39:53"}
{"level":"info","message":"GET /api/users/presence/active 304 in 401ms :: [{\"id\":\"admin-id\",\"username\":\"ad…","service":"stargem-manager","timestamp":"2026-05-06 09:39:56"}
{"level":"info","message":"GET /api/todos 304 in 185ms :: [{\"id\":1,\"text\":\"Implementare verifica SMS/Whats…","service":"stargem-manager","timestamp":"2026-05-06 09:40:03"}
{"level":"info","message":"GET /api/team-comments 304 in 186ms :: [{\"id\":20,\"authorId\":\"admin-id\",\"authorN…","service":"stargem-manager","timestamp":"2026-05-06 09:40:03"}
{"level":"info","message":"POST /api/users/presence/heartbeat 200 in 209ms :: {\"success\":true}","service":"stargem-manager","timestamp":"2026-05-06 09:40:09"}
{"level":"info","message":"GET /api/users/presence/active 200 in 399ms :: [{\"id\":\"admin-id\",\"username\":\"ad…","service":"stargem-manager","timestamp":"2026-05-06 09:40:11"}
{"level":"info","message":"GET /api/todos 304 in 186ms :: [{\"id\":1,\"text\":\"Implementare verifica SMS/Whats…","service":"stargem-manager","timestamp":"2026-05-06 09:40:14"}
{"level":"info","message":"GET /api/team-comments 304 in 186ms :: [{\"id\":20,\"authorId\":\"admin-id\",\"authorN…","service":"stargem-manager","timestamp":"2026-05-06 09:40:14"}
{"level":"info","message":"GET /api/todos 304 in 194ms :: [{\"id\":1,\"text\":\"Implementare verifica SMS/Whats…","service":"stargem-manager","timestamp":"2026-05-06 09:40:24"}
{"level":"info","message":"GET /api/team-comments 304 in 202ms :: [{\"id\":20,\"authorId\":\"admin-id\",\"authorN…","service":"stargem-manager","timestamp":"2026-05-06 09:40:24"}
{"level":"info","message":"GET /api/users/presence/active 304 in 454ms :: [{\"id\":\"admin-id\",\"username\":\"ad…","service":"stargem-manager","timestamp":"2026-05-06 09:40:26"}
{"level":"info","message":"GET /api/todos 304 in 186ms :: [{\"id\":1,\"text\":\"Implementare verifica SMS/Whats…","service":"stargem-manager","timestamp":"2026-05-06 09:40:34"}
{"level":"info","message":"GET /api/team-comments 304 in 187ms :: [{\"id\":20,\"authorId\":\"admin-id\",\"authorN…","service":"stargem-manager","timestamp":"2026-05-06 09:40:34"}
{"level":"info","message":"GET /api/users/presence/active 304 in 437ms :: [{\"id\":\"admin-id\",\"username\":\"ad…","service":"stargem-manager","timestamp":"2026-05-06 09:40:42"}
{"level":"info","message":"GET /api/todos 304 in 186ms :: [{\"id\":1,\"text\":\"Implementare verifica SMS/Whats…","service":"stargem-manager","timestamp":"2026-05-06 09:40:44"}
{"level":"info","message":"GET /api/team-comments 304 in 192ms :: [{\"id\":20,\"authorId\":\"admin-id\",\"authorN…","service":"stargem-manager","timestamp":"2026-05-06 09:40:44"}
{"level":"info","message":"GET /api/gemteam/permessi/pending-count 304 in 144ms :: {\"count\":0}","service":"stargem-manager","timestamp":"2026-05-06 09:40:48"}
{"level":"info","message":"GET /api/todos 304 in 185ms :: [{\"id\":1,\"text\":\"Implementare verifica SMS/Whats…","service":"stargem-manager","timestamp":"2026-05-06 09:40:54"}
{"level":"info","message":"GET /api/team-comments 304 in 188ms :: [{\"id\":20,\"authorId\":\"admin-id\",\"authorN…","service":"stargem-manager","timestamp":"2026-05-06 09:40:54"}
{"level":"info","message":"GET /api/users/presence/active 304 in 419ms :: [{\"id\":\"admin-id\",\"username\":\"ad…","service":"stargem-manager","timestamp":"2026-05-06 09:40:57"}
{"level":"info","message":"GET /api/todos 304 in 187ms :: [{\"id\":1,\"text\":\"Implementare verifica SMS/Whats…","service":"stargem-manager","timestamp":"2026-05-06 09:41:04"}
{"level":"info","message":"GET /api/team-comments 304 in 187ms :: [{\"id\":20,\"authorId\":\"admin-id\",\"authorN…","service":"stargem-manager","timestamp":"2026-05-06 09:41:05"}
{"level":"info","message":"GET /api/users/presence/active 200 in 397ms :: [{\"id\":\"admin-id\",\"username\":\"ad…","service":"stargem-manager","timestamp":"2026-05-06 09:41:13"}
{"level":"info","message":"GET /api/todos 304 in 185ms :: [{\"id\":1,\"text\":\"Implementare verifica SMS/Whats…","service":"stargem-manager","timestamp":"2026-05-06 09:41:15"}
{"level":"info","message":"GET /api/team-comments 304 in 188ms :: [{\"id\":20,\"authorId\":\"admin-id\",\"authorN…","service":"stargem-manager","timestamp":"2026-05-06 09:41:15"}
{"level":"info","message":"GET /api/todos 304 in 187ms :: [{\"id\":1,\"text\":\"Implementare verifica SMS/Whats…","service":"stargem-manager","timestamp":"2026-05-06 09:41:25"}
{"level":"info","message":"GET /api/team-comments 304 in 188ms :: [{\"id\":20,\"authorId\":\"admin-id\",\"authorN…","service":"stargem-manager","timestamp":"2026-05-06 09:41:25"}
{"level":"info","message":"GET /api/users/presence/active 304 in 378ms :: [{\"id\":\"admin-id\",\"username\":\"ad…","service":"stargem-manager","timestamp":"2026-05-06 09:41:28"}
{"level":"info","message":"GET /api/todos 304 in 186ms :: [{\"id\":1,\"text\":\"Implementare verifica SMS/Whats…","service":"stargem-manager","timestamp":"2026-05-06 09:41:35"}
{"level":"info","message":"GET /api/team-comments 304 in 187ms :: [{\"id\":20,\"authorId\":\"admin-id\",\"authorN…","service":"stargem-manager","timestamp":"2026-05-06 09:41:35"}
{"level":"info","message":"Server started. Serving on port 5001","service":"stargem-manager","timestamp":"2026-05-06 09:41:39"}
{"level":"info","message":"GET /api/user 200 in 86ms :: {\"id\":\"admin-id\",\"username\":\"admin\",\"password\":\"d4…","service":"stargem-manager","timestamp":"2026-05-06 09:41:42"}
{"level":"info","message":"GET /api/latest-activity 304 in 145ms :: {\"id\":2658,\"userId\":\"admin-id\",\"action…","service":"stargem-manager","timestamp":"2026-05-06 09:41:42"}
{"level":"info","message":"GET /api/activities-summary 304 in 200ms :: {\"corsi\":{\"total\":289,\"active\":289}…","service":"stargem-manager","timestamp":"2026-05-06 09:41:42"}
{"level":"info","message":"GET /api/team-notes 304 in 334ms :: []","service":"stargem-manager","timestamp":"2026-05-06 09:41:42"}
{"level":"info","message":"GET /api/users/presence/active 200 in 442ms :: [{\"id\":\"admin-id\",\"username\":\"ad…","service":"stargem-manager","timestamp":"2026-05-06 09:41:42"}
{"level":"info","message":"GET /api/gemteam/permessi/pending-count 304 in 311ms :: {\"count\":0}","service":"stargem-manager","timestamp":"2026-05-06 09:41:42"}
{"level":"info","message":"GET /api/todos 304 in 327ms :: [{\"id\":1,\"text\":\"Implementare verifica SMS/Whats…","service":"stargem-manager","timestamp":"2026-05-06 09:41:42"}
{"level":"info","message":"GET /api/team-comments 304 in 313ms :: [{\"id\":20,\"authorId\":\"admin-id\",\"authorN…","service":"stargem-manager","timestamp":"2026-05-06 09:41:42"}
{"level":"info","message":"POST /api/users/presence/heartbeat 200 in 427ms :: {\"success\":true}","service":"stargem-manager","timestamp":"2026-05-06 09:41:42"}
{"level":"info","message":"GET /api/enrollments 304 in 121ms :: []","service":"stargem-manager","timestamp":"2026-05-06 09:41:42"}
{"level":"info","message":"GET /api/courses 304 in 135ms :: [{\"id\":852,\"sku\":null,\"name\":\"Corso Storico Im…","service":"stargem-manager","timestamp":"2026-05-06 09:41:42"}
{"level":"info","message":"GET /api/members 304 in 137ms :: {\"members\":[{\"id\":14178,\"firstName\":\"BOT\",\"las…","service":"stargem-manager","timestamp":"2026-05-06 09:41:42"}
{"level":"info","message":"GET /api/members 304 in 148ms :: {\"members\":[{\"id\":14178,\"firstName\":\"BOT\",\"las…","service":"stargem-manager","timestamp":"2026-05-06 09:41:42"}
{"level":"info","message":"GET /api/payments 304 in 151ms :: []","service":"stargem-manager","timestamp":"2026-05-06 09:41:42"}
{"level":"info","message":"GET /api/members/missing-data 304 in 164ms :: {\"missingFiscalCode\":75,\"missingE…","service":"stargem-manager","timestamp":"2026-05-06 09:41:42"}
{"level":"info","message":"GET /api/client-categories 200 in 105ms","service":"stargem-manager","timestamp":"2026-05-06 09:41:43"}
{"level":"info","message":"GET /api/subscription-types 500 in 130ms :: {\"message\":\"Failed to fetch subscri…","service":"stargem-manager","timestamp":"2026-05-06 09:41:43"}
{"level":"info","message":"GET /api/participant-types 500 in 132ms :: {\"message\":\"Failed to fetch particip…","service":"stargem-manager","timestamp":"2026-05-06 09:41:43"}
{"level":"info","message":"GET /api/members/counts-by-type 304 in 149ms :: {\"partecipanti\":\"0\",\"staff\":\"70…","service":"stargem-manager","timestamp":"2026-05-06 09:41:43"}
{"level":"info","message":"GET /api/members/duplicates 304 in 163ms :: []","service":"stargem-manager","timestamp":"2026-05-06 09:41:43"}
{"level":"info","message":"Server started. Serving on port 5001","service":"stargem-manager","timestamp":"2026-05-06 09:41:51"}
{"level":"info","message":"GET /api/user 200 in 107ms :: {\"id\":\"admin-id\",\"username\":\"admin\",\"password\":\"d…","service":"stargem-manager","timestamp":"2026-05-06 09:41:54"}
{"level":"info","message":"GET /api/latest-activity 304 in 170ms :: {\"id\":2658,\"userId\":\"admin-id\",\"action…","service":"stargem-manager","timestamp":"2026-05-06 09:41:54"}
{"level":"info","message":"GET /api/activities-summary 304 in 192ms :: {\"corsi\":{\"total\":289,\"active\":289}…","service":"stargem-manager","timestamp":"2026-05-06 09:41:54"}
{"level":"info","message":"GET /api/gemteam/permessi/pending-count 304 in 163ms :: {\"count\":0}","service":"stargem-manager","timestamp":"2026-05-06 09:41:54"}
{"level":"info","message":"GET /api/users/presence/active 200 in 461ms :: [{\"id\":\"admin-id\",\"username\":\"ad…","service":"stargem-manager","timestamp":"2026-05-06 09:41:54"}
{"level":"info","message":"GET /api/team-notes 304 in 322ms :: []","service":"stargem-manager","timestamp":"2026-05-06 09:41:54"}
{"level":"info","message":"GET /api/team-comments 304 in 334ms :: [{\"id\":20,\"authorId\":\"admin-id\",\"authorN…","service":"stargem-manager","timestamp":"2026-05-06 09:41:54"}
{"level":"info","message":"GET /api/todos 304 in 327ms :: [{\"id\":1,\"text\":\"Implementare verifica SMS/Whats…","service":"stargem-manager","timestamp":"2026-05-06 09:41:54"}
{"level":"info","message":"POST /api/users/presence/heartbeat 200 in 415ms :: {\"success\":true}","service":"stargem-manager","timestamp":"2026-05-06 09:41:54"}
{"level":"info","message":"GET /api/client-categories 200 in 99ms","service":"stargem-manager","timestamp":"2026-05-06 09:41:55"}
{"level":"info","message":"GET /api/enrollments 304 in 109ms :: []","service":"stargem-manager","timestamp":"2026-05-06 09:41:55"}
{"level":"info","message":"GET /api/payments 304 in 135ms :: []","service":"stargem-manager","timestamp":"2026-05-06 09:41:55"}
{"level":"info","message":"GET /api/participant-types 500 in 111ms :: {\"message\":\"Failed to fetch particip…","service":"stargem-manager","timestamp":"2026-05-06 09:41:55"}
{"level":"info","message":"GET /api/courses 304 in 145ms :: [{\"id\":852,\"sku\":null,\"name\":\"Corso Storico Im…","service":"stargem-manager","timestamp":"2026-05-06 09:41:55"}
{"level":"info","message":"GET /api/members 200 in 164ms :: {\"members\":[{\"id\":14178,\"firstName\":\"BOT\",\"las…","service":"stargem-manager","timestamp":"2026-05-06 09:41:55"}
{"level":"info","message":"GET /api/members/counts-by-type 304 in 116ms :: {\"partecipanti\":\"0\",\"staff\":\"70…","service":"stargem-manager","timestamp":"2026-05-06 09:41:55"}
{"level":"info","message":"GET /api/members 200 in 156ms :: {\"members\":[{\"id\":14178,\"firstName\":\"BOT\",\"las…","service":"stargem-manager","timestamp":"2026-05-06 09:41:55"}
{"level":"info","message":"GET /api/subscription-types 500 in 118ms :: {\"message\":\"Failed to fetch subscri…","service":"stargem-manager","timestamp":"2026-05-06 09:41:55"}
{"level":"info","message":"GET /api/members/duplicates 304 in 153ms :: []","service":"stargem-manager","timestamp":"2026-05-06 09:41:55"}
{"level":"info","message":"GET /api/members/missing-data 304 in 185ms :: {\"missingFiscalCode\":75,\"missingE…","service":"stargem-manager","timestamp":"2026-05-06 09:41:55"}
{"level":"info","message":"GET /api/team-comments 304 in 185ms :: [{\"id\":20,\"authorId\":\"admin-id\",\"authorN…","service":"stargem-manager","timestamp":"2026-05-06 09:42:04"}
{"level":"info","message":"GET /api/todos 304 in 187ms :: [{\"id\":1,\"text\":\"Implementare verifica SMS/Whats…","service":"stargem-manager","timestamp":"2026-05-06 09:42:05"}
{"level":"info","message":"GET /api/users/presence/active 200 in 415ms :: [{\"id\":\"admin-id\",\"username\":\"ad…","service":"stargem-manager","timestamp":"2026-05-06 09:42:10"}
{"level":"info","message":"GET /api/team-comments 304 in 185ms :: [{\"id\":20,\"authorId\":\"admin-id\",\"authorN…","service":"stargem-manager","timestamp":"2026-05-06 09:42:15"}
{"level":"info","message":"GET /api/todos 304 in 186ms :: [{\"id\":1,\"text\":\"Implementare verifica SMS/Whats…","service":"stargem-manager","timestamp":"2026-05-06 09:42:15"}
{"level":"info","message":"GET /api/todos 304 in 173ms :: [{\"id\":1,\"text\":\"Implementare verifica SMS/Whats…","service":"stargem-manager","timestamp":"2026-05-06 09:42:25"}
{"level":"info","message":"GET /api/team-comments 304 in 189ms :: [{\"id\":20,\"authorId\":\"admin-id\",\"authorN…","service":"stargem-manager","timestamp":"2026-05-06 09:42:25"}
{"level":"info","message":"GET /api/users/presence/active 200 in 384ms :: [{\"id\":\"admin-id\",\"username\":\"ad…","service":"stargem-manager","timestamp":"2026-05-06 09:42:25"}
{"level":"info","message":"GET /api/todos 304 in 187ms :: [{\"id\":1,\"text\":\"Implementare verifica SMS/Whats…","service":"stargem-manager","timestamp":"2026-05-06 09:42:35"}
{"level":"info","message":"GET /api/team-comments 304 in 202ms :: [{\"id\":20,\"authorId\":\"admin-id\",\"authorN…","service":"stargem-manager","timestamp":"2026-05-06 09:42:35"}
{"level":"info","message":"GET /api/users/presence/active 304 in 393ms :: [{\"id\":\"admin-id\",\"username\":\"ad…","service":"stargem-manager","timestamp":"2026-05-06 09:42:40"}
{"level":"info","message":"GET /api/todos 304 in 185ms :: [{\"id\":1,\"text\":\"Implementare verifica SMS/Whats…","service":"stargem-manager","timestamp":"2026-05-06 09:42:45"}
{"level":"info","message":"GET /api/team-comments 304 in 187ms :: [{\"id\":20,\"authorId\":\"admin-id\",\"authorN…","service":"stargem-manager","timestamp":"2026-05-06 09:42:45"}
{"level":"info","message":"GET /api/gemteam/permessi/pending-count 304 in 143ms :: {\"count\":0}","service":"stargem-manager","timestamp":"2026-05-06 09:42:54"}
{"level":"info","message":"GET /api/todos 304 in 185ms :: [{\"id\":1,\"text\":\"Implementare verifica SMS/Whats…","service":"stargem-manager","timestamp":"2026-05-06 09:42:55"}
{"level":"info","message":"GET /api/team-comments 304 in 188ms :: [{\"id\":20,\"authorId\":\"admin-id\",\"authorN…","service":"stargem-manager","timestamp":"2026-05-06 09:42:55"}
{"level":"info","message":"GET /api/users/presence/active 304 in 506ms :: [{\"id\":\"admin-id\",\"username\":\"ad…","service":"stargem-manager","timestamp":"2026-05-06 09:42:56"}
{"level":"info","message":"GET /api/todos 304 in 185ms :: [{\"id\":1,\"text\":\"Implementare verifica SMS/Whats…","service":"stargem-manager","timestamp":"2026-05-06 09:43:06"}
{"level":"info","message":"GET /api/team-comments 304 in 186ms :: [{\"id\":20,\"authorId\":\"admin-id\",\"authorN…","service":"stargem-manager","timestamp":"2026-05-06 09:43:06"}
{"level":"info","message":"GET /api/users/presence/active 304 in 382ms :: [{\"id\":\"admin-id\",\"username\":\"ad…","service":"stargem-manager","timestamp":"2026-05-06 09:43:11"}
{"level":"info","message":"GET /api/todos 304 in 186ms :: [{\"id\":1,\"text\":\"Implementare verifica SMS/Whats…","service":"stargem-manager","timestamp":"2026-05-06 09:43:16"}
{"level":"info","message":"GET /api/team-comments 304 in 188ms :: [{\"id\":20,\"authorId\":\"admin-id\",\"authorN…","service":"stargem-manager","timestamp":"2026-05-06 09:43:16"}
{"level":"info","message":"POST /api/users/presence/heartbeat 200 in 210ms :: {\"success\":true}","service":"stargem-manager","timestamp":"2026-05-06 09:43:20"}
{"level":"info","message":"GET /api/todos 304 in 186ms :: [{\"id\":1,\"text\":\"Implementare verifica SMS/Whats…","service":"stargem-manager","timestamp":"2026-05-06 09:43:26"}
{"level":"info","message":"GET /api/team-comments 304 in 186ms :: [{\"id\":20,\"authorId\":\"admin-id\",\"authorN…","service":"stargem-manager","timestamp":"2026-05-06 09:43:26"}
{"level":"info","message":"GET /api/users/presence/active 200 in 531ms :: [{\"id\":\"admin-id\",\"username\":\"ad…","service":"stargem-manager","timestamp":"2026-05-06 09:43:27"}
{"level":"info","message":"GET /api/team-notes 304 in 185ms :: []","service":"stargem-manager","timestamp":"2026-05-06 09:43:27"}
{"level":"info","message":"GET /api/gemteam/turni/eventi-giorno 304 in 98ms :: []","service":"stargem-manager","timestamp":"2026-05-06 09:43:28"}
{"level":"info","message":"GET /api/gemteam/turni/scheduled 304 in 100ms :: []","service":"stargem-manager","timestamp":"2026-05-06 09:43:28"}
{"level":"info","message":"GET /api/gemteam/report/lock/2026/04 200 in 99ms","service":"stargem-manager","timestamp":"2026-05-06 09:43:28"}
{"level":"info","message":"GET /api/gemteam/postazioni 304 in 113ms :: [{\"id\":1,\"nome\":\"AMM.ZIONE\",\"contaO…","service":"stargem-manager","timestamp":"2026-05-06 09:43:28"}
{"level":"info","message":"GET /api/gemteam/checkin/oggi 304 in 144ms :: [{\"employeeId\":15,\"firstName\":\"AD…","service":"stargem-manager","timestamp":"2026-05-06 09:43:28"}
{"level":"info","message":"GET /api/gemteam/dipendenti 200 in 238ms :: [{\"id\":1,\"memberId\":9556,\"userId\":\"…","service":"stargem-manager","timestamp":"2026-05-06 09:43:28"}
{"level":"info","message":"GET /api/gemteam/turni/week-assignment 304 in 168ms :: {\"settimana\":\"A\",\"weekSt…","service":"stargem-manager","timestamp":"2026-05-06 09:43:28"}
{"level":"info","message":"GET /api/gemteam/turni 304 in 181ms :: []","service":"stargem-manager","timestamp":"2026-05-06 09:43:28"}
{"level":"info","message":"GET /api/gemteam/presenze/2026/04 304 in 183ms :: []","service":"stargem-manager","timestamp":"2026-05-06 09:43:28"}
{"level":"info","message":"GET /api/todos 304 in 185ms :: [{\"id\":1,\"text\":\"Implementare verifica SMS/Whats…","service":"stargem-manager","timestamp":"2026-05-06 09:43:36"}
{"level":"info","message":"GET /api/team-comments 304 in 186ms :: [{\"id\":20,\"authorId\":\"admin-id\",\"authorN…","service":"stargem-manager","timestamp":"2026-05-06 09:43:36"}
{"level":"info","message":"GET /api/users/presence/active 304 in 399ms :: [{\"id\":\"admin-id\",\"username\":\"ad…","service":"stargem-manager","timestamp":"2026-05-06 09:43:42"}
{"level":"info","message":"GET /api/team-notes 304 in 217ms :: [{\"id\":23,\"authorId\":\"admin-id\",\"authorName…","service":"stargem-manager","timestamp":"2026-05-06 09:43:46"}
{"level":"info","message":"GET /api/roles 304 in 113ms :: [{\"id\":10,\"name\":\"admin\",\"description\":\"Amminist…","service":"stargem-manager","timestamp":"2026-05-06 09:43:46"}
{"level":"info","message":"GET /api/users 200 in 139ms :: [{\"id\":\"admin-id\",\"username\":\"admin\",\"email\":nul…","service":"stargem-manager","timestamp":"2026-05-06 09:43:46"}
{"level":"info","message":"GET /api/activity-logs 304 in 155ms :: [{\"id\":2658,\"userId\":\"admin-id\",\"action\"…","service":"stargem-manager","timestamp":"2026-05-06 09:43:46"}
{"level":"info","message":"GET /api/todos 304 in 137ms :: [{\"id\":1,\"text\":\"Implementare verifica SMS/Whats…","service":"stargem-manager","timestamp":"2026-05-06 09:43:46"}
{"level":"info","message":"GET /api/team-comments 304 in 138ms :: [{\"id\":20,\"authorId\":\"admin-id\",\"authorN…","service":"stargem-manager","timestamp":"2026-05-06 09:43:46"}
{"level":"info","message":"POST /api/users/presence/heartbeat 200 in 209ms :: {\"success\":true}","service":"stargem-manager","timestamp":"2026-05-06 09:43:51"}
{"level":"info","message":"GET /api/gemteam/permessi/pending-count 304 in 144ms :: {\"count\":0}","service":"stargem-manager","timestamp":"2026-05-06 09:43:54"}
{"level":"info","message":"GET /api/todos 304 in 186ms :: [{\"id\":1,\"text\":\"Implementare verifica SMS/Whats…","service":"stargem-manager","timestamp":"2026-05-06 09:43:57"}
{"level":"info","message":"GET /api/team-comments 304 in 186ms :: [{\"id\":20,\"authorId\":\"admin-id\",\"authorN…","service":"stargem-manager","timestamp":"2026-05-06 09:43:57"}
{"level":"info","message":"GET /api/users/presence/active 200 in 354ms :: [{\"id\":\"admin-id\",\"username\":\"ad…","service":"stargem-manager","timestamp":"2026-05-06 09:43:58"}
{"level":"info","message":"GET /api/todos 304 in 186ms :: [{\"id\":1,\"text\":\"Implementare verifica SMS/Whats…","service":"stargem-manager","timestamp":"2026-05-06 09:44:07"}
{"level":"info","message":"GET /api/team-comments 304 in 187ms :: [{\"id\":20,\"authorId\":\"admin-id\",\"authorN…","service":"stargem-manager","timestamp":"2026-05-06 09:44:07"}
{"level":"info","message":"GET /api/users/presence/active 304 in 416ms :: [{\"id\":\"admin-id\",\"username\":\"ad…","service":"stargem-manager","timestamp":"2026-05-06 09:44:13"}
{"level":"info","message":"GET /api/todos 304 in 185ms :: [{\"id\":1,\"text\":\"Implementare verifica SMS/Whats…","service":"stargem-manager","timestamp":"2026-05-06 09:44:17"}
{"level":"info","message":"GET /api/team-comments 304 in 187ms :: [{\"id\":20,\"authorId\":\"admin-id\",\"authorN…","service":"stargem-manager","timestamp":"2026-05-06 09:44:17"}
{"level":"info","message":"GET /api/todos 304 in 185ms :: [{\"id\":1,\"text\":\"Implementare verifica SMS/Whats…","service":"stargem-manager","timestamp":"2026-05-06 09:44:27"}
{"level":"info","message":"GET /api/team-comments 304 in 188ms :: [{\"id\":20,\"authorId\":\"admin-id\",\"authorN…","service":"stargem-manager","timestamp":"2026-05-06 09:44:27"}
{"level":"info","message":"GET /api/users/presence/active 200 in 398ms :: [{\"id\":\"admin-id\",\"username\":\"ad…","service":"stargem-manager","timestamp":"2026-05-06 09:44:29"}
{"level":"info","message":"POST /api/users/presence/heartbeat 200 in 235ms :: {\"success\":true}","service":"stargem-manager","timestamp":"2026-05-06 09:44:35"}
{"level":"info","message":"GET /api/todos 304 in 186ms :: [{\"id\":1,\"text\":\"Implementare verifica SMS/Whats…","service":"stargem-manager","timestamp":"2026-05-06 09:44:37"}
{"level":"info","message":"GET /api/team-comments 304 in 184ms :: [{\"id\":20,\"authorId\":\"admin-id\",\"authorN…","service":"stargem-manager","timestamp":"2026-05-06 09:44:37"}
{"level":"info","message":"GET /api/team-notes 304 in 137ms :: []","service":"stargem-manager","timestamp":"2026-05-06 09:44:37"}
{"level":"info","message":"GET /api/gemstaff/insegnanti 304 in 122ms :: [{\"id\":3,\"firstName\":\"ROBERTO\",\"la…","service":"stargem-manager","timestamp":"2026-05-06 09:44:38"}
{"level":"info","message":"GET /api/instructors 304 in 137ms :: [{\"id\":2336,\"userId\":null,\"firstName\":\"ANT…","service":"stargem-manager","timestamp":"2026-05-06 09:44:38"}
{"level":"info","message":"GET /api/gemstaff/pt 304 in 152ms :: []","service":"stargem-manager","timestamp":"2026-05-06 09:44:38"}
{"level":"info","message":"GET /api/users/presence/active 200 in 390ms :: [{\"id\":\"admin-id\",\"username\":\"ad…","service":"stargem-manager","timestamp":"2026-05-06 09:44:44"}
{"level":"info","message":"GET /api/todos 304 in 184ms :: [{\"id\":1,\"text\":\"Implementare verifica SMS/Whats…","service":"stargem-manager","timestamp":"2026-05-06 09:44:48"}
{"level":"info","message":"GET /api/team-comments 304 in 188ms :: [{\"id\":20,\"authorId\":\"admin-id\",\"authorN…","service":"stargem-manager","timestamp":"2026-05-06 09:44:48"}
{"level":"info","message":"GET /api/gemteam/permessi/pending-count 304 in 144ms :: {\"count\":0}","service":"stargem-manager","timestamp":"2026-05-06 09:44:54"}
{"level":"info","message":"GET /api/todos 304 in 186ms :: [{\"id\":1,\"text\":\"Implementare verifica SMS/Whats…","service":"stargem-manager","timestamp":"2026-05-06 09:44:58"}
{"level":"info","message":"GET /api/team-comments 304 in 189ms :: [{\"id\":20,\"authorId\":\"admin-id\",\"authorN…","service":"stargem-manager","timestamp":"2026-05-06 09:44:58"}
{"level":"info","message":"GET /api/users/presence/active 304 in 399ms :: [{\"id\":\"admin-id\",\"username\":\"ad…","service":"stargem-manager","timestamp":"2026-05-06 09:44:59"}
{"level":"info","message":"GET /api/todos 304 in 185ms :: [{\"id\":1,\"text\":\"Implementare verifica SMS/Whats…","service":"stargem-manager","timestamp":"2026-05-06 09:45:08"}
{"level":"info","message":"GET /api/team-comments 304 in 187ms :: [{\"id\":20,\"authorId\":\"admin-id\",\"authorN…","service":"stargem-manager","timestamp":"2026-05-06 09:45:08"}
{"level":"info","message":"GET /api/users/presence/active 200 in 444ms :: [{\"id\":\"admin-id\",\"username\":\"ad…","service":"stargem-manager","timestamp":"2026-05-06 09:45:15"}
{"level":"info","message":"GET /api/todos 304 in 185ms :: [{\"id\":1,\"text\":\"Implementare verifica SMS/Whats…","service":"stargem-manager","timestamp":"2026-05-06 09:45:18"}
{"level":"info","message":"GET /api/team-comments 304 in 188ms :: [{\"id\":20,\"authorId\":\"admin-id\",\"authorN…","service":"stargem-manager","timestamp":"2026-05-06 09:45:18"}
{"level":"info","message":"GET /api/todos 304 in 183ms :: [{\"id\":1,\"text\":\"Implementare verifica SMS/Whats…","service":"stargem-manager","timestamp":"2026-05-06 09:45:28"}
{"level":"info","message":"GET /api/team-comments 304 in 185ms :: [{\"id\":20,\"authorId\":\"admin-id\",\"authorN…","service":"stargem-manager","timestamp":"2026-05-06 09:45:28"}
{"level":"info","message":"GET /api/users/presence/active 304 in 399ms :: [{\"id\":\"admin-id\",\"username\":\"ad…","service":"stargem-manager","timestamp":"2026-05-06 09:45:30"}
{"level":"info","message":"GET /api/todos 304 in 186ms :: [{\"id\":1,\"text\":\"Implementare verifica SMS/Whats…","service":"stargem-manager","timestamp":"2026-05-06 09:45:38"}
{"level":"info","message":"GET /api/team-comments 304 in 188ms :: [{\"id\":20,\"authorId\":\"admin-id\",\"authorN…","service":"stargem-manager","timestamp":"2026-05-06 09:45:38"}
{"level":"info","message":"GET /api/users/presence/active 304 in 405ms :: [{\"id\":\"admin-id\",\"username\":\"ad…","service":"stargem-manager","timestamp":"2026-05-06 09:45:46"}
{"level":"info","message":"GET /api/todos 304 in 185ms :: [{\"id\":1,\"text\":\"Implementare verifica SMS/Whats…","service":"stargem-manager","timestamp":"2026-05-06 09:45:49"}
{"level":"info","message":"GET /api/team-comments 304 in 185ms :: [{\"id\":20,\"authorId\":\"admin-id\",\"authorN…","service":"stargem-manager","timestamp":"2026-05-06 09:45:49"}
{"level":"info","message":"GET /api/gemteam/permessi/pending-count 304 in 143ms :: {\"count\":0}","service":"stargem-manager","timestamp":"2026-05-06 09:45:55"}
{"level":"info","message":"GET /api/todos 304 in 185ms :: [{\"id\":1,\"text\":\"Implementare verifica SMS/Whats…","service":"stargem-manager","timestamp":"2026-05-06 09:45:59"}
{"level":"info","message":"GET /api/team-comments 304 in 187ms :: [{\"id\":20,\"authorId\":\"admin-id\",\"authorN…","service":"stargem-manager","timestamp":"2026-05-06 09:45:59"}
{"level":"info","message":"Server started. Serving on port 5001","service":"stargem-manager","timestamp":"2026-05-06 09:46:02"}
{"level":"info","message":"POST /api/users/presence/offline 200 in 1126ms :: {\"success\":true}","service":"stargem-manager","timestamp":"2026-05-06 09:46:03"}
{"level":"info","message":"GET /api/user 200 in 95ms :: {\"id\":\"admin-id\",\"username\":\"admin\",\"password\":\"d4…","service":"stargem-manager","timestamp":"2026-05-06 09:46:05"}
{"level":"info","message":"GET /api/gemteam/permessi/pending-count 304 in 120ms :: {\"count\":0}","service":"stargem-manager","timestamp":"2026-05-06 09:46:05"}
{"level":"info","message":"GET /api/activities-summary 304 in 134ms :: {\"corsi\":{\"total\":289,\"active\":289}…","service":"stargem-manager","timestamp":"2026-05-06 09:46:05"}
{"level":"info","message":"GET /api/latest-activity 304 in 126ms :: {\"id\":2658,\"userId\":\"admin-id\",\"action…","service":"stargem-manager","timestamp":"2026-05-06 09:46:05"}
{"level":"info","message":"GET /api/todos 304 in 298ms :: [{\"id\":1,\"text\":\"Implementare verifica SMS/Whats…","service":"stargem-manager","timestamp":"2026-05-06 09:46:05"}
{"level":"info","message":"GET /api/users/presence/active 200 in 408ms :: [{\"id\":\"admin-id\",\"username\":\"ad…","service":"stargem-manager","timestamp":"2026-05-06 09:46:05"}
{"level":"info","message":"GET /api/team-comments 304 in 299ms :: [{\"id\":20,\"authorId\":\"admin-id\",\"authorN…","service":"stargem-manager","timestamp":"2026-05-06 09:46:05"}
{"level":"info","message":"GET /api/team-notes 304 in 305ms :: []","service":"stargem-manager","timestamp":"2026-05-06 09:46:05"}
{"level":"info","message":"POST /api/users/presence/heartbeat 200 in 393ms :: {\"success\":true}","service":"stargem-manager","timestamp":"2026-05-06 09:46:05"}
{"level":"info","message":"GET /api/gemstaff/insegnanti 304 in 102ms :: [{\"id\":3,\"firstName\":\"ROBERTO\",\"la…","service":"stargem-manager","timestamp":"2026-05-06 09:46:05"}
{"level":"info","message":"GET /api/gemstaff/pt 304 in 122ms :: []","service":"stargem-manager","timestamp":"2026-05-06 09:46:05"}
{"level":"info","message":"GET /api/instructors 304 in 122ms :: [{\"id\":2336,\"userId\":null,\"firstName\":\"ANT…","service":"stargem-manager","timestamp":"2026-05-06 09:46:05"}
{"level":"info","message":"GET /api/courses 304 in 136ms :: [{\"id\":852,\"sku\":null,\"name\":\"Corso Storico Im…","service":"stargem-manager","timestamp":"2026-05-06 09:46:05"}
{"level":"info","message":"GET /api/todos 304 in 223ms :: [{\"id\":1,\"text\":\"Implementare verifica SMS/Whats…","service":"stargem-manager","timestamp":"2026-05-06 09:46:15"}
{"level":"info","message":"GET /api/team-comments 304 in 211ms :: [{\"id\":20,\"authorId\":\"admin-id\",\"authorN…","service":"stargem-manager","timestamp":"2026-05-06 09:46:15"}
{"level":"info","message":"GET /api/users/presence/active 200 in 400ms :: [{\"id\":\"admin-id\",\"username\":\"ad…","service":"stargem-manager","timestamp":"2026-05-06 09:46:20"}
{"level":"info","message":"GET /api/todos 304 in 214ms :: [{\"id\":1,\"text\":\"Implementare verifica SMS/Whats…","service":"stargem-manager","timestamp":"2026-05-06 09:46:26"}
{"level":"info","message":"GET /api/team-comments 304 in 228ms :: [{\"id\":20,\"authorId\":\"admin-id\",\"authorN…","service":"stargem-manager","timestamp":"2026-05-06 09:46:26"}
{"level":"info","message":"Server started. Serving on port 5001","service":"stargem-manager","timestamp":"2026-05-06 09:50:27"}
{"level":"info","message":"GET /api/user 200 in 76ms :: {\"id\":\"admin-id\",\"username\":\"admin\",\"password\":\"d4…","service":"stargem-manager","timestamp":"2026-05-06 09:50:43"}
{"level":"info","message":"GET /api/gemteam/permessi/pending-count 304 in 127ms :: {\"count\":0}","service":"stargem-manager","timestamp":"2026-05-06 09:50:43"}
{"level":"info","message":"GET /api/latest-activity 304 in 142ms :: {\"id\":2658,\"userId\":\"admin-id\",\"action…","service":"stargem-manager","timestamp":"2026-05-06 09:50:43"}
{"level":"info","message":"GET /api/activities-summary 304 in 150ms :: {\"corsi\":{\"total\":289,\"active\":289}…","service":"stargem-manager","timestamp":"2026-05-06 09:50:43"}
{"level":"info","message":"GET /api/todos 304 in 286ms :: [{\"id\":1,\"text\":\"Implementare verifica SMS/Whats…","service":"stargem-manager","timestamp":"2026-05-06 09:50:43"}
{"level":"info","message":"POST /api/users/presence/heartbeat 200 in 419ms :: {\"success\":true}","service":"stargem-manager","timestamp":"2026-05-06 09:50:43"}
{"level":"info","message":"GET /api/users/presence/active 200 in 422ms :: [{\"id\":\"admin-id\",\"username\":\"ad…","service":"stargem-manager","timestamp":"2026-05-06 09:50:43"}
{"level":"info","message":"GET /api/team-notes 304 in 311ms :: []","service":"stargem-manager","timestamp":"2026-05-06 09:50:43"}
{"level":"info","message":"GET /api/team-comments 304 in 316ms :: [{\"id\":20,\"authorId\":\"admin-id\",\"authorN…","service":"stargem-manager","timestamp":"2026-05-06 09:50:43"}
{"level":"info","message":"GET /api/user 200 in 73ms :: {\"id\":\"admin-id\",\"username\":\"admin\",\"password\":\"d4…","service":"stargem-manager","timestamp":"2026-05-06 09:51:19"}
{"level":"info","message":"GET /api/gemteam/permessi/pending-count 200 in 99ms :: {\"count\":0}","service":"stargem-manager","timestamp":"2026-05-06 09:51:19"}
{"level":"info","message":"GET /api/latest-activity 200 in 101ms :: {\"id\":2658,\"userId\":\"admin-id\",\"action…","service":"stargem-manager","timestamp":"2026-05-06 09:51:19"}
{"level":"info","message":"GET /api/activities-summary 200 in 122ms :: {\"corsi\":{\"total\":289,\"active\":289}…","service":"stargem-manager","timestamp":"2026-05-06 09:51:20"}
{"level":"info","message":"POST /api/users/presence/heartbeat 200 in 313ms :: {\"success\":true}","service":"stargem-manager","timestamp":"2026-05-06 09:51:20"}
{"level":"info","message":"GET /api/team-notes 200 in 256ms :: []","service":"stargem-manager","timestamp":"2026-05-06 09:51:20"}
{"level":"info","message":"GET /api/users/presence/active 200 in 342ms :: [{\"id\":\"admin-id\",\"username\":\"ad…","service":"stargem-manager","timestamp":"2026-05-06 09:51:20"}
{"level":"info","message":"GET /api/team-comments 200 in 250ms :: [{\"id\":20,\"authorId\":\"admin-id\",\"authorN…","service":"stargem-manager","timestamp":"2026-05-06 09:51:20"}
{"level":"info","message":"GET /api/todos 200 in 253ms :: [{\"id\":1,\"text\":\"Implementare verifica SMS/Whats…","service":"stargem-manager","timestamp":"2026-05-06 09:51:20"}
{"level":"info","message":"GET /api/user 200 in 81ms :: {\"id\":\"admin-id\",\"username\":\"admin\",\"password\":\"d4…","service":"stargem-manager","timestamp":"2026-05-06 09:53:56"}
{"level":"info","message":"GET /api/latest-activity 304 in 90ms :: {\"id\":2658,\"userId\":\"admin-id\",\"action\"…","service":"stargem-manager","timestamp":"2026-05-06 09:53:56"}
{"level":"info","message":"GET /api/activities-summary 304 in 111ms :: {\"corsi\":{\"total\":289,\"active\":289}…","service":"stargem-manager","timestamp":"2026-05-06 09:53:56"}
{"level":"info","message":"GET /api/gemteam/permessi/pending-count 304 in 272ms :: {\"count\":0}","service":"stargem-manager","timestamp":"2026-05-06 09:53:56"}
{"level":"info","message":"GET /api/users/presence/active 200 in 331ms :: [{\"id\":\"admin-id\",\"username\":\"ad…","service":"stargem-manager","timestamp":"2026-05-06 09:53:56"}
{"level":"info","message":"GET /api/todos 304 in 269ms :: [{\"id\":1,\"text\":\"Implementare verifica SMS/Whats…","service":"stargem-manager","timestamp":"2026-05-06 09:53:56"}
{"level":"info","message":"POST /api/users/presence/heartbeat 200 in 348ms :: {\"success\":true}","service":"stargem-manager","timestamp":"2026-05-06 09:53:56"}
{"level":"info","message":"GET /api/team-notes 304 in 259ms :: []","service":"stargem-manager","timestamp":"2026-05-06 09:53:56"}
{"level":"info","message":"GET /api/team-comments 304 in 267ms :: [{\"id\":20,\"authorId\":\"admin-id\",\"authorN…","service":"stargem-manager","timestamp":"2026-05-06 09:53:56"}
{"level":"info","message":"GET /api/team-notes 304 in 101ms :: []","service":"stargem-manager","timestamp":"2026-05-06 09:55:48"}
{"level":"info","message":"GET /api/gemstaff/insegnanti 304 in 117ms :: [{\"id\":3,\"firstName\":\"ROBERTO\",\"la…","service":"stargem-manager","timestamp":"2026-05-06 09:55:48"}
{"level":"info","message":"GET /api/instructors 304 in 123ms :: [{\"id\":2336,\"userId\":null,\"firstName\":\"ANT…","service":"stargem-manager","timestamp":"2026-05-06 09:55:48"}
{"level":"info","message":"GET /api/gemstaff/pt 304 in 127ms :: []","service":"stargem-manager","timestamp":"2026-05-06 09:55:48"}
{"level":"info","message":"GET /api/courses 304 in 143ms :: [{\"id\":852,\"sku\":null,\"name\":\"Corso Storico Im…","service":"stargem-manager","timestamp":"2026-05-06 09:55:48"}
{"level":"info","message":"POST /api/users/presence/heartbeat 200 in 212ms :: {\"success\":true}","service":"stargem-manager","timestamp":"2026-05-06 09:55:49"}
{"level":"info","message":"GET /api/todos 304 in 169ms :: [{\"id\":1,\"text\":\"Implementare verifica SMS/Whats…","service":"stargem-manager","timestamp":"2026-05-06 10:56:19"}
{"level":"info","message":"GET /api/gemteam/permessi/pending-count 304 in 172ms :: {\"count\":0}","service":"stargem-manager","timestamp":"2026-05-06 10:56:19"}
{"level":"info","message":"GET /api/team-comments 304 in 185ms :: [{\"id\":20,\"authorId\":\"admin-id\",\"authorN…","service":"stargem-manager","timestamp":"2026-05-06 10:56:19"}
{"level":"info","message":"GET /api/users/presence/active 200 in 439ms :: [{\"id\":\"admin-id\",\"username\":\"ad…","service":"stargem-manager","timestamp":"2026-05-06 10:56:19"}
{"level":"info","message":"POST /api/users/presence/heartbeat 200 in 335ms :: {\"success\":true}","service":"stargem-manager","timestamp":"2026-05-06 10:56:19"}
{"level":"info","message":"GET /api/user 200 in 73ms :: {\"id\":\"admin-id\",\"username\":\"admin\",\"password\":\"d4…","service":"stargem-manager","timestamp":"2026-05-06 10:56:22"}
{"level":"info","message":"GET /api/latest-activity 304 in 102ms :: {\"id\":2658,\"userId\":\"admin-id\",\"action…","service":"stargem-manager","timestamp":"2026-05-06 10:56:22"}
{"level":"info","message":"GET /api/activities-summary 304 in 120ms :: {\"corsi\":{\"total\":289,\"active\":289}…","service":"stargem-manager","timestamp":"2026-05-06 10:56:22"}
{"level":"info","message":"GET /api/gemteam/permessi/pending-count 304 in 268ms :: {\"count\":0}","service":"stargem-manager","timestamp":"2026-05-06 10:56:22"}
{"level":"info","message":"GET /api/users/presence/active 200 in 331ms :: [{\"id\":\"admin-id\",\"username\":\"ad…","service":"stargem-manager","timestamp":"2026-05-06 10:56:22"}
{"level":"info","message":"GET /api/todos 304 in 259ms :: [{\"id\":1,\"text\":\"Implementare verifica SMS/Whats…","service":"stargem-manager","timestamp":"2026-05-06 10:56:22"}
{"level":"info","message":"GET /api/team-comments 304 in 268ms :: [{\"id\":20,\"authorId\":\"admin-id\",\"authorN…","service":"stargem-manager","timestamp":"2026-05-06 10:56:22"}
{"level":"info","message":"GET /api/team-notes 304 in 269ms :: []","service":"stargem-manager","timestamp":"2026-05-06 10:56:23"}
{"level":"info","message":"POST /api/users/presence/heartbeat 200 in 334ms :: {\"success\":true}","service":"stargem-manager","timestamp":"2026-05-06 10:56:23"}
{"level":"info","message":"GET /api/gemstaff/insegnanti 304 in 95ms :: [{\"id\":3,\"firstName\":\"ROBERTO\",\"las…","service":"stargem-manager","timestamp":"2026-05-06 10:56:23"}
{"level":"info","message":"GET /api/gemstaff/pt 304 in 94ms :: []","service":"stargem-manager","timestamp":"2026-05-06 10:56:23"}
{"level":"info","message":"GET /api/instructors 304 in 108ms :: [{\"id\":2336,\"userId\":null,\"firstName\":\"ANT…","service":"stargem-manager","timestamp":"2026-05-06 10:56:23"}
{"level":"info","message":"GET /api/courses 304 in 139ms :: [{\"id\":852,\"sku\":null,\"name\":\"Corso Storico Im…","service":"stargem-manager","timestamp":"2026-05-06 10:56:23"}
{"level":"info","message":"GET /api/todos 304 in 152ms :: [{\"id\":1,\"text\":\"Implementare verifica SMS/Whats…","service":"stargem-manager","timestamp":"2026-05-06 10:56:33"}
{"level":"info","message":"GET /api/team-comments 304 in 154ms :: [{\"id\":20,\"authorId\":\"admin-id\",\"authorN…","service":"stargem-manager","timestamp":"2026-05-06 10:56:33"}
{"level":"info","message":"GET /api/users/presence/active 200 in 358ms :: [{\"id\":\"admin-id\",\"username\":\"ad…","service":"stargem-manager","timestamp":"2026-05-06 10:56:38"}
{"level":"info","message":"GET /api/todos 304 in 152ms :: [{\"id\":1,\"text\":\"Implementare verifica SMS/Whats…","service":"stargem-manager","timestamp":"2026-05-06 10:56:43"}
{"level":"info","message":"GET /api/team-comments 304 in 153ms :: [{\"id\":20,\"authorId\":\"admin-id\",\"authorN…","service":"stargem-manager","timestamp":"2026-05-06 10:56:43"}
{"level":"info","message":"POST /api/users/presence/heartbeat 200 in 184ms :: {\"success\":true}","service":"stargem-manager","timestamp":"2026-05-06 10:56:52"}
{"level":"info","message":"GET /api/todos 304 in 98ms :: [{\"id\":1,\"text\":\"Implementare verifica SMS/WhatsA…","service":"stargem-manager","timestamp":"2026-05-06 10:56:53"}
{"level":"info","message":"GET /api/team-comments 304 in 128ms :: [{\"id\":20,\"authorId\":\"admin-id\",\"authorN…","service":"stargem-manager","timestamp":"2026-05-06 10:56:53"}
{"level":"info","message":"GET /api/users/presence/active 200 in 354ms :: [{\"id\":\"admin-id\",\"username\":\"ad…","service":"stargem-manager","timestamp":"2026-05-06 10:56:53"}
{"level":"info","message":"GET /api/todos 304 in 154ms :: [{\"id\":1,\"text\":\"Implementare verifica SMS/Whats…","service":"stargem-manager","timestamp":"2026-05-06 10:57:03"}
{"level":"info","message":"GET /api/team-comments 304 in 125ms :: [{\"id\":20,\"authorId\":\"admin-id\",\"authorN…","service":"stargem-manager","timestamp":"2026-05-06 10:57:03"}
{"level":"info","message":"GET /api/users/presence/active 304 in 410ms :: [{\"id\":\"admin-id\",\"username\":\"ad…","service":"stargem-manager","timestamp":"2026-05-06 10:57:09"}
{"level":"info","message":"GET /api/todos 304 in 153ms :: [{\"id\":1,\"text\":\"Implementare verifica SMS/Whats…","service":"stargem-manager","timestamp":"2026-05-06 10:57:13"}
{"level":"info","message":"GET /api/team-comments 304 in 153ms :: [{\"id\":20,\"authorId\":\"admin-id\",\"authorN…","service":"stargem-manager","timestamp":"2026-05-06 10:57:13"}
{"level":"info","message":"GET /api/gemteam/permessi/pending-count 304 in 134ms :: {\"count\":0}","service":"stargem-manager","timestamp":"2026-05-06 10:57:23"}
{"level":"info","message":"GET /api/todos 304 in 140ms :: [{\"id\":1,\"text\":\"Implementare verifica SMS/Whats…","service":"stargem-manager","timestamp":"2026-05-06 10:57:23"}
{"level":"info","message":"GET /api/team-comments 304 in 141ms :: [{\"id\":20,\"authorId\":\"admin-id\",\"authorN…","service":"stargem-manager","timestamp":"2026-05-06 10:57:23"}
{"level":"info","message":"GET /api/users/presence/active 304 in 314ms :: [{\"id\":\"admin-id\",\"username\":\"ad…","service":"stargem-manager","timestamp":"2026-05-06 10:57:24"}
{"level":"info","message":"GET /api/todos 304 in 153ms :: [{\"id\":1,\"text\":\"Implementare verifica SMS/Whats…","service":"stargem-manager","timestamp":"2026-05-06 10:57:34"}
{"level":"info","message":"GET /api/team-comments 304 in 151ms :: [{\"id\":20,\"authorId\":\"admin-id\",\"authorN…","service":"stargem-manager","timestamp":"2026-05-06 10:57:34"}
{"level":"info","message":"POST /api/users/presence/heartbeat 200 in 188ms :: {\"success\":true}","service":"stargem-manager","timestamp":"2026-05-06 10:57:38"}
{"level":"info","message":"GET /api/users/presence/active 200 in 331ms :: [{\"id\":\"admin-id\",\"username\":\"ad…","service":"stargem-manager","timestamp":"2026-05-06 10:57:39"}
{"level":"info","message":"GET /api/team-notes 304 in 285ms :: []","service":"stargem-manager","timestamp":"2026-05-06 10:57:42"}
{"level":"info","message":"GET /api/client-categories 200 in 84ms","service":"stargem-manager","timestamp":"2026-05-06 10:57:42"}
{"level":"info","message":"GET /api/participant-types 500 in 108ms :: {\"message\":\"Failed to fetch particip…","service":"stargem-manager","timestamp":"2026-05-06 10:57:42"}
{"level":"info","message":"GET /api/payments 304 in 122ms :: []","service":"stargem-manager","timestamp":"2026-05-06 10:57:42"}
{"level":"info","message":"GET /api/enrollments 304 in 124ms :: []","service":"stargem-manager","timestamp":"2026-05-06 10:57:42"}
{"level":"info","message":"GET /api/members 304 in 135ms :: {\"members\":[{\"id\":14178,\"firstName\":\"BOT\",\"las…","service":"stargem-manager","timestamp":"2026-05-06 10:57:42"}
{"level":"info","message":"GET /api/members 304 in 148ms :: {\"members\":[{\"id\":14178,\"firstName\":\"BOT\",\"las…","service":"stargem-manager","timestamp":"2026-05-06 10:57:42"}
{"level":"info","message":"GET /api/subscription-types 500 in 119ms :: {\"message\":\"Failed to fetch subscri…","service":"stargem-manager","timestamp":"2026-05-06 10:57:42"}
{"level":"info","message":"GET /api/members/counts-by-type 304 in 136ms :: {\"partecipanti\":\"0\",\"staff\":\"70…","service":"stargem-manager","timestamp":"2026-05-06 10:57:42"}
{"level":"info","message":"GET /api/members/duplicates 304 in 147ms :: []","service":"stargem-manager","timestamp":"2026-05-06 10:57:42"}
{"level":"info","message":"GET /api/members/missing-data 304 in 175ms :: {\"missingFiscalCode\":75,\"missingE…","service":"stargem-manager","timestamp":"2026-05-06 10:57:42"}
{"level":"info","message":"GET /api/todos 304 in 152ms :: [{\"id\":1,\"text\":\"Implementare verifica SMS/Whats…","service":"stargem-manager","timestamp":"2026-05-06 10:57:44"}
{"level":"info","message":"GET /api/team-comments 304 in 150ms :: [{\"id\":20,\"authorId\":\"admin-id\",\"authorN…","service":"stargem-manager","timestamp":"2026-05-06 10:57:44"}
{"level":"info","message":"GET /api/todos 304 in 152ms :: [{\"id\":1,\"text\":\"Implementare verifica SMS/Whats…","service":"stargem-manager","timestamp":"2026-05-06 10:57:54"}
{"level":"info","message":"GET /api/team-comments 304 in 154ms :: [{\"id\":20,\"authorId\":\"admin-id\",\"authorN…","service":"stargem-manager","timestamp":"2026-05-06 10:57:54"}
{"level":"info","message":"GET /api/users/presence/active 200 in 326ms :: [{\"id\":\"admin-id\",\"username\":\"ad…","service":"stargem-manager","timestamp":"2026-05-06 10:57:55"}
{"level":"info","message":"GET /api/todos 304 in 154ms :: [{\"id\":1,\"text\":\"Implementare verifica SMS/Whats…","service":"stargem-manager","timestamp":"2026-05-06 10:58:04"}
{"level":"info","message":"GET /api/team-comments 304 in 160ms :: [{\"id\":20,\"authorId\":\"admin-id\",\"authorN…","service":"stargem-manager","timestamp":"2026-05-06 10:58:04"}
{"level":"info","message":"GET /api/users/presence/active 304 in 426ms :: [{\"id\":\"admin-id\",\"username\":\"ad…","service":"stargem-manager","timestamp":"2026-05-06 10:58:10"}
{"level":"info","message":"GET /api/todos 304 in 152ms :: [{\"id\":1,\"text\":\"Implementare verifica SMS/Whats…","service":"stargem-manager","timestamp":"2026-05-06 10:58:14"}
{"level":"info","message":"GET /api/team-comments 304 in 153ms :: [{\"id\":20,\"authorId\":\"admin-id\",\"authorN…","service":"stargem-manager","timestamp":"2026-05-06 10:58:14"}
{"level":"info","message":"GET /api/gemteam/permessi/pending-count 304 in 128ms :: {\"count\":0}","service":"stargem-manager","timestamp":"2026-05-06 10:58:23"}
{"level":"info","message":"GET /api/todos 304 in 152ms :: [{\"id\":1,\"text\":\"Implementare verifica SMS/Whats…","service":"stargem-manager","timestamp":"2026-05-06 10:58:24"}
{"level":"info","message":"GET /api/team-comments 304 in 152ms :: [{\"id\":20,\"authorId\":\"admin-id\",\"authorN…","service":"stargem-manager","timestamp":"2026-05-06 10:58:24"}
{"level":"info","message":"GET /api/users/presence/active 304 in 336ms :: [{\"id\":\"admin-id\",\"username\":\"ad…","service":"stargem-manager","timestamp":"2026-05-06 10:58:25"}
{"level":"info","message":"GET /api/todos 304 in 152ms :: [{\"id\":1,\"text\":\"Implementare verifica SMS/Whats…","service":"stargem-manager","timestamp":"2026-05-06 10:58:34"}
{"level":"info","message":"GET /api/team-comments 304 in 153ms :: [{\"id\":20,\"authorId\":\"admin-id\",\"authorN…","service":"stargem-manager","timestamp":"2026-05-06 10:58:34"}
{"level":"info","message":"GET /api/users/presence/active 304 in 361ms :: [{\"id\":\"admin-id\",\"username\":\"ad…","service":"stargem-manager","timestamp":"2026-05-06 10:58:41"}
{"level":"info","message":"GET /api/todos 304 in 153ms :: [{\"id\":1,\"text\":\"Implementare verifica SMS/Whats…","service":"stargem-manager","timestamp":"2026-05-06 10:58:45"}
{"level":"info","message":"GET /api/team-comments 304 in 152ms :: [{\"id\":20,\"authorId\":\"admin-id\",\"authorN…","service":"stargem-manager","timestamp":"2026-05-06 10:58:45"}
{"level":"info","message":"POST /api/users/presence/heartbeat 200 in 187ms :: {\"success\":true}","service":"stargem-manager","timestamp":"2026-05-06 10:58:52"}
{"level":"info","message":"GET /api/todos 304 in 153ms :: [{\"id\":1,\"text\":\"Implementare verifica SMS/Whats…","service":"stargem-manager","timestamp":"2026-05-06 10:58:55"}
{"level":"info","message":"GET /api/team-comments 304 in 154ms :: [{\"id\":20,\"authorId\":\"admin-id\",\"authorN…","service":"stargem-manager","timestamp":"2026-05-06 10:58:55"}
{"level":"info","message":"GET /api/users/presence/active 200 in 429ms :: [{\"id\":\"admin-id\",\"username\":\"ad…","service":"stargem-manager","timestamp":"2026-05-06 10:58:56"}
{"level":"info","message":"GET /api/todos 304 in 153ms :: [{\"id\":1,\"text\":\"Implementare verifica SMS/Whats…","service":"stargem-manager","timestamp":"2026-05-06 10:59:05"}
{"level":"info","message":"GET /api/team-comments 304 in 153ms :: [{\"id\":20,\"authorId\":\"admin-id\",\"authorN…","service":"stargem-manager","timestamp":"2026-05-06 10:59:05"}
{"level":"info","message":"GET /api/users/presence/active 304 in 383ms :: [{\"id\":\"admin-id\",\"username\":\"ad…","service":"stargem-manager","timestamp":"2026-05-06 10:59:12"}
{"level":"info","message":"GET /api/todos 304 in 157ms :: [{\"id\":1,\"text\":\"Implementare verifica SMS/Whats…","service":"stargem-manager","timestamp":"2026-05-06 10:59:15"}
{"level":"info","message":"GET /api/team-comments 304 in 155ms :: [{\"id\":20,\"authorId\":\"admin-id\",\"authorN…","service":"stargem-manager","timestamp":"2026-05-06 10:59:15"}
{"level":"info","message":"GET /api/gemteam/permessi/pending-count 304 in 128ms :: {\"count\":0}","service":"stargem-manager","timestamp":"2026-05-06 10:59:23"}
{"level":"info","message":"GET /api/todos 304 in 200ms :: [{\"id\":1,\"text\":\"Implementare verifica SMS/Whats…","service":"stargem-manager","timestamp":"2026-05-06 10:59:25"}
{"level":"info","message":"GET /api/team-comments 304 in 184ms :: [{\"id\":20,\"authorId\":\"admin-id\",\"authorN…","service":"stargem-manager","timestamp":"2026-05-06 10:59:25"}
{"level":"info","message":"GET /api/users/presence/active 200 in 396ms :: [{\"id\":\"admin-id\",\"username\":\"ad…","service":"stargem-manager","timestamp":"2026-05-06 10:59:27"}
{"level":"info","message":"GET /api/todos 304 in 165ms :: [{\"id\":1,\"text\":\"Implementare verifica SMS/Whats…","service":"stargem-manager","timestamp":"2026-05-06 10:59:35"}
{"level":"info","message":"GET /api/team-comments 304 in 165ms :: [{\"id\":20,\"authorId\":\"admin-id\",\"authorN…","service":"stargem-manager","timestamp":"2026-05-06 10:59:35"}
{"level":"info","message":"POST /api/users/presence/heartbeat 200 in 162ms :: {\"success\":true}","service":"stargem-manager","timestamp":"2026-05-06 10:59:36"}
{"level":"info","message":"GET /api/team-notes 304 in 296ms :: []","service":"stargem-manager","timestamp":"2026-05-06 10:59:40"}
{"level":"info","message":"GET /api/gemteam/report/lock/2026/04 200 in 131ms","service":"stargem-manager","timestamp":"2026-05-06 10:59:40"}
{"level":"info","message":"GET /api/gemteam/turni/eventi-giorno 304 in 157ms :: []","service":"stargem-manager","timestamp":"2026-05-06 10:59:40"}
{"level":"info","message":"GET /api/gemteam/turni/scheduled 304 in 159ms :: []","service":"stargem-manager","timestamp":"2026-05-06 10:59:40"}
{"level":"info","message":"GET /api/gemteam/turni/week-assignment 304 in 170ms :: {\"settimana\":\"A\",\"weekSt…","service":"stargem-manager","timestamp":"2026-05-06 10:59:40"}
{"level":"info","message":"GET /api/gemteam/postazioni 304 in 171ms :: [{\"id\":1,\"nome\":\"AMM.ZIONE\",\"contaO…","service":"stargem-manager","timestamp":"2026-05-06 10:59:40"}
{"level":"info","message":"GET /api/gemteam/turni 304 in 142ms :: []","service":"stargem-manager","timestamp":"2026-05-06 10:59:40"}
{"level":"info","message":"GET /api/gemteam/dipendenti 200 in 289ms :: [{\"id\":1,\"memberId\":9556,\"userId\":\"…","service":"stargem-manager","timestamp":"2026-05-06 10:59:40"}
{"level":"info","message":"GET /api/gemteam/presenze/2026/04 304 in 173ms :: []","service":"stargem-manager","timestamp":"2026-05-06 10:59:40"}
{"level":"info","message":"GET /api/gemteam/checkin/oggi 304 in 193ms :: [{\"employeeId\":15,\"firstName\":\"AD…","service":"stargem-manager","timestamp":"2026-05-06 10:59:40"}
{"level":"info","message":"GET /api/users/presence/active 200 in 385ms :: [{\"id\":\"admin-id\",\"username\":\"ad…","service":"stargem-manager","timestamp":"2026-05-06 10:59:42"}
{"level":"info","message":"GET /api/team-notes 304 in 129ms :: []","service":"stargem-manager","timestamp":"2026-05-06 10:59:44"}
{"level":"info","message":"GET /api/todos 304 in 165ms :: [{\"id\":1,\"text\":\"Implementare verifica SMS/Whats…","service":"stargem-manager","timestamp":"2026-05-06 10:59:46"}
{"level":"info","message":"GET /api/team-comments 304 in 166ms :: [{\"id\":20,\"authorId\":\"admin-id\",\"authorN…","service":"stargem-manager","timestamp":"2026-05-06 10:59:46"}
{"level":"info","message":"GET /api/todos 304 in 167ms :: [{\"id\":1,\"text\":\"Implementare verifica SMS/Whats…","service":"stargem-manager","timestamp":"2026-05-06 10:59:56"}
{"level":"info","message":"GET /api/team-comments 304 in 172ms :: [{\"id\":20,\"authorId\":\"admin-id\",\"authorN…","service":"stargem-manager","timestamp":"2026-05-06 10:59:56"}
{"level":"info","message":"GET /api/users/presence/active 304 in 368ms :: [{\"id\":\"admin-id\",\"username\":\"ad…","service":"stargem-manager","timestamp":"2026-05-06 10:59:58"}
{"level":"info","message":"GET /api/todos 304 in 163ms :: [{\"id\":1,\"text\":\"Implementare verifica SMS/Whats…","service":"stargem-manager","timestamp":"2026-05-06 11:00:06"}
{"level":"info","message":"GET /api/team-comments 304 in 164ms :: [{\"id\":20,\"authorId\":\"admin-id\",\"authorN…","service":"stargem-manager","timestamp":"2026-05-06 11:00:06"}
{"level":"info","message":"GET /api/users/presence/active 200 in 379ms :: [{\"id\":\"admin-id\",\"username\":\"ad…","service":"stargem-manager","timestamp":"2026-05-06 11:00:13"}
{"level":"info","message":"GET /api/todos 304 in 166ms :: [{\"id\":1,\"text\":\"Implementare verifica SMS/Whats…","service":"stargem-manager","timestamp":"2026-05-06 11:00:16"}
{"level":"info","message":"GET /api/team-comments 304 in 167ms :: [{\"id\":20,\"authorId\":\"admin-id\",\"authorN…","service":"stargem-manager","timestamp":"2026-05-06 11:00:16"}
{"level":"info","message":"GET /api/gemteam/permessi/pending-count 304 in 128ms :: {\"count\":0}","service":"stargem-manager","timestamp":"2026-05-06 11:00:23"}
{"level":"info","message":"GET /api/todos 304 in 166ms :: [{\"id\":1,\"text\":\"Implementare verifica SMS/Whats…","service":"stargem-manager","timestamp":"2026-05-06 11:00:26"}
{"level":"info","message":"GET /api/team-comments 304 in 167ms :: [{\"id\":20,\"authorId\":\"admin-id\",\"authorN…","service":"stargem-manager","timestamp":"2026-05-06 11:00:26"}
{"level":"info","message":"GET /api/users/presence/active 304 in 430ms :: [{\"id\":\"admin-id\",\"username\":\"ad…","service":"stargem-manager","timestamp":"2026-05-06 11:00:29"}
{"level":"info","message":"GET /api/todos 304 in 165ms :: [{\"id\":1,\"text\":\"Implementare verifica SMS/Whats…","service":"stargem-manager","timestamp":"2026-05-06 11:00:36"}
{"level":"info","message":"GET /api/team-comments 304 in 165ms :: [{\"id\":20,\"authorId\":\"admin-id\",\"authorN…","service":"stargem-manager","timestamp":"2026-05-06 11:00:37"}
{"level":"info","message":"GET /api/users/presence/active 304 in 431ms :: [{\"id\":\"admin-id\",\"username\":\"ad…","service":"stargem-manager","timestamp":"2026-05-06 11:00:44"}
{"level":"info","message":"GET /api/todos 304 in 166ms :: [{\"id\":1,\"text\":\"Implementare verifica SMS/Whats…","service":"stargem-manager","timestamp":"2026-05-06 11:00:47"}
{"level":"info","message":"GET /api/team-comments 304 in 166ms :: [{\"id\":20,\"authorId\":\"admin-id\",\"authorN…","service":"stargem-manager","timestamp":"2026-05-06 11:00:47"}
{"level":"info","message":"POST /api/users/presence/heartbeat 200 in 190ms :: {\"success\":true}","service":"stargem-manager","timestamp":"2026-05-06 11:00:54"}
{"level":"info","message":"GET /api/todos 304 in 165ms :: [{\"id\":1,\"text\":\"Implementare verifica SMS/Whats…","service":"stargem-manager","timestamp":"2026-05-06 11:00:57"}
{"level":"info","message":"GET /api/team-comments 304 in 165ms :: [{\"id\":20,\"authorId\":\"admin-id\",\"authorN…","service":"stargem-manager","timestamp":"2026-05-06 11:00:57"}
{"level":"info","message":"GET /api/gemteam/report/lock/2026/04 200 in 99ms","service":"stargem-manager","timestamp":"2026-05-06 11:00:57"}
{"level":"info","message":"GET /api/gemteam/turni/eventi-giorno 304 in 113ms :: []","service":"stargem-manager","timestamp":"2026-05-06 11:00:57"}
{"level":"info","message":"GET /api/gemteam/turni/week-assignment 304 in 126ms :: {\"settimana\":\"A\",\"weekSt…","service":"stargem-manager","timestamp":"2026-05-06 11:00:57"}
{"level":"info","message":"GET /api/gemteam/turni/scheduled 304 in 128ms :: []","service":"stargem-manager","timestamp":"2026-05-06 11:00:57"}
{"level":"info","message":"GET /api/team-notes 304 in 130ms :: []","service":"stargem-manager","timestamp":"2026-05-06 11:00:57"}
{"level":"info","message":"GET /api/gemteam/postazioni 304 in 139ms :: [{\"id\":1,\"nome\":\"AMM.ZIONE\",\"contaO…","service":"stargem-manager","timestamp":"2026-05-06 11:00:57"}
{"level":"info","message":"GET /api/gemteam/turni 304 in 94ms :: []","service":"stargem-manager","timestamp":"2026-05-06 11:00:57"}
{"level":"info","message":"GET /api/users/presence/active 200 in 378ms :: [{\"id\":\"admin-id\",\"username\":\"ad…","service":"stargem-manager","timestamp":"2026-05-06 11:00:59"}
{"level":"info","message":"GET /api/todos 304 in 167ms :: [{\"id\":1,\"text\":\"Implementare verifica SMS/Whats…","service":"stargem-manager","timestamp":"2026-05-06 11:01:07"}
{"level":"info","message":"GET /api/team-comments 304 in 170ms :: [{\"id\":20,\"authorId\":\"admin-id\",\"authorN…","service":"stargem-manager","timestamp":"2026-05-06 11:01:07"}
{"level":"info","message":"GET /api/users/presence/active 200 in 540ms :: [{\"id\":\"admin-id\",\"username\":\"ad…","service":"stargem-manager","timestamp":"2026-05-06 11:01:15"}
{"level":"info","message":"GET /api/todos 304 in 165ms :: [{\"id\":1,\"text\":\"Implementare verifica SMS/Whats…","service":"stargem-manager","timestamp":"2026-05-06 11:01:17"}
{"level":"info","message":"GET /api/team-comments 304 in 166ms :: [{\"id\":20,\"authorId\":\"admin-id\",\"authorN…","service":"stargem-manager","timestamp":"2026-05-06 11:01:17"}
{"level":"info","message":"GET /api/gemteam/permessi/pending-count 304 in 127ms :: {\"count\":0}","service":"stargem-manager","timestamp":"2026-05-06 11:01:23"}
{"level":"info","message":"GET /api/todos 304 in 166ms :: [{\"id\":1,\"text\":\"Implementare verifica SMS/Whats…","service":"stargem-manager","timestamp":"2026-05-06 11:01:27"}
{"level":"info","message":"GET /api/team-comments 304 in 166ms :: [{\"id\":20,\"authorId\":\"admin-id\",\"authorN…","service":"stargem-manager","timestamp":"2026-05-06 11:01:27"}
{"level":"info","message":"GET /api/users/presence/active 304 in 378ms :: [{\"id\":\"admin-id\",\"username\":\"ad…","service":"stargem-manager","timestamp":"2026-05-06 11:01:30"}
{"level":"info","message":"GET /api/todos 304 in 165ms :: [{\"id\":1,\"text\":\"Implementare verifica SMS/Whats…","service":"stargem-manager","timestamp":"2026-05-06 11:01:38"}
{"level":"info","message":"GET /api/team-comments 304 in 167ms :: [{\"id\":20,\"authorId\":\"admin-id\",\"authorN…","service":"stargem-manager","timestamp":"2026-05-06 11:01:38"}
{"level":"info","message":"GET /api/users/presence/active 304 in 387ms :: [{\"id\":\"admin-id\",\"username\":\"ad…","service":"stargem-manager","timestamp":"2026-05-06 11:01:46"}
{"level":"info","message":"GET /api/todos 304 in 166ms :: [{\"id\":1,\"text\":\"Implementare verifica SMS/Whats…","service":"stargem-manager","timestamp":"2026-05-06 11:01:48"}
{"level":"info","message":"GET /api/team-comments 304 in 166ms :: [{\"id\":20,\"authorId\":\"admin-id\",\"authorN…","service":"stargem-manager","timestamp":"2026-05-06 11:01:48"}
{"level":"info","message":"GET /api/gemteam/checkin/oggi 304 in 179ms :: [{\"employeeId\":15,\"firstName\":\"AD…","service":"stargem-manager","timestamp":"2026-05-06 11:01:57"}
{"level":"info","message":"GET /api/todos 304 in 126ms :: [{\"id\":1,\"text\":\"Implementare verifica SMS/Whats…","service":"stargem-manager","timestamp":"2026-05-06 11:01:58"}
{"level":"info","message":"GET /api/team-comments 304 in 125ms :: [{\"id\":20,\"authorId\":\"admin-id\",\"authorN…","service":"stargem-manager","timestamp":"2026-05-06 11:01:58"}
{"level":"info","message":"GET /api/users/presence/active 304 in 377ms :: [{\"id\":\"admin-id\",\"username\":\"ad…","service":"stargem-manager","timestamp":"2026-05-06 11:02:01"}
{"level":"info","message":"GET /api/todos 304 in 166ms :: [{\"id\":1,\"text\":\"Implementare verifica SMS/Whats…","service":"stargem-manager","timestamp":"2026-05-06 11:02:08"}
{"level":"info","message":"GET /api/team-comments 304 in 168ms :: [{\"id\":20,\"authorId\":\"admin-id\",\"authorN…","service":"stargem-manager","timestamp":"2026-05-06 11:02:08"}
{"level":"info","message":"GET /api/users/presence/active 200 in 388ms :: [{\"id\":\"admin-id\",\"username\":\"ad…","service":"stargem-manager","timestamp":"2026-05-06 11:02:17"}
{"level":"info","message":"GET /api/todos 304 in 165ms :: [{\"id\":1,\"text\":\"Implementare verifica SMS/Whats…","service":"stargem-manager","timestamp":"2026-05-06 11:02:18"}
{"level":"info","message":"GET /api/team-comments 304 in 167ms :: [{\"id\":20,\"authorId\":\"admin-id\",\"authorN…","service":"stargem-manager","timestamp":"2026-05-06 11:02:18"}
{"level":"info","message":"GET /api/gemteam/permessi/pending-count 304 in 127ms :: {\"count\":0}","service":"stargem-manager","timestamp":"2026-05-06 11:02:23"}
{"level":"info","message":"GET /api/todos 304 in 166ms :: [{\"id\":1,\"text\":\"Implementare verifica SMS/Whats…","service":"stargem-manager","timestamp":"2026-05-06 11:02:28"}
{"level":"info","message":"GET /api/team-comments 304 in 168ms :: [{\"id\":20,\"authorId\":\"admin-id\",\"authorN…","service":"stargem-manager","timestamp":"2026-05-06 11:02:28"}
{"level":"info","message":"GET /api/users/presence/active 304 in 436ms :: [{\"id\":\"admin-id\",\"username\":\"ad…","service":"stargem-manager","timestamp":"2026-05-06 11:02:32"}
{"level":"info","message":"GET /api/todos 304 in 165ms :: [{\"id\":1,\"text\":\"Implementare verifica SMS/Whats…","service":"stargem-manager","timestamp":"2026-05-06 11:02:38"}
{"level":"info","message":"GET /api/team-comments 304 in 166ms :: [{\"id\":20,\"authorId\":\"admin-id\",\"authorN…","service":"stargem-manager","timestamp":"2026-05-06 11:02:39"}
{"level":"info","message":"GET /api/users/presence/active 304 in 388ms :: [{\"id\":\"admin-id\",\"username\":\"ad…","service":"stargem-manager","timestamp":"2026-05-06 11:02:47"}
{"level":"info","message":"GET /api/todos 304 in 165ms :: [{\"id\":1,\"text\":\"Implementare verifica SMS/Whats…","service":"stargem-manager","timestamp":"2026-05-06 11:02:49"}
{"level":"info","message":"GET /api/team-comments 304 in 167ms :: [{\"id\":20,\"authorId\":\"admin-id\",\"authorN…","service":"stargem-manager","timestamp":"2026-05-06 11:02:49"}
{"level":"info","message":"GET /api/gemteam/checkin/oggi 304 in 176ms :: [{\"employeeId\":15,\"firstName\":\"AD…","service":"stargem-manager","timestamp":"2026-05-06 11:02:57"}
{"level":"info","message":"GET /api/todos 304 in 165ms :: [{\"id\":1,\"text\":\"Implementare verifica SMS/Whats…","service":"stargem-manager","timestamp":"2026-05-06 11:02:59"}
{"level":"info","message":"GET /api/team-comments 304 in 169ms :: [{\"id\":20,\"authorId\":\"admin-id\",\"authorN…","service":"stargem-manager","timestamp":"2026-05-06 11:02:59"}
{"level":"info","message":"GET /api/users/presence/active 304 in 374ms :: [{\"id\":\"admin-id\",\"username\":\"ad…","service":"stargem-manager","timestamp":"2026-05-06 11:03:03"}
{"level":"info","message":"GET /api/todos 304 in 165ms :: [{\"id\":1,\"text\":\"Implementare verifica SMS/Whats…","service":"stargem-manager","timestamp":"2026-05-06 11:03:09"}
{"level":"info","message":"GET /api/team-comments 304 in 168ms :: [{\"id\":20,\"authorId\":\"admin-id\",\"authorN…","service":"stargem-manager","timestamp":"2026-05-06 11:03:09"}
{"level":"info","message":"GET /api/users/presence/active 200 in 610ms :: [{\"id\":\"admin-id\",\"username\":\"ad…","service":"stargem-manager","timestamp":"2026-05-06 11:03:18"}
{"level":"info","message":"GET /api/todos 304 in 138ms :: [{\"id\":1,\"text\":\"Implementare verifica SMS/Whats…","service":"stargem-manager","timestamp":"2026-05-06 11:03:19"}
{"level":"info","message":"GET /api/team-comments 304 in 141ms :: [{\"id\":20,\"authorId\":\"admin-id\",\"authorN…","service":"stargem-manager","timestamp":"2026-05-06 11:03:19"}
{"level":"info","message":"GET /api/gemteam/permessi/pending-count 304 in 130ms :: {\"count\":0}","service":"stargem-manager","timestamp":"2026-05-06 11:03:23"}
{"level":"info","message":"GET /api/todos 304 in 165ms :: [{\"id\":1,\"text\":\"Implementare verifica SMS/Whats…","service":"stargem-manager","timestamp":"2026-05-06 11:03:29"}
{"level":"info","message":"GET /api/team-comments 304 in 165ms :: [{\"id\":20,\"authorId\":\"admin-id\",\"authorN…","service":"stargem-manager","timestamp":"2026-05-06 11:03:29"}
{"level":"info","message":"GET /api/users/presence/active 304 in 376ms :: [{\"id\":\"admin-id\",\"username\":\"ad…","service":"stargem-manager","timestamp":"2026-05-06 11:03:34"}
{"level":"info","message":"GET /api/todos 304 in 165ms :: [{\"id\":1,\"text\":\"Implementare verifica SMS/Whats…","service":"stargem-manager","timestamp":"2026-05-06 11:03:39"}
{"level":"info","message":"GET /api/team-comments 304 in 168ms :: [{\"id\":20,\"authorId\":\"admin-id\",\"authorN…","service":"stargem-manager","timestamp":"2026-05-06 11:03:40"}
{"level":"info","message":"GET /api/users/presence/active 304 in 378ms :: [{\"id\":\"admin-id\",\"username\":\"ad…","service":"stargem-manager","timestamp":"2026-05-06 11:03:49"}
{"level":"info","message":"GET /api/todos 304 in 123ms :: [{\"id\":1,\"text\":\"Implementare verifica SMS/Whats…","service":"stargem-manager","timestamp":"2026-05-06 11:03:50"}
{"level":"info","message":"GET /api/team-comments 304 in 125ms :: [{\"id\":20,\"authorId\":\"admin-id\",\"authorN…","service":"stargem-manager","timestamp":"2026-05-06 11:03:50"}
{"level":"info","message":"GET /api/gemteam/checkin/oggi 304 in 175ms :: [{\"employeeId\":15,\"firstName\":\"AD…","service":"stargem-manager","timestamp":"2026-05-06 11:03:58"}
{"level":"info","message":"GET /api/todos 304 in 164ms :: [{\"id\":1,\"text\":\"Implementare verifica SMS/Whats…","service":"stargem-manager","timestamp":"2026-05-06 11:04:00"}
{"level":"info","message":"GET /api/team-comments 304 in 166ms :: [{\"id\":20,\"authorId\":\"admin-id\",\"authorN…","service":"stargem-manager","timestamp":"2026-05-06 11:04:00"}
{"level":"info","message":"GET /api/users/presence/active 304 in 430ms :: [{\"id\":\"admin-id\",\"username\":\"ad…","service":"stargem-manager","timestamp":"2026-05-06 11:04:05"}
{"level":"info","message":"GET /api/todos 304 in 165ms :: [{\"id\":1,\"text\":\"Implementare verifica SMS/Whats…","service":"stargem-manager","timestamp":"2026-05-06 11:04:10"}
{"level":"info","message":"GET /api/team-comments 304 in 165ms :: [{\"id\":20,\"authorId\":\"admin-id\",\"authorN…","service":"stargem-manager","timestamp":"2026-05-06 11:04:10"}
{"level":"info","message":"GET /api/users/presence/active 200 in 391ms :: [{\"id\":\"admin-id\",\"username\":\"ad…","service":"stargem-manager","timestamp":"2026-05-06 11:04:20"}
{"level":"info","message":"GET /api/todos 304 in 120ms :: [{\"id\":1,\"text\":\"Implementare verifica SMS/Whats…","service":"stargem-manager","timestamp":"2026-05-06 11:04:20"}
{"level":"info","message":"GET /api/team-comments 304 in 110ms :: [{\"id\":20,\"authorId\":\"admin-id\",\"authorN…","service":"stargem-manager","timestamp":"2026-05-06 11:04:20"}
{"level":"info","message":"GET /api/gemteam/permessi/pending-count 304 in 128ms :: {\"count\":0}","service":"stargem-manager","timestamp":"2026-05-06 11:04:24"}
{"level":"info","message":"GET /api/todos 304 in 152ms :: [{\"id\":1,\"text\":\"Implementare verifica SMS/Whats…","service":"stargem-manager","timestamp":"2026-05-06 11:04:30"}
{"level":"info","message":"GET /api/team-comments 304 in 156ms :: [{\"id\":20,\"authorId\":\"admin-id\",\"authorN…","service":"stargem-manager","timestamp":"2026-05-06 11:04:30"}
{"level":"info","message":"GET /api/users/presence/active 200 in 386ms :: [{\"id\":\"admin-id\",\"username\":\"ad…","service":"stargem-manager","timestamp":"2026-05-06 11:04:35"}
{"level":"info","message":"GET /api/todos 304 in 153ms :: [{\"id\":1,\"text\":\"Implementare verifica SMS/Whats…","service":"stargem-manager","timestamp":"2026-05-06 11:04:40"}
{"level":"info","message":"GET /api/team-comments 304 in 154ms :: [{\"id\":20,\"authorId\":\"admin-id\",\"authorN…","service":"stargem-manager","timestamp":"2026-05-06 11:04:40"}
{"level":"info","message":"GET /api/team-comments 304 in 111ms :: [{\"id\":20,\"authorId\":\"admin-id\",\"authorN…","service":"stargem-manager","timestamp":"2026-05-06 11:04:51"}
{"level":"info","message":"GET /api/todos 304 in 167ms :: [{\"id\":1,\"text\":\"Implementare verifica SMS/Whats…","service":"stargem-manager","timestamp":"2026-05-06 11:04:51"}
{"level":"info","message":"GET /api/users/presence/active 304 in 472ms :: [{\"id\":\"admin-id\",\"username\":\"ad…","service":"stargem-manager","timestamp":"2026-05-06 11:04:51"}
{"level":"info","message":"GET /api/gemteam/checkin/oggi 304 in 178ms :: [{\"employeeId\":15,\"firstName\":\"AD…","service":"stargem-manager","timestamp":"2026-05-06 11:04:58"}
{"level":"info","message":"GET /api/team-comments 304 in 152ms :: [{\"id\":20,\"authorId\":\"admin-id\",\"authorN…","service":"stargem-manager","timestamp":"2026-05-06 11:05:01"}
{"level":"info","message":"GET /api/todos 304 in 151ms :: [{\"id\":1,\"text\":\"Implementare verifica SMS/Whats…","service":"stargem-manager","timestamp":"2026-05-06 11:05:01"}
{"level":"info","message":"GET /api/users/presence/active 200 in 378ms :: [{\"id\":\"admin-id\",\"username\":\"ad…","service":"stargem-manager","timestamp":"2026-05-06 11:05:06"}
{"level":"info","message":"GET /api/team-comments 304 in 153ms :: [{\"id\":20,\"authorId\":\"admin-id\",\"authorN…","service":"stargem-manager","timestamp":"2026-05-06 11:05:11"}
{"level":"info","message":"GET /api/todos 304 in 154ms :: [{\"id\":1,\"text\":\"Implementare verifica SMS/Whats…","service":"stargem-manager","timestamp":"2026-05-06 11:05:11"}
{"level":"info","message":"GET /api/team-comments 304 in 154ms :: [{\"id\":20,\"authorId\":\"admin-id\",\"authorN…","service":"stargem-manager","timestamp":"2026-05-06 11:05:21"}
{"level":"info","message":"GET /api/todos 304 in 154ms :: [{\"id\":1,\"text\":\"Implementare verifica SMS/Whats…","service":"stargem-manager","timestamp":"2026-05-06 11:05:21"}
{"level":"info","message":"GET /api/users/presence/active 304 in 361ms :: [{\"id\":\"admin-id\",\"username\":\"ad…","service":"stargem-manager","timestamp":"2026-05-06 11:05:22"}
{"level":"info","message":"GET /api/gemteam/permessi/pending-count 304 in 128ms :: {\"count\":0}","service":"stargem-manager","timestamp":"2026-05-06 11:05:24"}
{"level":"info","message":"GET /api/team-comments 304 in 152ms :: [{\"id\":20,\"authorId\":\"admin-id\",\"authorN…","service":"stargem-manager","timestamp":"2026-05-06 11:05:31"}
{"level":"info","message":"GET /api/todos 304 in 152ms :: [{\"id\":1,\"text\":\"Implementare verifica SMS/Whats…","service":"stargem-manager","timestamp":"2026-05-06 11:05:31"}
{"level":"info","message":"GET /api/users/presence/active 304 in 570ms :: [{\"id\":\"admin-id\",\"username\":\"ad…","service":"stargem-manager","timestamp":"2026-05-06 11:05:37"}
{"level":"info","message":"GET /api/team-comments 304 in 154ms :: [{\"id\":20,\"authorId\":\"admin-id\",\"authorN…","service":"stargem-manager","timestamp":"2026-05-06 11:05:41"}
{"level":"info","message":"GET /api/todos 304 in 157ms :: [{\"id\":1,\"text\":\"Implementare verifica SMS/Whats…","service":"stargem-manager","timestamp":"2026-05-06 11:05:41"}
{"level":"info","message":"GET /api/team-comments 304 in 153ms :: [{\"id\":20,\"authorId\":\"admin-id\",\"authorN…","service":"stargem-manager","timestamp":"2026-05-06 11:05:51"}
{"level":"info","message":"GET /api/todos 304 in 154ms :: [{\"id\":1,\"text\":\"Implementare verifica SMS/Whats…","service":"stargem-manager","timestamp":"2026-05-06 11:05:52"}
{"level":"info","message":"GET /api/users/presence/active 200 in 350ms :: [{\"id\":\"admin-id\",\"username\":\"ad…","service":"stargem-manager","timestamp":"2026-05-06 11:05:53"}
{"level":"info","message":"GET /api/gemteam/checkin/oggi 304 in 175ms :: [{\"employeeId\":15,\"firstName\":\"AD…","service":"stargem-manager","timestamp":"2026-05-06 11:05:58"}
{"level":"info","message":"GET /api/team-comments 304 in 153ms :: [{\"id\":20,\"authorId\":\"admin-id\",\"authorN…","service":"stargem-manager","timestamp":"2026-05-06 11:06:02"}
{"level":"info","message":"GET /api/todos 304 in 154ms :: [{\"id\":1,\"text\":\"Implementare verifica SMS/Whats…","service":"stargem-manager","timestamp":"2026-05-06 11:06:02"}
{"level":"info","message":"GET /api/users/presence/active 200 in 374ms :: [{\"id\":\"admin-id\",\"username\":\"ad…","service":"stargem-manager","timestamp":"2026-05-06 11:06:08"}
{"level":"info","message":"GET /api/team-comments 304 in 152ms :: [{\"id\":20,\"authorId\":\"admin-id\",\"authorN…","service":"stargem-manager","timestamp":"2026-05-06 11:06:12"}
{"level":"info","message":"GET /api/todos 304 in 156ms :: [{\"id\":1,\"text\":\"Implementare verifica SMS/Whats…","service":"stargem-manager","timestamp":"2026-05-06 11:06:12"}
{"level":"info","message":"POST /api/users/presence/heartbeat 200 in 202ms :: {\"success\":true}","service":"stargem-manager","timestamp":"2026-05-06 11:06:15"}
{"level":"info","message":"GET /api/gemstaff/pt 304 in 218ms :: []","service":"stargem-manager","timestamp":"2026-05-06 11:06:16"}
{"level":"info","message":"GET /api/instructors 304 in 221ms :: [{\"id\":2336,\"userId\":null,\"firstName\":\"ANT…","service":"stargem-manager","timestamp":"2026-05-06 11:06:16"}
{"level":"info","message":"GET /api/gemstaff/insegnanti 304 in 223ms :: [{\"id\":3,\"firstName\":\"ROBERTO\",\"la…","service":"stargem-manager","timestamp":"2026-05-06 11:06:16"}
{"level":"info","message":"GET /api/team-notes 304 in 224ms :: []","service":"stargem-manager","timestamp":"2026-05-06 11:06:16"}
{"level":"info","message":"GET /api/courses 304 in 249ms :: [{\"id\":852,\"sku\":null,\"name\":\"Corso Storico Im…","service":"stargem-manager","timestamp":"2026-05-06 11:06:16"}
{"level":"info","message":"GET /api/team-comments 304 in 153ms :: [{\"id\":20,\"authorId\":\"admin-id\",\"authorN…","service":"stargem-manager","timestamp":"2026-05-06 11:06:22"}
{"level":"info","message":"GET /api/todos 304 in 151ms :: [{\"id\":1,\"text\":\"Implementare verifica SMS/Whats…","service":"stargem-manager","timestamp":"2026-05-06 11:06:22"}
{"level":"info","message":"GET /api/users/presence/active 200 in 379ms :: [{\"id\":\"admin-id\",\"username\":\"ad…","service":"stargem-manager","timestamp":"2026-05-06 11:06:23"}
{"level":"info","message":"GET /api/gemteam/permessi/pending-count 304 in 86ms :: {\"count\":0}","service":"stargem-manager","timestamp":"2026-05-06 11:06:24"}
{"level":"info","message":"Server started. Serving on port 5001","service":"stargem-manager","timestamp":"2026-05-06 11:06:32"}
{"level":"info","message":"POST /api/users/presence/offline 200 in 793ms :: {\"success\":true}","service":"stargem-manager","timestamp":"2026-05-06 11:06:34"}
{"level":"info","message":"GET /api/user 200 in 72ms :: {\"id\":\"admin-id\",\"username\":\"admin\",\"password\":\"d4…","service":"stargem-manager","timestamp":"2026-05-06 11:06:35"}
{"level":"info","message":"GET /api/gemteam/permessi/pending-count 304 in 141ms :: {\"count\":0}","service":"stargem-manager","timestamp":"2026-05-06 11:06:35"}
{"level":"info","message":"GET /api/activities-summary 304 in 145ms :: {\"corsi\":{\"total\":289,\"active\":289}…","service":"stargem-manager","timestamp":"2026-05-06 11:06:35"}
{"level":"info","message":"GET /api/latest-activity 304 in 172ms :: {\"id\":2658,\"userId\":\"admin-id\",\"action…","service":"stargem-manager","timestamp":"2026-05-06 11:06:35"}
{"level":"info","message":"GET /api/users/presence/active 200 in 433ms :: [{\"id\":\"admin-id\",\"username\":\"ad…","service":"stargem-manager","timestamp":"2026-05-06 11:06:35"}
{"level":"info","message":"GET /api/todos 304 in 339ms :: [{\"id\":1,\"text\":\"Implementare verifica SMS/Whats…","service":"stargem-manager","timestamp":"2026-05-06 11:06:35"}
{"level":"info","message":"GET /api/team-notes 304 in 339ms :: []","service":"stargem-manager","timestamp":"2026-05-06 11:06:35"}
{"level":"info","message":"GET /api/team-comments 304 in 343ms :: [{\"id\":20,\"authorId\":\"admin-id\",\"authorN…","service":"stargem-manager","timestamp":"2026-05-06 11:06:35"}
{"level":"info","message":"POST /api/users/presence/heartbeat 200 in 435ms :: {\"success\":true}","service":"stargem-manager","timestamp":"2026-05-06 11:06:35"}
{"level":"info","message":"GET /api/gemstaff/insegnanti 304 in 125ms :: [{\"id\":3,\"firstName\":\"ROBERTO\",\"la…","service":"stargem-manager","timestamp":"2026-05-06 11:06:36"}
{"level":"info","message":"GET /api/instructors 304 in 126ms :: [{\"id\":2336,\"userId\":null,\"firstName\":\"ANT…","service":"stargem-manager","timestamp":"2026-05-06 11:06:36"}
{"level":"info","message":"GET /api/gemstaff/pt 304 in 126ms :: []","service":"stargem-manager","timestamp":"2026-05-06 11:06:36"}
{"level":"info","message":"GET /api/courses 304 in 139ms :: [{\"id\":852,\"sku\":null,\"name\":\"Corso Storico Im…","service":"stargem-manager","timestamp":"2026-05-06 11:06:36"}
{"level":"info","message":"GET /api/todos 304 in 164ms :: [{\"id\":1,\"text\":\"Implementare verifica SMS/Whats…","service":"stargem-manager","timestamp":"2026-05-06 11:06:46"}
{"level":"info","message":"GET /api/team-comments 304 in 165ms :: [{\"id\":20,\"authorId\":\"admin-id\",\"authorN…","service":"stargem-manager","timestamp":"2026-05-06 11:06:46"}
{"level":"info","message":"GET /api/users/presence/active 200 in 409ms :: [{\"id\":\"admin-id\",\"username\":\"ad…","service":"stargem-manager","timestamp":"2026-05-06 11:06:51"}
{"level":"info","message":"GET /api/todos 304 in 166ms :: [{\"id\":1,\"text\":\"Implementare verifica SMS/Whats…","service":"stargem-manager","timestamp":"2026-05-06 11:06:56"}
{"level":"info","message":"GET /api/team-comments 304 in 166ms :: [{\"id\":20,\"authorId\":\"admin-id\",\"authorN…","service":"stargem-manager","timestamp":"2026-05-06 11:06:56"}
{"level":"info","message":"GET /api/todos 304 in 157ms :: [{\"id\":1,\"text\":\"Implementare verifica SMS/Whats…","service":"stargem-manager","timestamp":"2026-05-06 11:07:06"}
{"level":"info","message":"GET /api/team-comments 304 in 153ms :: [{\"id\":20,\"authorId\":\"admin-id\",\"authorN…","service":"stargem-manager","timestamp":"2026-05-06 11:07:06"}
{"level":"info","message":"GET /api/users/presence/active 200 in 465ms :: [{\"id\":\"admin-id\",\"username\":\"ad…","service":"stargem-manager","timestamp":"2026-05-06 11:07:06"}
{"level":"info","message":"GET /api/todos 304 in 165ms :: [{\"id\":1,\"text\":\"Implementare verifica SMS/Whats…","service":"stargem-manager","timestamp":"2026-05-06 11:07:16"}
{"level":"info","message":"GET /api/team-comments 304 in 173ms :: [{\"id\":20,\"authorId\":\"admin-id\",\"authorN…","service":"stargem-manager","timestamp":"2026-05-06 11:07:16"}
{"level":"info","message":"GET /api/users/presence/active 304 in 468ms :: [{\"id\":\"admin-id\",\"username\":\"ad…","service":"stargem-manager","timestamp":"2026-05-06 11:07:22"}
{"level":"info","message":"GET /api/todos 304 in 165ms :: [{\"id\":1,\"text\":\"Implementare verifica SMS/Whats…","service":"stargem-manager","timestamp":"2026-05-06 11:07:26"}
{"level":"info","message":"GET /api/team-comments 304 in 167ms :: [{\"id\":20,\"authorId\":\"admin-id\",\"authorN…","service":"stargem-manager","timestamp":"2026-05-06 11:07:26"}
{"level":"info","message":"GET /api/gemteam/permessi/pending-count 304 in 128ms :: {\"count\":0}","service":"stargem-manager","timestamp":"2026-05-06 11:07:35"}
{"level":"info","message":"GET /api/todos 304 in 163ms :: [{\"id\":1,\"text\":\"Implementare verifica SMS/Whats…","service":"stargem-manager","timestamp":"2026-05-06 11:07:36"}
{"level":"info","message":"GET /api/team-comments 304 in 165ms :: [{\"id\":20,\"authorId\":\"admin-id\",\"authorN…","service":"stargem-manager","timestamp":"2026-05-06 11:07:36"}
{"level":"info","message":"GET /api/users/presence/active 304 in 339ms :: [{\"id\":\"admin-id\",\"username\":\"ad…","service":"stargem-manager","timestamp":"2026-05-06 11:07:37"}
{"level":"info","message":"GET /api/todos 304 in 167ms :: [{\"id\":1,\"text\":\"Implementare verifica SMS/Whats…","service":"stargem-manager","timestamp":"2026-05-06 11:07:47"}
{"level":"info","message":"GET /api/team-comments 304 in 180ms :: [{\"id\":20,\"authorId\":\"admin-id\",\"authorN…","service":"stargem-manager","timestamp":"2026-05-06 11:07:47"}
{"level":"info","message":"GET /api/users/presence/active 304 in 394ms :: [{\"id\":\"admin-id\",\"username\":\"ad…","service":"stargem-manager","timestamp":"2026-05-06 11:07:52"}
{"level":"info","message":"GET /api/todos 304 in 166ms :: [{\"id\":1,\"text\":\"Implementare verifica SMS/Whats…","service":"stargem-manager","timestamp":"2026-05-06 11:07:57"}
{"level":"info","message":"GET /api/team-comments 304 in 168ms :: [{\"id\":20,\"authorId\":\"admin-id\",\"authorN…","service":"stargem-manager","timestamp":"2026-05-06 11:07:57"}
{"level":"info","message":"GET /api/todos 304 in 166ms :: [{\"id\":1,\"text\":\"Implementare verifica SMS/Whats…","service":"stargem-manager","timestamp":"2026-05-06 11:08:07"}
{"level":"info","message":"GET /api/team-comments 304 in 167ms :: [{\"id\":20,\"authorId\":\"admin-id\",\"authorN…","service":"stargem-manager","timestamp":"2026-05-06 11:08:07"}
{"level":"info","message":"GET /api/users/presence/active 200 in 386ms :: [{\"id\":\"admin-id\",\"username\":\"ad…","service":"stargem-manager","timestamp":"2026-05-06 11:08:08"}
