{"level":"info","message":"GET /api/todos 304 in 322ms :: [{\"id\":1,\"text\":\"Implementare verifica SMS/Whats…","service":"stargem-manager","timestamp":"2026-05-04 01:28:06"}
{"level":"info","message":"GET /api/team-comments 304 in 329ms :: [{\"id\":20,\"authorId\":\"admin-id\",\"authorN…","service":"stargem-manager","timestamp":"2026-05-04 01:28:06"}
{"level":"info","message":"GET /api/users/presence/active 200 in 714ms :: [{\"id\":\"admin-id\",\"username\":\"ad…","service":"stargem-manager","timestamp":"2026-05-04 01:28:07"}
{"level":"info","message":"GET /api/user 200 in 139ms :: {\"id\":\"admin-id\",\"username\":\"admin\",\"password\":\"d…","service":"stargem-manager","timestamp":"2026-05-04 01:28:10"}
{"level":"info","message":"GET /api/todos 304 in 238ms :: [{\"id\":1,\"text\":\"Implementare verifica SMS/Whats…","service":"stargem-manager","timestamp":"2026-05-04 01:28:11"}
{"level":"info","message":"GET /api/gemteam/permessi/pending-count 304 in 238ms :: {\"count\":0}","service":"stargem-manager","timestamp":"2026-05-04 01:28:11"}
{"level":"info","message":"GET /api/latest-activity 304 in 363ms :: {\"id\":2614,\"userId\":\"admin-id\",\"action…","service":"stargem-manager","timestamp":"2026-05-04 01:28:11"}
{"level":"info","message":"GET /api/activities-summary 304 in 384ms :: {\"corsi\":{\"total\":289,\"active\":289}…","service":"stargem-manager","timestamp":"2026-05-04 01:28:11"}
{"level":"info","message":"GET /api/users/presence/active 200 in 600ms :: [{\"id\":\"admin-id\",\"username\":\"ad…","service":"stargem-manager","timestamp":"2026-05-04 01:28:11"}
{"level":"info","message":"GET /api/team-notes 304 in 419ms :: []","service":"stargem-manager","timestamp":"2026-05-04 01:28:11"}
{"level":"info","message":"GET /api/team-comments 304 in 418ms :: [{\"id\":20,\"authorId\":\"admin-id\",\"authorN…","service":"stargem-manager","timestamp":"2026-05-04 01:28:11"}
{"level":"info","message":"POST /api/users/presence/heartbeat 200 in 577ms :: {\"success\":true}","service":"stargem-manager","timestamp":"2026-05-04 01:28:11"}
{"level":"info","message":"GET /api/seasons 304 in 195ms :: [{\"id\":2,\"name\":\"2026/2027\",\"description\":null…","service":"stargem-manager","timestamp":"2026-05-04 01:28:13"}
{"level":"info","message":"GET /api/custom-lists/activity_types 304 in 271ms :: {\"items\":[]}","service":"stargem-manager","timestamp":"2026-05-04 01:28:13"}
{"level":"info","message":"GET /api/course-quotes-grid 304 in 298ms :: [{\"id\":99,\"seasonId\":1,\"activityTyp…","service":"stargem-manager","timestamp":"2026-05-04 01:28:13"}
{"level":"info","message":"GET /api/todos 304 in 256ms :: [{\"id\":1,\"text\":\"Implementare verifica SMS/Whats…","service":"stargem-manager","timestamp":"2026-05-04 01:29:21"}
{"level":"info","message":"GET /api/team-comments 304 in 166ms :: [{\"id\":20,\"authorId\":\"admin-id\",\"authorN…","service":"stargem-manager","timestamp":"2026-05-04 01:29:21"}
{"level":"info","message":"POST /api/users/presence/heartbeat 200 in 373ms :: {\"success\":true}","service":"stargem-manager","timestamp":"2026-05-04 01:29:36"}
{"level":"info","message":"GET /api/todos 304 in 306ms :: [{\"id\":1,\"text\":\"Implementare verifica SMS/Whats…","service":"stargem-manager","timestamp":"2026-05-04 01:29:41"}
{"level":"info","message":"GET /api/team-comments 304 in 428ms :: [{\"id\":20,\"authorId\":\"admin-id\",\"authorN…","service":"stargem-manager","timestamp":"2026-05-04 01:29:42"}
{"level":"info","message":"GET /api/users/presence/active 200 in 681ms :: [{\"id\":\"admin-id\",\"username\":\"ad…","service":"stargem-manager","timestamp":"2026-05-04 01:29:42"}
{"level":"info","message":"GET /api/staff-rates 304 in 385ms :: [{\"id\":1,\"tenantId\":1,\"serviceCode\":\"allen…","service":"stargem-manager","timestamp":"2026-05-04 01:29:46"}
{"level":"info","message":"GET /api/welfare-providers 304 in 411ms :: [{\"id\":22,\"tenantId\":1,\"name\":\"EDENR…","service":"stargem-manager","timestamp":"2026-05-04 01:29:46"}
{"level":"info","message":"GET /api/todos 304 in 247ms :: [{\"id\":1,\"text\":\"Implementare verifica SMS/Whats…","service":"stargem-manager","timestamp":"2026-05-04 01:29:52"}
{"level":"info","message":"GET /api/team-comments 304 in 166ms :: [{\"id\":20,\"authorId\":\"admin-id\",\"authorN…","service":"stargem-manager","timestamp":"2026-05-04 01:29:52"}
{"level":"info","message":"GET /api/users/presence/active 304 in 577ms :: [{\"id\":\"admin-id\",\"username\":\"ad…","service":"stargem-manager","timestamp":"2026-05-04 01:29:57"}
{"level":"info","message":"GET /api/todos 304 in 256ms :: [{\"id\":1,\"text\":\"Implementare verifica SMS/Whats…","service":"stargem-manager","timestamp":"2026-05-04 01:30:02"}
{"level":"info","message":"GET /api/team-comments 304 in 167ms :: [{\"id\":20,\"authorId\":\"admin-id\",\"authorN…","service":"stargem-manager","timestamp":"2026-05-04 01:30:02"}
{"level":"info","message":"GET /api/gemteam/permessi/pending-count 304 in 250ms :: {\"count\":0}","service":"stargem-manager","timestamp":"2026-05-04 01:30:11"}
{"level":"info","message":"GET /api/todos 304 in 227ms :: [{\"id\":1,\"text\":\"Implementare verifica SMS/Whats…","service":"stargem-manager","timestamp":"2026-05-04 01:30:12"}
{"level":"info","message":"GET /api/team-comments 304 in 188ms :: [{\"id\":20,\"authorId\":\"admin-id\",\"authorN…","service":"stargem-manager","timestamp":"2026-05-04 01:30:12"}
{"level":"info","message":"GET /api/users/presence/active 200 in 463ms :: [{\"id\":\"admin-id\",\"username\":\"ad…","service":"stargem-manager","timestamp":"2026-05-04 01:30:13"}
{"level":"info","message":"GET /api/todos 304 in 254ms :: [{\"id\":1,\"text\":\"Implementare verifica SMS/Whats…","service":"stargem-manager","timestamp":"2026-05-04 01:30:22"}
{"level":"info","message":"GET /api/team-comments 304 in 179ms :: [{\"id\":20,\"authorId\":\"admin-id\",\"authorN…","service":"stargem-manager","timestamp":"2026-05-04 01:30:22"}
{"level":"info","message":"GET /api/users/presence/active 304 in 545ms :: [{\"id\":\"admin-id\",\"username\":\"ad…","service":"stargem-manager","timestamp":"2026-05-04 01:30:28"}
{"level":"info","message":"GET /api/todos 304 in 347ms :: [{\"id\":1,\"text\":\"Implementare verifica SMS/Whats…","service":"stargem-manager","timestamp":"2026-05-04 01:30:33"}
{"level":"info","message":"GET /api/team-comments 304 in 240ms :: [{\"id\":20,\"authorId\":\"admin-id\",\"authorN…","service":"stargem-manager","timestamp":"2026-05-04 01:30:33"}
{"level":"info","message":"POST /api/users/presence/heartbeat 200 in 384ms :: {\"success\":true}","service":"stargem-manager","timestamp":"2026-05-04 01:30:36"}
{"level":"info","message":"GET /api/todos 304 in 300ms :: [{\"id\":1,\"text\":\"Implementare verifica SMS/Whats…","service":"stargem-manager","timestamp":"2026-05-04 01:30:43"}
{"level":"info","message":"GET /api/team-comments 304 in 301ms :: [{\"id\":20,\"authorId\":\"admin-id\",\"authorN…","service":"stargem-manager","timestamp":"2026-05-04 01:30:43"}
{"level":"info","message":"GET /api/users/presence/active 200 in 443ms :: [{\"id\":\"admin-id\",\"username\":\"ad…","service":"stargem-manager","timestamp":"2026-05-04 01:30:44"}
{"level":"info","message":"GET /api/todos 304 in 307ms :: [{\"id\":1,\"text\":\"Implementare verifica SMS/Whats…","service":"stargem-manager","timestamp":"2026-05-04 01:30:53"}
{"level":"info","message":"GET /api/team-comments 304 in 308ms :: [{\"id\":20,\"authorId\":\"admin-id\",\"authorN…","service":"stargem-manager","timestamp":"2026-05-04 01:30:53"}
{"level":"info","message":"GET /api/users/presence/active 304 in 559ms :: [{\"id\":\"admin-id\",\"username\":\"ad…","service":"stargem-manager","timestamp":"2026-05-04 01:30:59"}
{"level":"info","message":"GET /api/todos 304 in 297ms :: [{\"id\":1,\"text\":\"Implementare verifica SMS/Whats…","service":"stargem-manager","timestamp":"2026-05-04 01:31:04"}
{"level":"info","message":"GET /api/team-comments 304 in 295ms :: [{\"id\":20,\"authorId\":\"admin-id\",\"authorN…","service":"stargem-manager","timestamp":"2026-05-04 01:31:04"}
{"level":"info","message":"GET /api/gemteam/permessi/pending-count 304 in 259ms :: {\"count\":0}","service":"stargem-manager","timestamp":"2026-05-04 01:31:11"}
{"level":"info","message":"GET /api/todos 304 in 308ms :: [{\"id\":1,\"text\":\"Implementare verifica SMS/Whats…","service":"stargem-manager","timestamp":"2026-05-04 01:31:14"}
{"level":"info","message":"GET /api/team-comments 304 in 311ms :: [{\"id\":20,\"authorId\":\"admin-id\",\"authorN…","service":"stargem-manager","timestamp":"2026-05-04 01:31:14"}
{"level":"info","message":"GET /api/users/presence/active 200 in 476ms :: [{\"id\":\"admin-id\",\"username\":\"ad…","service":"stargem-manager","timestamp":"2026-05-04 01:31:15"}
{"level":"info","message":"GET /api/todos 304 in 303ms :: [{\"id\":1,\"text\":\"Implementare verifica SMS/Whats…","service":"stargem-manager","timestamp":"2026-05-04 01:31:24"}
{"level":"info","message":"GET /api/team-comments 304 in 305ms :: [{\"id\":20,\"authorId\":\"admin-id\",\"authorN…","service":"stargem-manager","timestamp":"2026-05-04 01:31:24"}
{"level":"info","message":"POST /api/users/presence/heartbeat 200 in 362ms :: {\"success\":true}","service":"stargem-manager","timestamp":"2026-05-04 01:31:27"}
{"level":"info","message":"GET /api/instructor-agreements 304 in 339ms :: [{\"id\":15,\"tenantId\":1,\"memberId…","service":"stargem-manager","timestamp":"2026-05-04 01:31:30"}
{"level":"info","message":"GET /api/payments 304 in 236ms :: []","service":"stargem-manager","timestamp":"2026-05-04 01:31:30"}
{"level":"info","message":"GET /api/users/presence/active 200 in 437ms :: [{\"id\":\"admin-id\",\"username\":\"ad…","service":"stargem-manager","timestamp":"2026-05-04 01:31:30"}
{"level":"info","message":"GET /api/todos 304 in 301ms :: [{\"id\":1,\"text\":\"Implementare verifica SMS/Whats…","service":"stargem-manager","timestamp":"2026-05-04 01:31:34"}
{"level":"info","message":"GET /api/team-comments 304 in 303ms :: [{\"id\":20,\"authorId\":\"admin-id\",\"authorN…","service":"stargem-manager","timestamp":"2026-05-04 01:31:35"}
{"level":"info","message":"GET /api/todos 304 in 278ms :: [{\"id\":1,\"text\":\"Implementare verifica SMS/Whats…","service":"stargem-manager","timestamp":"2026-05-04 01:31:45"}
{"level":"info","message":"GET /api/team-comments 304 in 280ms :: [{\"id\":20,\"authorId\":\"admin-id\",\"authorN…","service":"stargem-manager","timestamp":"2026-05-04 01:31:45"}
{"level":"info","message":"GET /api/users/presence/active 304 in 485ms :: [{\"id\":\"admin-id\",\"username\":\"ad…","service":"stargem-manager","timestamp":"2026-05-04 01:31:46"}
{"level":"info","message":"GET /api/todos 304 in 308ms :: [{\"id\":1,\"text\":\"Implementare verifica SMS/Whats…","service":"stargem-manager","timestamp":"2026-05-04 01:31:55"}
{"level":"info","message":"GET /api/team-comments 304 in 311ms :: [{\"id\":20,\"authorId\":\"admin-id\",\"authorN…","service":"stargem-manager","timestamp":"2026-05-04 01:31:55"}
{"level":"info","message":"GET /api/users/presence/active 304 in 557ms :: [{\"id\":\"admin-id\",\"username\":\"ad…","service":"stargem-manager","timestamp":"2026-05-04 01:32:01"}
{"level":"info","message":"GET /api/todos 304 in 301ms :: [{\"id\":1,\"text\":\"Implementare verifica SMS/Whats…","service":"stargem-manager","timestamp":"2026-05-04 01:32:05"}
{"level":"info","message":"GET /api/team-comments 304 in 302ms :: [{\"id\":20,\"authorId\":\"admin-id\",\"authorN…","service":"stargem-manager","timestamp":"2026-05-04 01:32:05"}
{"level":"info","message":"GET /api/gemteam/permessi/pending-count 304 in 255ms :: {\"count\":0}","service":"stargem-manager","timestamp":"2026-05-04 01:32:11"}
{"level":"info","message":"GET /api/todos 304 in 319ms :: [{\"id\":1,\"text\":\"Implementare verifica SMS/Whats…","service":"stargem-manager","timestamp":"2026-05-04 01:32:16"}
{"level":"info","message":"GET /api/team-comments 304 in 301ms :: [{\"id\":20,\"authorId\":\"admin-id\",\"authorN…","service":"stargem-manager","timestamp":"2026-05-04 01:32:16"}
{"level":"info","message":"GET /api/users/presence/active 200 in 548ms :: [{\"id\":\"admin-id\",\"username\":\"ad…","service":"stargem-manager","timestamp":"2026-05-04 01:32:17"}
{"level":"info","message":"GET /api/todos 304 in 327ms :: [{\"id\":1,\"text\":\"Implementare verifica SMS/Whats…","service":"stargem-manager","timestamp":"2026-05-04 01:32:26"}
{"level":"info","message":"GET /api/team-comments 304 in 325ms :: [{\"id\":20,\"authorId\":\"admin-id\",\"authorN…","service":"stargem-manager","timestamp":"2026-05-04 01:32:26"}
{"level":"info","message":"GET /api/users/presence/active 304 in 569ms :: [{\"id\":\"admin-id\",\"username\":\"ad…","service":"stargem-manager","timestamp":"2026-05-04 01:32:32"}
{"level":"info","message":"Server started. Serving on port 5001","service":"stargem-manager","timestamp":"2026-05-04 01:36:16"}
{"level":"info","message":"GET /api/user 200 in 149ms :: {\"id\":\"admin-id\",\"username\":\"admin\",\"password\":\"d…","service":"stargem-manager","timestamp":"2026-05-04 01:36:21"}
{"level":"info","message":"Server started. Serving on port 5001","service":"stargem-manager","timestamp":"2026-05-04 01:38:10"}
{"level":"info","message":"GET /api/user 304 in 153ms :: {\"id\":\"admin-id\",\"username\":\"admin\",\"password\":\"d…","service":"stargem-manager","timestamp":"2026-05-04 01:38:14"}
{"level":"info","message":"GET /api/latest-activity 304 in 219ms :: {\"id\":2614,\"userId\":\"admin-id\",\"action…","service":"stargem-manager","timestamp":"2026-05-04 01:38:14"}
{"level":"info","message":"GET /api/gemteam/permessi/pending-count 304 in 203ms :: {\"count\":0}","service":"stargem-manager","timestamp":"2026-05-04 01:38:14"}
{"level":"info","message":"GET /api/activities-summary 304 in 258ms :: {\"corsi\":{\"total\":289,\"active\":289}…","service":"stargem-manager","timestamp":"2026-05-04 01:38:14"}
{"level":"info","message":"GET /api/users/presence/active 200 in 580ms :: [{\"id\":\"admin-id\",\"username\":\"ad…","service":"stargem-manager","timestamp":"2026-05-04 01:38:14"}
{"level":"info","message":"GET /api/team-notes 304 in 402ms :: []","service":"stargem-manager","timestamp":"2026-05-04 01:38:14"}
{"level":"info","message":"POST /api/users/presence/heartbeat 200 in 631ms :: {\"success\":true}","service":"stargem-manager","timestamp":"2026-05-04 01:38:14"}
{"level":"info","message":"GET /api/todos 304 in 415ms :: [{\"id\":1,\"text\":\"Implementare verifica SMS/Whats…","service":"stargem-manager","timestamp":"2026-05-04 01:38:14"}
{"level":"info","message":"GET /api/team-comments 304 in 404ms :: [{\"id\":20,\"authorId\":\"admin-id\",\"authorN…","service":"stargem-manager","timestamp":"2026-05-04 01:38:14"}
{"level":"info","message":"GET /api/seasons 304 in 237ms :: [{\"id\":2,\"name\":\"2026/2027\",\"description\":null…","service":"stargem-manager","timestamp":"2026-05-04 01:38:15"}
{"level":"info","message":"GET /api/custom-lists/activity_types 304 in 302ms :: {\"items\":[]}","service":"stargem-manager","timestamp":"2026-05-04 01:38:15"}
{"level":"info","message":"GET /api/course-quotes-grid 304 in 339ms :: [{\"id\":99,\"seasonId\":1,\"activityTyp…","service":"stargem-manager","timestamp":"2026-05-04 01:38:15"}
{"level":"info","message":"GET /api/todos 304 in 331ms :: [{\"id\":1,\"text\":\"Implementare verifica SMS/Whats…","service":"stargem-manager","timestamp":"2026-05-04 01:38:25"}
{"level":"info","message":"GET /api/team-comments 304 in 295ms :: [{\"id\":20,\"authorId\":\"admin-id\",\"authorN…","service":"stargem-manager","timestamp":"2026-05-04 01:38:25"}
{"level":"info","message":"GET /api/users/presence/active 200 in 568ms :: [{\"id\":\"admin-id\",\"username\":\"ad…","service":"stargem-manager","timestamp":"2026-05-04 01:38:30"}
{"level":"info","message":"GET /api/todos 304 in 304ms :: [{\"id\":1,\"text\":\"Implementare verifica SMS/Whats…","service":"stargem-manager","timestamp":"2026-05-04 01:38:35"}
{"level":"info","message":"GET /api/team-comments 304 in 303ms :: [{\"id\":20,\"authorId\":\"admin-id\",\"authorN…","service":"stargem-manager","timestamp":"2026-05-04 01:38:35"}
{"level":"info","message":"GET /api/todos 304 in 214ms :: [{\"id\":1,\"text\":\"Implementare verifica SMS/Whats…","service":"stargem-manager","timestamp":"2026-05-04 01:38:45"}
{"level":"info","message":"GET /api/team-comments 304 in 387ms :: [{\"id\":20,\"authorId\":\"admin-id\",\"authorN…","service":"stargem-manager","timestamp":"2026-05-04 01:38:46"}
{"level":"info","message":"GET /api/users/presence/active 200 in 567ms :: [{\"id\":\"admin-id\",\"username\":\"ad…","service":"stargem-manager","timestamp":"2026-05-04 01:38:46"}
{"level":"info","message":"GET /api/todos 304 in 259ms :: [{\"id\":1,\"text\":\"Implementare verifica SMS/Whats…","service":"stargem-manager","timestamp":"2026-05-04 01:38:56"}
{"level":"info","message":"GET /api/team-comments 304 in 165ms :: [{\"id\":20,\"authorId\":\"admin-id\",\"authorN…","service":"stargem-manager","timestamp":"2026-05-04 01:38:56"}
{"level":"info","message":"GET /api/users/presence/active 304 in 522ms :: [{\"id\":\"admin-id\",\"username\":\"ad…","service":"stargem-manager","timestamp":"2026-05-04 01:39:01"}
{"level":"info","message":"GET /api/todos 304 in 279ms :: [{\"id\":1,\"text\":\"Implementare verifica SMS/Whats…","service":"stargem-manager","timestamp":"2026-05-04 01:39:06"}
{"level":"info","message":"GET /api/team-comments 304 in 227ms :: [{\"id\":20,\"authorId\":\"admin-id\",\"authorN…","service":"stargem-manager","timestamp":"2026-05-04 01:39:06"}
{"level":"info","message":"POST /api/users/presence/heartbeat 200 in 341ms :: {\"success\":true}","service":"stargem-manager","timestamp":"2026-05-04 01:39:10"}
{"level":"info","message":"GET /api/staff-rates 304 in 263ms :: [{\"id\":1,\"tenantId\":1,\"serviceCode\":\"allen…","service":"stargem-manager","timestamp":"2026-05-04 01:39:11"}
{"level":"info","message":"GET /api/gemteam/permessi/pending-count 304 in 234ms :: {\"count\":0}","service":"stargem-manager","timestamp":"2026-05-04 01:39:14"}
{"level":"info","message":"GET /api/todos 304 in 259ms :: [{\"id\":1,\"text\":\"Implementare verifica SMS/Whats…","service":"stargem-manager","timestamp":"2026-05-04 01:39:16"}
{"level":"info","message":"GET /api/team-comments 304 in 306ms :: [{\"id\":20,\"authorId\":\"admin-id\",\"authorN…","service":"stargem-manager","timestamp":"2026-05-04 01:39:16"}
{"level":"info","message":"GET /api/users/presence/active 200 in 473ms :: [{\"id\":\"admin-id\",\"username\":\"ad…","service":"stargem-manager","timestamp":"2026-05-04 01:39:17"}
{"level":"info","message":"GET /api/todos 304 in 281ms :: [{\"id\":1,\"text\":\"Implementare verifica SMS/Whats…","service":"stargem-manager","timestamp":"2026-05-04 01:39:26"}
{"level":"info","message":"GET /api/team-comments 304 in 235ms :: [{\"id\":20,\"authorId\":\"admin-id\",\"authorN…","service":"stargem-manager","timestamp":"2026-05-04 01:39:26"}
{"level":"info","message":"GET /api/user 200 in 155ms :: {\"id\":\"admin-id\",\"username\":\"admin\",\"password\":\"d…","service":"stargem-manager","timestamp":"2026-05-04 01:40:39"}
{"level":"info","message":"GET /api/gemteam/permessi/pending-count 304 in 188ms :: {\"count\":0}","service":"stargem-manager","timestamp":"2026-05-04 01:40:39"}
{"level":"info","message":"GET /api/latest-activity 304 in 184ms :: {\"id\":2614,\"userId\":\"admin-id\",\"action…","service":"stargem-manager","timestamp":"2026-05-04 01:40:39"}
{"level":"info","message":"GET /api/activities-summary 304 in 217ms :: {\"corsi\":{\"total\":289,\"active\":289}…","service":"stargem-manager","timestamp":"2026-05-04 01:40:40"}
{"level":"info","message":"POST /api/users/presence/heartbeat 200 in 278ms :: {\"success\":true}","service":"stargem-manager","timestamp":"2026-05-04 01:40:40"}
{"level":"info","message":"GET /api/team-notes 304 in 162ms :: []","service":"stargem-manager","timestamp":"2026-05-04 01:40:40"}
{"level":"info","message":"GET /api/todos 304 in 164ms :: [{\"id\":1,\"text\":\"Implementare verifica SMS/Whats…","service":"stargem-manager","timestamp":"2026-05-04 01:40:40"}
{"level":"info","message":"GET /api/team-comments 304 in 176ms :: [{\"id\":20,\"authorId\":\"admin-id\",\"authorN…","service":"stargem-manager","timestamp":"2026-05-04 01:40:40"}
{"level":"info","message":"GET /api/users/presence/active 200 in 472ms :: [{\"id\":\"admin-id\",\"username\":\"ad…","service":"stargem-manager","timestamp":"2026-05-04 01:40:40"}
{"level":"info","message":"GET /api/user 200 in 172ms :: {\"id\":\"admin-id\",\"username\":\"admin\",\"password\":\"d…","service":"stargem-manager","timestamp":"2026-05-04 01:41:02"}
{"level":"info","message":"GET /api/latest-activity 304 in 189ms :: {\"id\":2614,\"userId\":\"admin-id\",\"action…","service":"stargem-manager","timestamp":"2026-05-04 01:41:02"}
{"level":"info","message":"GET /api/activities-summary 304 in 217ms :: {\"corsi\":{\"total\":289,\"active\":289}…","service":"stargem-manager","timestamp":"2026-05-04 01:41:02"}
{"level":"info","message":"GET /api/users/presence/active 200 in 439ms :: [{\"id\":\"admin-id\",\"username\":\"ad…","service":"stargem-manager","timestamp":"2026-05-04 01:41:03"}
{"level":"info","message":"GET /api/team-notes 304 in 331ms :: []","service":"stargem-manager","timestamp":"2026-05-04 01:41:03"}
{"level":"info","message":"GET /api/gemteam/permessi/pending-count 304 in 333ms :: {\"count\":0}","service":"stargem-manager","timestamp":"2026-05-04 01:41:03"}
{"level":"info","message":"POST /api/users/presence/heartbeat 200 in 495ms :: {\"success\":true}","service":"stargem-manager","timestamp":"2026-05-04 01:41:03"}
{"level":"info","message":"GET /api/todos 304 in 363ms :: [{\"id\":1,\"text\":\"Implementare verifica SMS/Whats…","service":"stargem-manager","timestamp":"2026-05-04 01:41:03"}
{"level":"info","message":"GET /api/team-comments 304 in 360ms :: [{\"id\":20,\"authorId\":\"admin-id\",\"authorN…","service":"stargem-manager","timestamp":"2026-05-04 01:41:03"}
{"level":"info","message":"GET /api/user 200 in 130ms :: {\"id\":\"admin-id\",\"username\":\"admin\",\"password\":\"d…","service":"stargem-manager","timestamp":"2026-05-04 01:42:26"}
{"level":"info","message":"GET /api/gemteam/permessi/pending-count 304 in 166ms :: {\"count\":0}","service":"stargem-manager","timestamp":"2026-05-04 01:42:26"}
{"level":"info","message":"GET /api/latest-activity 304 in 209ms :: {\"id\":2614,\"userId\":\"admin-id\",\"action…","service":"stargem-manager","timestamp":"2026-05-04 01:42:26"}
{"level":"info","message":"GET /api/activities-summary 304 in 212ms :: {\"corsi\":{\"total\":289,\"active\":289}…","service":"stargem-manager","timestamp":"2026-05-04 01:42:26"}
{"level":"info","message":"GET /api/team-notes 304 in 206ms :: []","service":"stargem-manager","timestamp":"2026-05-04 01:42:26"}
{"level":"info","message":"GET /api/team-comments 304 in 182ms :: [{\"id\":20,\"authorId\":\"admin-id\",\"authorN…","service":"stargem-manager","timestamp":"2026-05-04 01:42:27"}
{"level":"info","message":"GET /api/todos 304 in 228ms :: [{\"id\":1,\"text\":\"Implementare verifica SMS/Whats…","service":"stargem-manager","timestamp":"2026-05-04 01:42:27"}
{"level":"info","message":"POST /api/users/presence/heartbeat 200 in 423ms :: {\"success\":true}","service":"stargem-manager","timestamp":"2026-05-04 01:42:27"}
{"level":"info","message":"GET /api/users/presence/active 200 in 527ms :: [{\"id\":\"admin-id\",\"username\":\"ad…","service":"stargem-manager","timestamp":"2026-05-04 01:42:27"}
{"level":"info","message":"GET /api/user 200 in 156ms :: {\"id\":\"admin-id\",\"username\":\"admin\",\"password\":\"d…","service":"stargem-manager","timestamp":"2026-05-04 01:43:05"}
{"level":"info","message":"GET /api/team-notes 304 in 141ms :: []","service":"stargem-manager","timestamp":"2026-05-04 01:43:05"}
{"level":"info","message":"GET /api/latest-activity 304 in 156ms :: {\"id\":2614,\"userId\":\"admin-id\",\"action…","service":"stargem-manager","timestamp":"2026-05-04 01:43:05"}
{"level":"info","message":"GET /api/activities-summary 304 in 238ms :: {\"corsi\":{\"total\":289,\"active\":289}…","service":"stargem-manager","timestamp":"2026-05-04 01:43:05"}
{"level":"info","message":"GET /api/todos 304 in 314ms :: [{\"id\":1,\"text\":\"Implementare verifica SMS/Whats…","service":"stargem-manager","timestamp":"2026-05-04 01:43:05"}
{"level":"info","message":"GET /api/gemteam/permessi/pending-count 304 in 324ms :: {\"count\":0}","service":"stargem-manager","timestamp":"2026-05-04 01:43:05"}
{"level":"info","message":"POST /api/users/presence/heartbeat 200 in 476ms :: {\"success\":true}","service":"stargem-manager","timestamp":"2026-05-04 01:43:05"}
{"level":"info","message":"GET /api/users/presence/active 200 in 477ms :: [{\"id\":\"admin-id\",\"username\":\"ad…","service":"stargem-manager","timestamp":"2026-05-04 01:43:05"}
{"level":"info","message":"GET /api/team-comments 304 in 341ms :: [{\"id\":20,\"authorId\":\"admin-id\",\"authorN…","service":"stargem-manager","timestamp":"2026-05-04 01:43:05"}
{"level":"info","message":"GET /api/custom-lists/activity_types 304 in 220ms :: {\"items\":[]}","service":"stargem-manager","timestamp":"2026-05-04 01:43:06"}
{"level":"info","message":"GET /api/seasons 304 in 244ms :: [{\"id\":2,\"name\":\"2026/2027\",\"description\":null…","service":"stargem-manager","timestamp":"2026-05-04 01:43:06"}
{"level":"info","message":"GET /api/course-quotes-grid 304 in 268ms :: [{\"id\":99,\"seasonId\":1,\"activityTyp…","service":"stargem-manager","timestamp":"2026-05-04 01:43:06"}
{"level":"info","message":"GET /api/todos 304 in 280ms :: [{\"id\":1,\"text\":\"Implementare verifica SMS/Whats…","service":"stargem-manager","timestamp":"2026-05-04 01:43:16"}
{"level":"info","message":"GET /api/team-comments 304 in 231ms :: [{\"id\":20,\"authorId\":\"admin-id\",\"authorN…","service":"stargem-manager","timestamp":"2026-05-04 01:43:16"}
{"level":"info","message":"GET /api/users/presence/active 200 in 516ms :: [{\"id\":\"admin-id\",\"username\":\"ad…","service":"stargem-manager","timestamp":"2026-05-04 01:43:21"}
{"level":"info","message":"GET /api/todos 304 in 285ms :: [{\"id\":1,\"text\":\"Implementare verifica SMS/Whats…","service":"stargem-manager","timestamp":"2026-05-04 01:43:26"}
{"level":"info","message":"GET /api/team-comments 304 in 284ms :: [{\"id\":20,\"authorId\":\"admin-id\",\"authorN…","service":"stargem-manager","timestamp":"2026-05-04 01:43:26"}
{"level":"info","message":"GET /api/todos 304 in 262ms :: [{\"id\":1,\"text\":\"Implementare verifica SMS/Whats…","service":"stargem-manager","timestamp":"2026-05-04 01:43:36"}
{"level":"info","message":"GET /api/team-comments 304 in 274ms :: [{\"id\":20,\"authorId\":\"admin-id\",\"authorN…","service":"stargem-manager","timestamp":"2026-05-04 01:43:36"}
{"level":"info","message":"GET /api/users/presence/active 304 in 530ms :: [{\"id\":\"admin-id\",\"username\":\"ad…","service":"stargem-manager","timestamp":"2026-05-04 01:43:36"}
{"level":"info","message":"GET /api/todos 304 in 278ms :: [{\"id\":1,\"text\":\"Implementare verifica SMS/Whats…","service":"stargem-manager","timestamp":"2026-05-04 01:43:46"}
{"level":"info","message":"GET /api/team-comments 304 in 269ms :: [{\"id\":20,\"authorId\":\"admin-id\",\"authorN…","service":"stargem-manager","timestamp":"2026-05-04 01:43:47"}
{"level":"info","message":"GET /api/users/presence/active 304 in 596ms :: [{\"id\":\"admin-id\",\"username\":\"ad…","service":"stargem-manager","timestamp":"2026-05-04 01:43:52"}
{"level":"info","message":"GET /api/todos 304 in 286ms :: [{\"id\":1,\"text\":\"Implementare verifica SMS/Whats…","service":"stargem-manager","timestamp":"2026-05-04 01:43:57"}
{"level":"info","message":"GET /api/team-comments 304 in 278ms :: [{\"id\":20,\"authorId\":\"admin-id\",\"authorN…","service":"stargem-manager","timestamp":"2026-05-04 01:43:57"}
{"level":"info","message":"GET /api/gemteam/permessi/pending-count 304 in 236ms :: {\"count\":0}","service":"stargem-manager","timestamp":"2026-05-04 01:44:06"}
{"level":"info","message":"GET /api/todos 304 in 284ms :: [{\"id\":1,\"text\":\"Implementare verifica SMS/Whats…","service":"stargem-manager","timestamp":"2026-05-04 01:44:07"}
{"level":"info","message":"GET /api/team-comments 304 in 287ms :: [{\"id\":20,\"authorId\":\"admin-id\",\"authorN…","service":"stargem-manager","timestamp":"2026-05-04 01:44:07"}
{"level":"info","message":"GET /api/users/presence/active 200 in 430ms :: [{\"id\":\"admin-id\",\"username\":\"ad…","service":"stargem-manager","timestamp":"2026-05-04 01:44:07"}
{"level":"info","message":"POST /api/users/presence/heartbeat 200 in 341ms :: {\"success\":true}","service":"stargem-manager","timestamp":"2026-05-04 01:44:15"}
{"level":"info","message":"GET /api/staff-rates 304 in 288ms :: [{\"id\":1,\"tenantId\":1,\"serviceCode\":\"allen…","service":"stargem-manager","timestamp":"2026-05-04 01:44:17"}
{"level":"info","message":"GET /api/todos 304 in 213ms :: [{\"id\":1,\"text\":\"Implementare verifica SMS/Whats…","service":"stargem-manager","timestamp":"2026-05-04 01:44:17"}
{"level":"info","message":"GET /api/team-comments 304 in 214ms :: [{\"id\":20,\"authorId\":\"admin-id\",\"authorN…","service":"stargem-manager","timestamp":"2026-05-04 01:44:17"}
{"level":"info","message":"GET /api/users/presence/active 200 in 545ms :: [{\"id\":\"admin-id\",\"username\":\"ad…","service":"stargem-manager","timestamp":"2026-05-04 01:44:23"}
{"level":"info","message":"Server started. Serving on port 5001","service":"stargem-manager","timestamp":"2026-05-04 01:47:35"}
{"level":"info","message":"GET /api/user 200 in 132ms :: {\"id\":\"admin-id\",\"username\":\"admin\",\"password\":\"d…","service":"stargem-manager","timestamp":"2026-05-04 01:48:15"}
{"level":"info","message":"GET /api/gemteam/permessi/pending-count 304 in 186ms :: {\"count\":0}","service":"stargem-manager","timestamp":"2026-05-04 01:48:16"}
{"level":"info","message":"GET /api/activities-summary 304 in 201ms :: {\"corsi\":{\"total\":289,\"active\":289}…","service":"stargem-manager","timestamp":"2026-05-04 01:48:16"}
{"level":"info","message":"GET /api/latest-activity 304 in 201ms :: {\"id\":2614,\"userId\":\"admin-id\",\"action…","service":"stargem-manager","timestamp":"2026-05-04 01:48:16"}
{"level":"info","message":"GET /api/team-notes 304 in 343ms :: []","service":"stargem-manager","timestamp":"2026-05-04 01:48:16"}
{"level":"info","message":"GET /api/users/presence/active 200 in 511ms :: [{\"id\":\"admin-id\",\"username\":\"ad…","service":"stargem-manager","timestamp":"2026-05-04 01:48:16"}
{"level":"info","message":"GET /api/todos 304 in 372ms :: [{\"id\":1,\"text\":\"Implementare verifica SMS/Whats…","service":"stargem-manager","timestamp":"2026-05-04 01:48:16"}
{"level":"info","message":"POST /api/users/presence/heartbeat 200 in 560ms :: {\"success\":true}","service":"stargem-manager","timestamp":"2026-05-04 01:48:16"}
{"level":"info","message":"GET /api/team-comments 304 in 359ms :: [{\"id\":20,\"authorId\":\"admin-id\",\"authorN…","service":"stargem-manager","timestamp":"2026-05-04 01:48:16"}
{"level":"info","message":"GET /api/custom-lists/activity_types 304 in 187ms :: {\"items\":[]}","service":"stargem-manager","timestamp":"2026-05-04 01:48:17"}
{"level":"info","message":"GET /api/seasons 304 in 213ms :: [{\"id\":2,\"name\":\"2026/2027\",\"description\":null…","service":"stargem-manager","timestamp":"2026-05-04 01:48:17"}
{"level":"info","message":"GET /api/course-quotes-grid 304 in 260ms :: [{\"id\":99,\"seasonId\":1,\"activityTyp…","service":"stargem-manager","timestamp":"2026-05-04 01:48:17"}
{"level":"info","message":"GET /api/staff-rates 304 in 262ms :: [{\"id\":1,\"tenantId\":1,\"serviceCode\":\"allen…","service":"stargem-manager","timestamp":"2026-05-04 01:48:20"}
{"level":"info","message":"GET /api/todos 304 in 317ms :: [{\"id\":1,\"text\":\"Implementare verifica SMS/Whats…","service":"stargem-manager","timestamp":"2026-05-04 01:48:26"}
{"level":"info","message":"GET /api/team-comments 304 in 340ms :: [{\"id\":20,\"authorId\":\"admin-id\",\"authorN…","service":"stargem-manager","timestamp":"2026-05-04 01:48:26"}
{"level":"info","message":"GET /api/users/presence/active 200 in 514ms :: [{\"id\":\"admin-id\",\"username\":\"ad…","service":"stargem-manager","timestamp":"2026-05-04 01:48:32"}
{"level":"info","message":"GET /api/course-quotes-grid 304 in 235ms :: []","service":"stargem-manager","timestamp":"2026-05-04 01:48:36"}
{"level":"info","message":"GET /api/todos 304 in 217ms :: [{\"id\":1,\"text\":\"Implementare verifica SMS/Whats…","service":"stargem-manager","timestamp":"2026-05-04 01:48:37"}
{"level":"info","message":"GET /api/team-comments 304 in 218ms :: [{\"id\":20,\"authorId\":\"admin-id\",\"authorN…","service":"stargem-manager","timestamp":"2026-05-04 01:48:37"}
{"level":"info","message":"POST /api/users/presence/heartbeat 200 in 340ms :: {\"success\":true}","service":"stargem-manager","timestamp":"2026-05-04 01:48:46"}
{"level":"info","message":"GET /api/team-comments 304 in 225ms :: [{\"id\":20,\"authorId\":\"admin-id\",\"authorN…","service":"stargem-manager","timestamp":"2026-05-04 01:48:47"}
{"level":"info","message":"GET /api/todos 304 in 249ms :: [{\"id\":1,\"text\":\"Implementare verifica SMS/Whats…","service":"stargem-manager","timestamp":"2026-05-04 01:48:47"}
{"level":"info","message":"GET /api/users/presence/active 200 in 559ms :: [{\"id\":\"admin-id\",\"username\":\"ad…","service":"stargem-manager","timestamp":"2026-05-04 01:48:47"}
{"level":"info","message":"GET /api/price-matrix/full-catalog 200 in 299ms :: {\"season\":{\"id\":1,\"name\":\"St…","service":"stargem-manager","timestamp":"2026-05-04 01:48:52"}
{"level":"info","message":"GET /api/team-comments 304 in 309ms :: [{\"id\":20,\"authorId\":\"admin-id\",\"authorN…","service":"stargem-manager","timestamp":"2026-05-04 01:48:57"}
{"level":"info","message":"GET /api/todos 304 in 332ms :: [{\"id\":1,\"text\":\"Implementare verifica SMS/Whats…","service":"stargem-manager","timestamp":"2026-05-04 01:48:57"}
{"level":"info","message":"GET /api/users/presence/active 304 in 522ms :: [{\"id\":\"admin-id\",\"username\":\"ad…","service":"stargem-manager","timestamp":"2026-05-04 01:49:03"}
{"level":"info","message":"GET /api/team-comments 304 in 305ms :: [{\"id\":20,\"authorId\":\"admin-id\",\"authorN…","service":"stargem-manager","timestamp":"2026-05-04 01:49:07"}
{"level":"info","message":"GET /api/todos 304 in 305ms :: [{\"id\":1,\"text\":\"Implementare verifica SMS/Whats…","service":"stargem-manager","timestamp":"2026-05-04 01:49:08"}
{"level":"info","message":"GET /api/gemteam/permessi/pending-count 304 in 235ms :: {\"count\":0}","service":"stargem-manager","timestamp":"2026-05-04 01:49:16"}
{"level":"info","message":"GET /api/team-comments 304 in 283ms :: [{\"id\":20,\"authorId\":\"admin-id\",\"authorN…","service":"stargem-manager","timestamp":"2026-05-04 01:49:18"}
{"level":"info","message":"GET /api/todos 304 in 284ms :: [{\"id\":1,\"text\":\"Implementare verifica SMS/Whats…","service":"stargem-manager","timestamp":"2026-05-04 01:49:18"}
{"level":"info","message":"GET /api/users/presence/active 304 in 520ms :: [{\"id\":\"admin-id\",\"username\":\"ad…","service":"stargem-manager","timestamp":"2026-05-04 01:49:18"}
{"level":"info","message":"POST /api/users/presence/heartbeat 200 in 343ms :: {\"success\":true}","service":"stargem-manager","timestamp":"2026-05-04 01:49:25"}
{"level":"info","message":"GET /api/team-comments 304 in 299ms :: [{\"id\":20,\"authorId\":\"admin-id\",\"authorN…","service":"stargem-manager","timestamp":"2026-05-04 01:49:28"}
{"level":"info","message":"GET /api/todos 304 in 303ms :: [{\"id\":1,\"text\":\"Implementare verifica SMS/Whats…","service":"stargem-manager","timestamp":"2026-05-04 01:49:28"}
{"level":"info","message":"GET /api/users/presence/active 200 in 609ms :: [{\"id\":\"admin-id\",\"username\":\"ad…","service":"stargem-manager","timestamp":"2026-05-04 01:49:34"}
{"level":"info","message":"GET /api/team-comments 304 in 300ms :: [{\"id\":20,\"authorId\":\"admin-id\",\"authorN…","service":"stargem-manager","timestamp":"2026-05-04 01:49:38"}
{"level":"info","message":"GET /api/todos 304 in 303ms :: [{\"id\":1,\"text\":\"Implementare verifica SMS/Whats…","service":"stargem-manager","timestamp":"2026-05-04 01:49:38"}
{"level":"info","message":"GET /api/team-comments 304 in 310ms :: [{\"id\":20,\"authorId\":\"admin-id\",\"authorN…","service":"stargem-manager","timestamp":"2026-05-04 01:49:49"}
{"level":"info","message":"GET /api/todos 304 in 312ms :: [{\"id\":1,\"text\":\"Implementare verifica SMS/Whats…","service":"stargem-manager","timestamp":"2026-05-04 01:49:49"}
{"level":"info","message":"GET /api/users/presence/active 200 in 433ms :: [{\"id\":\"admin-id\",\"username\":\"ad…","service":"stargem-manager","timestamp":"2026-05-04 01:49:49"}
{"level":"info","message":"GET /api/team-notes 304 in 312ms :: []","service":"stargem-manager","timestamp":"2026-05-04 01:49:52"}
{"level":"info","message":"GET /api/courses 200 in 255ms :: [{\"id\":813,\"sku\":\"2526CAMPUSDANZAS2\",\"name\":\"C…","service":"stargem-manager","timestamp":"2026-05-04 01:49:53"}
{"level":"info","message":"GET /api/gemstaff/pt 304 in 449ms :: [{\"id\":2,\"firstName\":\"MARCO\",\"lastName\":\"M…","service":"stargem-manager","timestamp":"2026-05-04 01:49:53"}
{"level":"info","message":"GET /api/gemstaff/insegnanti 304 in 451ms :: [{\"id\":3,\"firstName\":\"ROBERTO\",\"la…","service":"stargem-manager","timestamp":"2026-05-04 01:49:53"}
{"level":"info","message":"GET /api/instructors 304 in 472ms :: [{\"id\":2336,\"userId\":null,\"firstName\":\"ANT…","service":"stargem-manager","timestamp":"2026-05-04 01:49:53"}
{"level":"info","message":"POST /api/users/presence/heartbeat 200 in 344ms :: {\"success\":true}","service":"stargem-manager","timestamp":"2026-05-04 01:49:55"}
{"level":"info","message":"GET /api/team-comments 304 in 305ms :: [{\"id\":20,\"authorId\":\"admin-id\",\"authorN…","service":"stargem-manager","timestamp":"2026-05-04 01:49:59"}
{"level":"info","message":"GET /api/todos 304 in 306ms :: [{\"id\":1,\"text\":\"Implementare verifica SMS/Whats…","service":"stargem-manager","timestamp":"2026-05-04 01:49:59"}
{"level":"info","message":"GET /api/instructor-agreements 304 in 238ms :: [{\"id\":15,\"tenantId\":1,\"memberId…","service":"stargem-manager","timestamp":"2026-05-04 01:49:59"}
{"level":"info","message":"GET /api/payments 304 in 203ms :: []","service":"stargem-manager","timestamp":"2026-05-04 01:50:00"}
{"level":"info","message":"GET /api/gemstaff/presenze/5/2026 304 in 186ms :: []","service":"stargem-manager","timestamp":"2026-05-04 01:50:05"}
{"level":"info","message":"GET /api/gemstaff/sostituzioni/5/2026 304 in 384ms :: []","service":"stargem-manager","timestamp":"2026-05-04 01:50:05"}
{"level":"info","message":"GET /api/users/presence/active 200 in 525ms :: [{\"id\":\"admin-id\",\"username\":\"ad…","service":"stargem-manager","timestamp":"2026-05-04 01:50:05"}
{"level":"info","message":"GET /api/team-comments 304 in 299ms :: [{\"id\":20,\"authorId\":\"admin-id\",\"authorN…","service":"stargem-manager","timestamp":"2026-05-04 01:50:09"}
{"level":"info","message":"GET /api/todos 304 in 303ms :: [{\"id\":1,\"text\":\"Implementare verifica SMS/Whats…","service":"stargem-manager","timestamp":"2026-05-04 01:50:09"}
{"level":"info","message":"GET /api/gemteam/permessi/pending-count 304 in 234ms :: {\"count\":0}","service":"stargem-manager","timestamp":"2026-05-04 01:50:16"}
{"level":"info","message":"GET /api/team-notes 304 in 321ms :: []","service":"stargem-manager","timestamp":"2026-05-04 01:50:18"}
{"level":"info","message":"GET /api/custom-lists/livello 304 in 197ms :: {\"id\":5,\"name\":\"Livello\",\"systemN…","service":"stargem-manager","timestamp":"2026-05-04 01:50:19"}
{"level":"info","message":"GET /api/custom-lists/campus 304 in 197ms :: {\"id\":22,\"name\":\"Campus\",\"systemNa…","service":"stargem-manager","timestamp":"2026-05-04 01:50:19"}
{"level":"info","message":"GET /api/custom-lists/posti_disponibili 304 in 200ms :: {\"id\":14,\"name\":\"Posti …","service":"stargem-manager","timestamp":"2026-05-04 01:50:19"}
{"level":"info","message":"GET /api/custom-lists/nomi_corsi 304 in 201ms :: {\"id\":15,\"name\":\"Generi Corsi\"…","service":"stargem-manager","timestamp":"2026-05-04 01:50:19"}
{"level":"info","message":"GET /api/custom-lists/fascia_eta 304 in 221ms :: {\"id\":6,\"name\":\"Fascia età\",\"s…","service":"stargem-manager","timestamp":"2026-05-04 01:50:19"}
{"level":"info","message":"GET /api/custom-lists/numero_persone 304 in 232ms :: {\"id\":25,\"name\":\"Numero Pe…","service":"stargem-manager","timestamp":"2026-05-04 01:50:19"}
{"level":"info","message":"GET /api/activity-statuses 304 in 166ms :: [{\"id\":5,\"name\":\"APERTO\",\"color\":\"#2…","service":"stargem-manager","timestamp":"2026-05-04 01:50:19"}
{"level":"info","message":"GET /api/studios 304 in 189ms :: [{\"id\":10,\"name\":\"STUDIO 01 (80mq)\",\"floor\":\"\"…","service":"stargem-manager","timestamp":"2026-05-04 01:50:19"}
{"level":"info","message":"GET /api/quotes 304 in 172ms :: [{\"id\":34,\"name\":\"1 OPEN BALLO\",\"amount\":\"1300.…","service":"stargem-manager","timestamp":"2026-05-04 01:50:19"}
{"level":"info","message":"GET /api/custom-lists/categorie 304 in 214ms :: {\"id\":23,\"name\":\"Categorie\",\"sy…","service":"stargem-manager","timestamp":"2026-05-04 01:50:19"}
{"level":"info","message":"GET /api/custom-lists/pacchetti_prenotazioni 304 in 183ms :: {\"items\":[]}","service":"stargem-manager","timestamp":"2026-05-04 01:50:19"}
{"level":"info","message":"GET /api/enrollments 200 in 277ms :: [{\"id\":65,\"memberId\":14194,\"courseId\":7,\"p…","service":"stargem-manager","timestamp":"2026-05-04 01:50:19"}
{"level":"info","message":"GET /api/attendances 304 in 212ms :: []","service":"stargem-manager","timestamp":"2026-05-04 01:50:19"}
{"level":"info","message":"GET /api/courses 200 in 233ms :: [{\"id\":517,\"sku\":\"2526STANISCIMAR13\",\"name\":\"P…","service":"stargem-manager","timestamp":"2026-05-04 01:50:19"}
{"level":"info","message":"GET /api/custom-lists/genere 304 in 259ms :: {\"id\":21,\"name\":\"Generi Workshop\",…","service":"stargem-manager","timestamp":"2026-05-04 01:50:19"}
{"level":"info","message":"GET /api/custom-lists/stato_corso 304 in 238ms :: {\"id\":34,\"name\":\"Stato Corso\"…","service":"stargem-manager","timestamp":"2026-05-04 01:50:19"}
{"level":"info","message":"GET /api/members 304 in 264ms :: {\"members\":[{\"id\":15616,\"firstName\":\"LIA\",\"las…","service":"stargem-manager","timestamp":"2026-05-04 01:50:19"}
{"level":"info","message":"GET /api/todos 304 in 220ms :: [{\"id\":1,\"text\":\"Implementare verifica SMS/Whats…","service":"stargem-manager","timestamp":"2026-05-04 01:50:20"}
{"level":"info","message":"GET /api/team-comments 304 in 243ms :: [{\"id\":20,\"authorId\":\"admin-id\",\"authorN…","service":"stargem-manager","timestamp":"2026-05-04 01:50:20"}
{"level":"info","message":"GET /api/users/presence/active 304 in 525ms :: [{\"id\":\"admin-id\",\"username\":\"ad…","service":"stargem-manager","timestamp":"2026-05-04 01:50:20"}
{"level":"info","message":"GET /api/strategic-events/closed-days 304 in 336ms :: {\"closedDays\":[\"2026-11-0…","service":"stargem-manager","timestamp":"2026-05-04 01:50:25"}
{"level":"info","message":"GET /api/courses 200 in 353ms :: [{\"id\":517,\"sku\":\"2526STANISCIMAR13\",\"name\":\"P…","service":"stargem-manager","timestamp":"2026-05-04 01:50:25"}
{"level":"info","message":"GET /api/courses 200 in 368ms :: [{\"id\":845,\"sku\":\"2627MALINMER17\",\"name\":\"Danz…","service":"stargem-manager","timestamp":"2026-05-04 01:50:25"}
{"level":"info","message":"POST /api/users/presence/heartbeat 200 in 371ms :: {\"success\":true}","service":"stargem-manager","timestamp":"2026-05-04 01:50:25"}
{"level":"info","message":"GET /api/courses 304 in 252ms :: [{\"id\":845,\"sku\":\"2627MALINMER17\",\"name\":\"Danz…","service":"stargem-manager","timestamp":"2026-05-04 01:50:26"}
{"level":"info","message":"GET /api/todos 304 in 299ms :: [{\"id\":1,\"text\":\"Implementare verifica SMS/Whats…","service":"stargem-manager","timestamp":"2026-05-04 01:50:32"}
{"level":"info","message":"GET /api/team-comments 304 in 323ms :: [{\"id\":20,\"authorId\":\"admin-id\",\"authorN…","service":"stargem-manager","timestamp":"2026-05-04 01:50:32"}
{"level":"info","message":"GET /api/strategic-events/closed-days 304 in 360ms :: {\"closedDays\":[\"2026-11-0…","service":"stargem-manager","timestamp":"2026-05-04 01:50:37"}
{"level":"info","message":"GET /api/courses 304 in 383ms :: [{\"id\":845,\"sku\":\"2627MALINMER17\",\"name\":\"Danz…","service":"stargem-manager","timestamp":"2026-05-04 01:50:37"}
{"level":"info","message":"GET /api/users/presence/active 200 in 549ms :: [{\"id\":\"admin-id\",\"username\":\"ad…","service":"stargem-manager","timestamp":"2026-05-04 01:50:39"}
{"level":"info","message":"GET /api/todos 304 in 308ms :: [{\"id\":1,\"text\":\"Implementare verifica SMS/Whats…","service":"stargem-manager","timestamp":"2026-05-04 01:50:42"}
{"level":"info","message":"GET /api/team-comments 304 in 308ms :: [{\"id\":20,\"authorId\":\"admin-id\",\"authorN…","service":"stargem-manager","timestamp":"2026-05-04 01:50:42"}
{"level":"info","message":"GET /api/todos 304 in 302ms :: [{\"id\":1,\"text\":\"Implementare verifica SMS/Whats…","service":"stargem-manager","timestamp":"2026-05-04 01:50:53"}
{"level":"info","message":"GET /api/team-comments 304 in 304ms :: [{\"id\":20,\"authorId\":\"admin-id\",\"authorN…","service":"stargem-manager","timestamp":"2026-05-04 01:50:53"}
{"level":"info","message":"GET /api/users/presence/active 200 in 519ms :: [{\"id\":\"admin-id\",\"username\":\"ad…","service":"stargem-manager","timestamp":"2026-05-04 01:50:55"}
{"level":"info","message":"GET /api/user 200 in 151ms :: {\"id\":\"admin-id\",\"username\":\"admin\",\"password\":\"d…","service":"stargem-manager","timestamp":"2026-05-04 01:51:02"}
{"level":"info","message":"GET /api/latest-activity 304 in 232ms :: {\"id\":2614,\"userId\":\"admin-id\",\"action…","service":"stargem-manager","timestamp":"2026-05-04 01:51:02"}
{"level":"info","message":"GET /api/activities-summary 304 in 235ms :: {\"corsi\":{\"total\":289,\"active\":289}…","service":"stargem-manager","timestamp":"2026-05-04 01:51:02"}
{"level":"info","message":"GET /api/todos 304 in 181ms :: [{\"id\":1,\"text\":\"Implementare verifica SMS/Whats…","service":"stargem-manager","timestamp":"2026-05-04 01:51:02"}
{"level":"info","message":"GET /api/users/presence/active 200 in 494ms :: [{\"id\":\"admin-id\",\"username\":\"ad…","service":"stargem-manager","timestamp":"2026-05-04 01:51:03"}
{"level":"info","message":"GET /api/gemteam/permessi/pending-count 304 in 326ms :: {\"count\":0}","service":"stargem-manager","timestamp":"2026-05-04 01:51:03"}
{"level":"info","message":"GET /api/team-comments 304 in 336ms :: [{\"id\":20,\"authorId\":\"admin-id\",\"authorN…","service":"stargem-manager","timestamp":"2026-05-04 01:51:03"}
{"level":"info","message":"GET /api/team-notes 304 in 322ms :: []","service":"stargem-manager","timestamp":"2026-05-04 01:51:03"}
{"level":"info","message":"POST /api/users/presence/heartbeat 200 in 482ms :: {\"success\":true}","service":"stargem-manager","timestamp":"2026-05-04 01:51:03"}
{"level":"info","message":"GET /api/custom-lists/fascia_eta 304 in 198ms :: {\"id\":6,\"name\":\"Fascia età\",\"s…","service":"stargem-manager","timestamp":"2026-05-04 01:51:03"}
{"level":"info","message":"GET /api/custom-lists/nomi_corsi 304 in 201ms :: {\"id\":15,\"name\":\"Generi Corsi\"…","service":"stargem-manager","timestamp":"2026-05-04 01:51:03"}
{"level":"info","message":"GET /api/custom-lists/numero_persone 304 in 198ms :: {\"id\":25,\"name\":\"Numero Pe…","service":"stargem-manager","timestamp":"2026-05-04 01:51:03"}
{"level":"info","message":"GET /api/custom-lists/livello 304 in 199ms :: {\"id\":5,\"name\":\"Livello\",\"systemN…","service":"stargem-manager","timestamp":"2026-05-04 01:51:03"}
{"level":"info","message":"GET /api/custom-lists/posti_disponibili 304 in 201ms :: {\"id\":14,\"name\":\"Posti …","service":"stargem-manager","timestamp":"2026-05-04 01:51:03"}
{"level":"info","message":"GET /api/custom-lists/campus 304 in 220ms :: {\"id\":22,\"name\":\"Campus\",\"systemNa…","service":"stargem-manager","timestamp":"2026-05-04 01:51:03"}
{"level":"info","message":"GET /api/quotes 304 in 168ms :: [{\"id\":34,\"name\":\"1 OPEN BALLO\",\"amount\":\"1300.…","service":"stargem-manager","timestamp":"2026-05-04 01:51:04"}
{"level":"info","message":"GET /api/studios 304 in 171ms :: [{\"id\":10,\"name\":\"STUDIO 01 (80mq)\",\"floor\":\"\"…","service":"stargem-manager","timestamp":"2026-05-04 01:51:04"}
{"level":"info","message":"GET /api/activity-statuses 304 in 173ms :: [{\"id\":5,\"name\":\"APERTO\",\"color\":\"#2…","service":"stargem-manager","timestamp":"2026-05-04 01:51:04"}
{"level":"info","message":"GET /api/custom-lists/categorie 304 in 199ms :: {\"id\":23,\"name\":\"Categorie\",\"sy…","service":"stargem-manager","timestamp":"2026-05-04 01:51:04"}
{"level":"info","message":"GET /api/custom-lists/genere 304 in 223ms :: {\"id\":21,\"name\":\"Generi Workshop\",…","service":"stargem-manager","timestamp":"2026-05-04 01:51:04"}
{"level":"info","message":"GET /api/courses 304 in 251ms :: [{\"id\":517,\"sku\":\"2526STANISCIMAR13\",\"name\":\"P…","service":"stargem-manager","timestamp":"2026-05-04 01:51:04"}
{"level":"info","message":"GET /api/seasons 304 in 177ms :: [{\"id\":2,\"name\":\"2026/2027\",\"description\":null…","service":"stargem-manager","timestamp":"2026-05-04 01:51:04"}
{"level":"info","message":"GET /api/instructors 304 in 201ms :: [{\"id\":2336,\"userId\":null,\"firstName\":\"ANT…","service":"stargem-manager","timestamp":"2026-05-04 01:51:04"}
{"level":"info","message":"GET /api/custom-lists/pacchetti_prenotazioni 304 in 198ms :: {\"items\":[]}","service":"stargem-manager","timestamp":"2026-05-04 01:51:04"}
{"level":"info","message":"GET /api/attendances 304 in 254ms :: []","service":"stargem-manager","timestamp":"2026-05-04 01:51:04"}
{"level":"info","message":"GET /api/enrollments 304 in 282ms :: [{\"id\":65,\"memberId\":14194,\"courseId\":7,\"p…","service":"stargem-manager","timestamp":"2026-05-04 01:51:04"}
{"level":"info","message":"GET /api/members 304 in 225ms :: {\"members\":[{\"id\":15616,\"firstName\":\"LIA\",\"las…","service":"stargem-manager","timestamp":"2026-05-04 01:51:04"}
{"level":"info","message":"GET /api/custom-lists/stato_corso 304 in 206ms :: {\"id\":34,\"name\":\"Stato Corso\"…","service":"stargem-manager","timestamp":"2026-05-04 01:51:04"}
{"level":"info","message":"GET /api/todos 304 in 236ms :: [{\"id\":1,\"text\":\"Implementare verifica SMS/Whats…","service":"stargem-manager","timestamp":"2026-05-04 01:51:13"}
{"level":"info","message":"GET /api/team-comments 304 in 157ms :: [{\"id\":20,\"authorId\":\"admin-id\",\"authorN…","service":"stargem-manager","timestamp":"2026-05-04 01:51:13"}
{"level":"info","message":"GET /api/users/presence/active 200 in 533ms :: [{\"id\":\"admin-id\",\"username\":\"ad…","service":"stargem-manager","timestamp":"2026-05-04 01:51:18"}
{"level":"info","message":"GET /api/todos 304 in 236ms :: [{\"id\":1,\"text\":\"Implementare verifica SMS/Whats…","service":"stargem-manager","timestamp":"2026-05-04 01:51:23"}
{"level":"info","message":"GET /api/team-comments 304 in 179ms :: [{\"id\":20,\"authorId\":\"admin-id\",\"authorN…","service":"stargem-manager","timestamp":"2026-05-04 01:51:23"}
{"level":"info","message":"GET /api/todos 304 in 303ms :: [{\"id\":1,\"text\":\"Implementare verifica SMS/Whats…","service":"stargem-manager","timestamp":"2026-05-04 01:51:33"}
{"level":"info","message":"GET /api/team-comments 304 in 220ms :: [{\"id\":20,\"authorId\":\"admin-id\",\"authorN…","service":"stargem-manager","timestamp":"2026-05-04 01:51:33"}
{"level":"info","message":"GET /api/users/presence/active 200 in 438ms :: [{\"id\":\"admin-id\",\"username\":\"ad…","service":"stargem-manager","timestamp":"2026-05-04 01:51:34"}
{"level":"info","message":"GET /api/todos 304 in 282ms :: [{\"id\":1,\"text\":\"Implementare verifica SMS/Whats…","service":"stargem-manager","timestamp":"2026-05-04 01:51:43"}
{"level":"info","message":"GET /api/team-comments 304 in 262ms :: [{\"id\":20,\"authorId\":\"admin-id\",\"authorN…","service":"stargem-manager","timestamp":"2026-05-04 01:51:44"}
{"level":"info","message":"GET /api/users/presence/active 304 in 531ms :: [{\"id\":\"admin-id\",\"username\":\"ad…","service":"stargem-manager","timestamp":"2026-05-04 01:51:49"}
{"level":"info","message":"GET /api/todos 304 in 281ms :: [{\"id\":1,\"text\":\"Implementare verifica SMS/Whats…","service":"stargem-manager","timestamp":"2026-05-04 01:51:54"}
{"level":"info","message":"GET /api/team-comments 304 in 281ms :: [{\"id\":20,\"authorId\":\"admin-id\",\"authorN…","service":"stargem-manager","timestamp":"2026-05-04 01:51:54"}
{"level":"info","message":"GET /api/gemteam/permessi/pending-count 304 in 234ms :: {\"count\":0}","service":"stargem-manager","timestamp":"2026-05-04 01:52:03"}
{"level":"info","message":"GET /api/todos 304 in 252ms :: [{\"id\":1,\"text\":\"Implementare verifica SMS/Whats…","service":"stargem-manager","timestamp":"2026-05-04 01:52:04"}
{"level":"info","message":"GET /api/team-comments 304 in 252ms :: [{\"id\":20,\"authorId\":\"admin-id\",\"authorN…","service":"stargem-manager","timestamp":"2026-05-04 01:52:04"}
{"level":"info","message":"GET /api/users/presence/active 304 in 425ms :: [{\"id\":\"admin-id\",\"username\":\"ad…","service":"stargem-manager","timestamp":"2026-05-04 01:52:05"}
{"level":"info","message":"POST /api/users/presence/heartbeat 200 in 343ms :: {\"success\":true}","service":"stargem-manager","timestamp":"2026-05-04 01:52:08"}
{"level":"info","message":"GET /api/courses 304 in 351ms :: [{\"id\":517,\"sku\":\"2526STANISCIMAR13\",\"name\":\"P…","service":"stargem-manager","timestamp":"2026-05-04 01:52:11"}
{"level":"info","message":"GET /api/strategic-events/closed-days 304 in 363ms :: {\"closedDays\":[\"2026-11-0…","service":"stargem-manager","timestamp":"2026-05-04 01:52:11"}
{"level":"info","message":"GET /api/courses 304 in 365ms :: [{\"id\":845,\"sku\":\"2627MALINMER17\",\"name\":\"Danz…","service":"stargem-manager","timestamp":"2026-05-04 01:52:11"}
{"level":"info","message":"GET /api/courses 304 in 214ms :: [{\"id\":845,\"sku\":\"2627MALINMER17\",\"name\":\"Danz…","service":"stargem-manager","timestamp":"2026-05-04 01:52:11"}
{"level":"info","message":"GET /api/todos 304 in 281ms :: [{\"id\":1,\"text\":\"Implementare verifica SMS/Whats…","service":"stargem-manager","timestamp":"2026-05-04 01:52:14"}
{"level":"info","message":"GET /api/team-comments 304 in 284ms :: [{\"id\":20,\"authorId\":\"admin-id\",\"authorN…","service":"stargem-manager","timestamp":"2026-05-04 01:52:14"}
{"level":"info","message":"GET /api/users/presence/active 200 in 578ms :: [{\"id\":\"admin-id\",\"username\":\"ad…","service":"stargem-manager","timestamp":"2026-05-04 01:52:24"}
{"level":"info","message":"GET /api/todos 304 in 201ms :: [{\"id\":1,\"text\":\"Implementare verifica SMS/Whats…","service":"stargem-manager","timestamp":"2026-05-04 01:52:25"}
{"level":"info","message":"GET /api/team-comments 304 in 204ms :: [{\"id\":20,\"authorId\":\"admin-id\",\"authorN…","service":"stargem-manager","timestamp":"2026-05-04 01:52:25"}
{"level":"info","message":"GET /api/todos 304 in 293ms :: [{\"id\":1,\"text\":\"Implementare verifica SMS/Whats…","service":"stargem-manager","timestamp":"2026-05-04 01:52:35"}
{"level":"info","message":"GET /api/team-comments 304 in 296ms :: [{\"id\":20,\"authorId\":\"admin-id\",\"authorN…","service":"stargem-manager","timestamp":"2026-05-04 01:52:35"}
{"level":"info","message":"POST /api/users/presence/heartbeat 200 in 343ms :: {\"success\":true}","service":"stargem-manager","timestamp":"2026-05-04 01:52:38"}
{"level":"info","message":"GET /api/users/presence/active 200 in 521ms :: [{\"id\":\"admin-id\",\"username\":\"ad…","service":"stargem-manager","timestamp":"2026-05-04 01:52:40"}
{"level":"info","message":"GET /api/todos 304 in 286ms :: [{\"id\":1,\"text\":\"Implementare verifica SMS/Whats…","service":"stargem-manager","timestamp":"2026-05-04 01:52:45"}
{"level":"info","message":"GET /api/team-comments 304 in 287ms :: [{\"id\":20,\"authorId\":\"admin-id\",\"authorN…","service":"stargem-manager","timestamp":"2026-05-04 01:52:45"}
{"level":"info","message":"GET /api/users/presence/active 304 in 581ms :: [{\"id\":\"admin-id\",\"username\":\"ad…","service":"stargem-manager","timestamp":"2026-05-04 01:52:55"}
{"level":"info","message":"GET /api/team-comments 304 in 205ms :: [{\"id\":20,\"authorId\":\"admin-id\",\"authorN…","service":"stargem-manager","timestamp":"2026-05-04 01:52:55"}
{"level":"info","message":"GET /api/todos 304 in 233ms :: [{\"id\":1,\"text\":\"Implementare verifica SMS/Whats…","service":"stargem-manager","timestamp":"2026-05-04 01:52:55"}
{"level":"info","message":"GET /api/gemteam/permessi/pending-count 304 in 239ms :: {\"count\":0}","service":"stargem-manager","timestamp":"2026-05-04 01:53:03"}
{"level":"info","message":"GET /api/team-comments 304 in 305ms :: [{\"id\":20,\"authorId\":\"admin-id\",\"authorN…","service":"stargem-manager","timestamp":"2026-05-04 01:53:06"}
{"level":"info","message":"GET /api/todos 304 in 305ms :: [{\"id\":1,\"text\":\"Implementare verifica SMS/Whats…","service":"stargem-manager","timestamp":"2026-05-04 01:53:06"}
{"level":"info","message":"GET /api/users/presence/active 304 in 520ms :: [{\"id\":\"admin-id\",\"username\":\"ad…","service":"stargem-manager","timestamp":"2026-05-04 01:53:11"}
{"level":"info","message":"GET /api/team-comments 304 in 302ms :: [{\"id\":20,\"authorId\":\"admin-id\",\"authorN…","service":"stargem-manager","timestamp":"2026-05-04 01:53:16"}
{"level":"info","message":"GET /api/todos 304 in 304ms :: [{\"id\":1,\"text\":\"Implementare verifica SMS/Whats…","service":"stargem-manager","timestamp":"2026-05-04 01:53:16"}
{"level":"info","message":"GET /api/team-comments 304 in 340ms :: [{\"id\":20,\"authorId\":\"admin-id\",\"authorN…","service":"stargem-manager","timestamp":"2026-05-04 01:53:26"}
{"level":"info","message":"GET /api/todos 304 in 342ms :: [{\"id\":1,\"text\":\"Implementare verifica SMS/Whats…","service":"stargem-manager","timestamp":"2026-05-04 01:53:26"}
{"level":"info","message":"GET /api/users/presence/active 304 in 589ms :: [{\"id\":\"admin-id\",\"username\":\"ad…","service":"stargem-manager","timestamp":"2026-05-04 01:53:26"}
{"level":"info","message":"GET /api/team-comments 304 in 304ms :: [{\"id\":20,\"authorId\":\"admin-id\",\"authorN…","service":"stargem-manager","timestamp":"2026-05-04 01:53:37"}
{"level":"info","message":"GET /api/todos 304 in 305ms :: [{\"id\":1,\"text\":\"Implementare verifica SMS/Whats…","service":"stargem-manager","timestamp":"2026-05-04 01:53:37"}
{"level":"info","message":"GET /api/users/presence/active 200 in 583ms :: [{\"id\":\"admin-id\",\"username\":\"ad…","service":"stargem-manager","timestamp":"2026-05-04 01:53:42"}
{"level":"info","message":"GET /api/team-comments 304 in 313ms :: [{\"id\":20,\"authorId\":\"admin-id\",\"authorN…","service":"stargem-manager","timestamp":"2026-05-04 01:53:47"}
{"level":"info","message":"GET /api/todos 304 in 316ms :: [{\"id\":1,\"text\":\"Implementare verifica SMS/Whats…","service":"stargem-manager","timestamp":"2026-05-04 01:53:47"}
{"level":"info","message":"GET /api/team-comments 304 in 298ms :: [{\"id\":20,\"authorId\":\"admin-id\",\"authorN…","service":"stargem-manager","timestamp":"2026-05-04 01:53:57"}
{"level":"info","message":"GET /api/todos 304 in 301ms :: [{\"id\":1,\"text\":\"Implementare verifica SMS/Whats…","service":"stargem-manager","timestamp":"2026-05-04 01:53:57"}
{"level":"info","message":"GET /api/users/presence/active 304 in 590ms :: [{\"id\":\"admin-id\",\"username\":\"ad…","service":"stargem-manager","timestamp":"2026-05-04 01:53:58"}
{"level":"info","message":"GET /api/gemteam/permessi/pending-count 304 in 234ms :: {\"count\":0}","service":"stargem-manager","timestamp":"2026-05-04 01:54:03"}
{"level":"info","message":"GET /api/team-comments 304 in 300ms :: [{\"id\":20,\"authorId\":\"admin-id\",\"authorN…","service":"stargem-manager","timestamp":"2026-05-04 01:54:08"}
{"level":"info","message":"GET /api/todos 304 in 304ms :: [{\"id\":1,\"text\":\"Implementare verifica SMS/Whats…","service":"stargem-manager","timestamp":"2026-05-04 01:54:08"}
{"level":"info","message":"GET /api/users/presence/active 304 in 527ms :: [{\"id\":\"admin-id\",\"username\":\"ad…","service":"stargem-manager","timestamp":"2026-05-04 01:54:13"}
{"level":"info","message":"GET /api/team-comments 304 in 303ms :: [{\"id\":20,\"authorId\":\"admin-id\",\"authorN…","service":"stargem-manager","timestamp":"2026-05-04 01:54:18"}
{"level":"info","message":"GET /api/todos 304 in 305ms :: [{\"id\":1,\"text\":\"Implementare verifica SMS/Whats…","service":"stargem-manager","timestamp":"2026-05-04 01:54:18"}
{"level":"info","message":"GET /api/team-comments 304 in 293ms :: [{\"id\":20,\"authorId\":\"admin-id\",\"authorN…","service":"stargem-manager","timestamp":"2026-05-04 01:54:28"}
{"level":"info","message":"GET /api/todos 304 in 318ms :: [{\"id\":1,\"text\":\"Implementare verifica SMS/Whats…","service":"stargem-manager","timestamp":"2026-05-04 01:54:28"}
{"level":"info","message":"GET /api/users/presence/active 304 in 481ms :: [{\"id\":\"admin-id\",\"username\":\"ad…","service":"stargem-manager","timestamp":"2026-05-04 01:54:29"}
{"level":"info","message":"GET /api/team-comments 304 in 287ms :: [{\"id\":20,\"authorId\":\"admin-id\",\"authorN…","service":"stargem-manager","timestamp":"2026-05-04 01:54:38"}
{"level":"info","message":"GET /api/todos 304 in 294ms :: [{\"id\":1,\"text\":\"Implementare verifica SMS/Whats…","service":"stargem-manager","timestamp":"2026-05-04 01:54:39"}
{"level":"info","message":"GET /api/users/presence/active 200 in 546ms :: [{\"id\":\"admin-id\",\"username\":\"ad…","service":"stargem-manager","timestamp":"2026-05-04 01:54:44"}
{"level":"info","message":"GET /api/team-comments 304 in 282ms :: [{\"id\":20,\"authorId\":\"admin-id\",\"authorN…","service":"stargem-manager","timestamp":"2026-05-04 01:54:49"}
{"level":"info","message":"GET /api/todos 304 in 254ms :: [{\"id\":1,\"text\":\"Implementare verifica SMS/Whats…","service":"stargem-manager","timestamp":"2026-05-04 01:54:49"}
{"level":"info","message":"GET /api/team-comments 304 in 301ms :: [{\"id\":20,\"authorId\":\"admin-id\",\"authorN…","service":"stargem-manager","timestamp":"2026-05-04 01:54:59"}
{"level":"info","message":"GET /api/todos 304 in 301ms :: [{\"id\":1,\"text\":\"Implementare verifica SMS/Whats…","service":"stargem-manager","timestamp":"2026-05-04 01:54:59"}
{"level":"info","message":"GET /api/users/presence/active 304 in 477ms :: [{\"id\":\"admin-id\",\"username\":\"ad…","service":"stargem-manager","timestamp":"2026-05-04 01:55:00"}
{"level":"info","message":"GET /api/gemteam/permessi/pending-count 304 in 243ms :: {\"count\":0}","service":"stargem-manager","timestamp":"2026-05-04 01:55:04"}
{"level":"info","message":"GET /api/team-comments 304 in 300ms :: [{\"id\":20,\"authorId\":\"admin-id\",\"authorN…","service":"stargem-manager","timestamp":"2026-05-04 01:55:09"}
{"level":"info","message":"GET /api/todos 304 in 302ms :: [{\"id\":1,\"text\":\"Implementare verifica SMS/Whats…","service":"stargem-manager","timestamp":"2026-05-04 01:55:09"}
{"level":"info","message":"GET /api/users/presence/active 304 in 524ms :: [{\"id\":\"admin-id\",\"username\":\"ad…","service":"stargem-manager","timestamp":"2026-05-04 01:55:15"}
{"level":"info","message":"GET /api/team-comments 304 in 309ms :: [{\"id\":20,\"authorId\":\"admin-id\",\"authorN…","service":"stargem-manager","timestamp":"2026-05-04 01:55:20"}
{"level":"info","message":"GET /api/todos 304 in 309ms :: [{\"id\":1,\"text\":\"Implementare verifica SMS/Whats…","service":"stargem-manager","timestamp":"2026-05-04 01:55:20"}
{"level":"info","message":"GET /api/team-comments 304 in 304ms :: [{\"id\":20,\"authorId\":\"admin-id\",\"authorN…","service":"stargem-manager","timestamp":"2026-05-04 01:55:30"}
{"level":"info","message":"GET /api/todos 304 in 304ms :: [{\"id\":1,\"text\":\"Implementare verifica SMS/Whats…","service":"stargem-manager","timestamp":"2026-05-04 01:55:30"}
{"level":"info","message":"GET /api/users/presence/active 304 in 426ms :: [{\"id\":\"admin-id\",\"username\":\"ad…","service":"stargem-manager","timestamp":"2026-05-04 01:55:31"}
{"level":"info","message":"GET /api/team-comments 304 in 298ms :: [{\"id\":20,\"authorId\":\"admin-id\",\"authorN…","service":"stargem-manager","timestamp":"2026-05-04 01:55:40"}
{"level":"info","message":"GET /api/todos 304 in 302ms :: [{\"id\":1,\"text\":\"Implementare verifica SMS/Whats…","service":"stargem-manager","timestamp":"2026-05-04 01:55:40"}
{"level":"info","message":"GET /api/users/presence/active 200 in 567ms :: [{\"id\":\"admin-id\",\"username\":\"ad…","service":"stargem-manager","timestamp":"2026-05-04 01:55:46"}
{"level":"info","message":"GET /api/team-comments 304 in 302ms :: [{\"id\":20,\"authorId\":\"admin-id\",\"authorN…","service":"stargem-manager","timestamp":"2026-05-04 01:55:51"}
{"level":"info","message":"GET /api/todos 304 in 302ms :: [{\"id\":1,\"text\":\"Implementare verifica SMS/Whats…","service":"stargem-manager","timestamp":"2026-05-04 01:55:51"}
{"level":"info","message":"GET /api/team-comments 304 in 311ms :: [{\"id\":20,\"authorId\":\"admin-id\",\"authorN…","service":"stargem-manager","timestamp":"2026-05-04 01:56:01"}
{"level":"info","message":"GET /api/todos 304 in 316ms :: [{\"id\":1,\"text\":\"Implementare verifica SMS/Whats…","service":"stargem-manager","timestamp":"2026-05-04 01:56:01"}
{"level":"info","message":"GET /api/users/presence/active 304 in 422ms :: [{\"id\":\"admin-id\",\"username\":\"ad…","service":"stargem-manager","timestamp":"2026-05-04 01:56:02"}
{"level":"info","message":"GET /api/gemteam/permessi/pending-count 304 in 239ms :: {\"count\":0}","service":"stargem-manager","timestamp":"2026-05-04 01:56:04"}
{"level":"info","message":"GET /api/team-comments 304 in 300ms :: [{\"id\":20,\"authorId\":\"admin-id\",\"authorN…","service":"stargem-manager","timestamp":"2026-05-04 01:56:11"}
{"level":"info","message":"GET /api/todos 304 in 299ms :: [{\"id\":1,\"text\":\"Implementare verifica SMS/Whats…","service":"stargem-manager","timestamp":"2026-05-04 01:56:11"}
{"level":"info","message":"GET /api/users/presence/active 304 in 531ms :: [{\"id\":\"admin-id\",\"username\":\"ad…","service":"stargem-manager","timestamp":"2026-05-04 01:56:17"}
{"level":"info","message":"POST /api/users/presence/heartbeat 200 in 341ms :: {\"success\":true}","service":"stargem-manager","timestamp":"2026-05-04 01:56:20"}
{"level":"info","message":"GET /api/team-comments 304 in 312ms :: [{\"id\":20,\"authorId\":\"admin-id\",\"authorN…","service":"stargem-manager","timestamp":"2026-05-04 01:56:22"}
{"level":"info","message":"GET /api/todos 304 in 315ms :: [{\"id\":1,\"text\":\"Implementare verifica SMS/Whats…","service":"stargem-manager","timestamp":"2026-05-04 01:56:22"}
{"level":"info","message":"GET /api/team-comments 304 in 308ms :: [{\"id\":20,\"authorId\":\"admin-id\",\"authorN…","service":"stargem-manager","timestamp":"2026-05-04 01:56:32"}
{"level":"info","message":"GET /api/todos 304 in 309ms :: [{\"id\":1,\"text\":\"Implementare verifica SMS/Whats…","service":"stargem-manager","timestamp":"2026-05-04 01:56:32"}
{"level":"info","message":"GET /api/users/presence/active 200 in 417ms :: [{\"id\":\"admin-id\",\"username\":\"ad…","service":"stargem-manager","timestamp":"2026-05-04 01:56:33"}
{"level":"info","message":"GET /api/team-comments 304 in 299ms :: [{\"id\":20,\"authorId\":\"admin-id\",\"authorN…","service":"stargem-manager","timestamp":"2026-05-04 01:56:42"}
{"level":"info","message":"GET /api/todos 304 in 300ms :: [{\"id\":1,\"text\":\"Implementare verifica SMS/Whats…","service":"stargem-manager","timestamp":"2026-05-04 01:56:42"}
{"level":"info","message":"GET /api/users/presence/active 304 in 523ms :: [{\"id\":\"admin-id\",\"username\":\"ad…","service":"stargem-manager","timestamp":"2026-05-04 01:56:48"}
{"level":"info","message":"GET /api/team-comments 304 in 306ms :: [{\"id\":20,\"authorId\":\"admin-id\",\"authorN…","service":"stargem-manager","timestamp":"2026-05-04 01:56:52"}
{"level":"info","message":"GET /api/todos 304 in 306ms :: [{\"id\":1,\"text\":\"Implementare verifica SMS/Whats…","service":"stargem-manager","timestamp":"2026-05-04 01:56:52"}
{"level":"info","message":"GET /api/team-comments 304 in 302ms :: [{\"id\":20,\"authorId\":\"admin-id\",\"authorN…","service":"stargem-manager","timestamp":"2026-05-04 01:57:03"}
{"level":"info","message":"GET /api/todos 304 in 303ms :: [{\"id\":1,\"text\":\"Implementare verifica SMS/Whats…","service":"stargem-manager","timestamp":"2026-05-04 01:57:03"}
{"level":"info","message":"GET /api/users/presence/active 200 in 426ms :: [{\"id\":\"admin-id\",\"username\":\"ad…","service":"stargem-manager","timestamp":"2026-05-04 01:57:04"}
{"level":"info","message":"GET /api/gemteam/permessi/pending-count 304 in 166ms :: {\"count\":0}","service":"stargem-manager","timestamp":"2026-05-04 01:57:04"}
{"level":"info","message":"GET /api/team-comments 304 in 309ms :: [{\"id\":20,\"authorId\":\"admin-id\",\"authorN…","service":"stargem-manager","timestamp":"2026-05-04 01:57:13"}
{"level":"info","message":"GET /api/todos 304 in 311ms :: [{\"id\":1,\"text\":\"Implementare verifica SMS/Whats…","service":"stargem-manager","timestamp":"2026-05-04 01:57:13"}
{"level":"info","message":"GET /api/courses 304 in 266ms :: [{\"id\":845,\"sku\":\"2627MALINMER17\",\"name\":\"Danz…","service":"stargem-manager","timestamp":"2026-05-04 01:57:15"}
{"level":"info","message":"GET /api/strategic-events/closed-days 304 in 291ms :: {\"closedDays\":[\"2026-11-0…","service":"stargem-manager","timestamp":"2026-05-04 01:57:15"}
{"level":"info","message":"GET /api/users/presence/active 304 in 579ms :: [{\"id\":\"admin-id\",\"username\":\"ad…","service":"stargem-manager","timestamp":"2026-05-04 01:57:19"}
{"level":"info","message":"GET /api/team-comments 304 in 305ms :: [{\"id\":20,\"authorId\":\"admin-id\",\"authorN…","service":"stargem-manager","timestamp":"2026-05-04 01:57:23"}
{"level":"info","message":"GET /api/todos 304 in 305ms :: [{\"id\":1,\"text\":\"Implementare verifica SMS/Whats…","service":"stargem-manager","timestamp":"2026-05-04 01:57:23"}
{"level":"info","message":"GET /api/team-comments 304 in 300ms :: [{\"id\":20,\"authorId\":\"admin-id\",\"authorN…","service":"stargem-manager","timestamp":"2026-05-04 01:57:34"}
{"level":"info","message":"GET /api/todos 304 in 302ms :: [{\"id\":1,\"text\":\"Implementare verifica SMS/Whats…","service":"stargem-manager","timestamp":"2026-05-04 01:57:34"}
{"level":"info","message":"GET /api/users/presence/active 304 in 471ms :: [{\"id\":\"admin-id\",\"username\":\"ad…","service":"stargem-manager","timestamp":"2026-05-04 01:57:35"}
{"level":"info","message":"GET /api/team-comments 304 in 307ms :: [{\"id\":20,\"authorId\":\"admin-id\",\"authorN…","service":"stargem-manager","timestamp":"2026-05-04 01:57:44"}
{"level":"info","message":"GET /api/todos 304 in 307ms :: [{\"id\":1,\"text\":\"Implementare verifica SMS/Whats…","service":"stargem-manager","timestamp":"2026-05-04 01:57:44"}
{"level":"info","message":"GET /api/users/presence/active 304 in 517ms :: [{\"id\":\"admin-id\",\"username\":\"ad…","service":"stargem-manager","timestamp":"2026-05-04 01:57:50"}
{"level":"info","message":"GET /api/team-comments 304 in 298ms :: [{\"id\":20,\"authorId\":\"admin-id\",\"authorN…","service":"stargem-manager","timestamp":"2026-05-04 01:57:54"}
{"level":"info","message":"GET /api/todos 304 in 302ms :: [{\"id\":1,\"text\":\"Implementare verifica SMS/Whats…","service":"stargem-manager","timestamp":"2026-05-04 01:57:54"}
{"level":"info","message":"GET /api/gemteam/permessi/pending-count 304 in 238ms :: {\"count\":0}","service":"stargem-manager","timestamp":"2026-05-04 01:58:04"}
{"level":"info","message":"GET /api/team-comments 304 in 224ms :: [{\"id\":20,\"authorId\":\"admin-id\",\"authorN…","service":"stargem-manager","timestamp":"2026-05-04 01:58:05"}
{"level":"info","message":"GET /api/todos 304 in 227ms :: [{\"id\":1,\"text\":\"Implementare verifica SMS/Whats…","service":"stargem-manager","timestamp":"2026-05-04 01:58:05"}
{"level":"info","message":"GET /api/users/presence/active 200 in 409ms :: [{\"id\":\"admin-id\",\"username\":\"ad…","service":"stargem-manager","timestamp":"2026-05-04 01:58:06"}
{"level":"info","message":"GET /api/team-comments 304 in 310ms :: [{\"id\":20,\"authorId\":\"admin-id\",\"authorN…","service":"stargem-manager","timestamp":"2026-05-04 01:58:15"}
{"level":"info","message":"GET /api/todos 304 in 311ms :: [{\"id\":1,\"text\":\"Implementare verifica SMS/Whats…","service":"stargem-manager","timestamp":"2026-05-04 01:58:15"}
{"level":"info","message":"GET /api/users/presence/active 304 in 540ms :: [{\"id\":\"admin-id\",\"username\":\"ad…","service":"stargem-manager","timestamp":"2026-05-04 01:58:21"}
{"level":"info","message":"GET /api/team-comments 304 in 306ms :: [{\"id\":20,\"authorId\":\"admin-id\",\"authorN…","service":"stargem-manager","timestamp":"2026-05-04 01:58:25"}
{"level":"info","message":"GET /api/todos 304 in 306ms :: [{\"id\":1,\"text\":\"Implementare verifica SMS/Whats…","service":"stargem-manager","timestamp":"2026-05-04 01:58:25"}
{"level":"info","message":"GET /api/team-comments 304 in 302ms :: [{\"id\":20,\"authorId\":\"admin-id\",\"authorN…","service":"stargem-manager","timestamp":"2026-05-04 01:58:35"}
{"level":"info","message":"GET /api/todos 304 in 304ms :: [{\"id\":1,\"text\":\"Implementare verifica SMS/Whats…","service":"stargem-manager","timestamp":"2026-05-04 01:58:36"}
{"level":"info","message":"GET /api/users/presence/active 304 in 451ms :: [{\"id\":\"admin-id\",\"username\":\"ad…","service":"stargem-manager","timestamp":"2026-05-04 01:58:37"}
{"level":"info","message":"GET /api/team-comments 304 in 304ms :: [{\"id\":20,\"authorId\":\"admin-id\",\"authorN…","service":"stargem-manager","timestamp":"2026-05-04 01:58:46"}
{"level":"info","message":"GET /api/todos 304 in 305ms :: [{\"id\":1,\"text\":\"Implementare verifica SMS/Whats…","service":"stargem-manager","timestamp":"2026-05-04 01:58:46"}
{"level":"info","message":"GET /api/users/presence/active 304 in 525ms :: [{\"id\":\"admin-id\",\"username\":\"ad…","service":"stargem-manager","timestamp":"2026-05-04 01:58:52"}
{"level":"info","message":"GET /api/team-comments 304 in 202ms :: [{\"id\":20,\"authorId\":\"admin-id\",\"authorN…","service":"stargem-manager","timestamp":"2026-05-04 01:58:56"}
{"level":"info","message":"GET /api/todos 304 in 201ms :: [{\"id\":1,\"text\":\"Implementare verifica SMS/Whats…","service":"stargem-manager","timestamp":"2026-05-04 01:58:56"}
{"level":"info","message":"POST /api/users/presence/heartbeat 200 in 450ms :: {\"success\":true}","service":"stargem-manager","timestamp":"2026-05-04 01:58:56"}
{"level":"info","message":"GET /api/enrollments 200 in 301ms :: [{\"id\":593,\"memberId\":14327,\"courseId\":30}…","service":"stargem-manager","timestamp":"2026-05-04 01:59:03"}
{"level":"info","message":"GET /api/custom-lists/stato_corso 304 in 345ms :: {\"id\":34,\"name\":\"Stato Corso\"…","service":"stargem-manager","timestamp":"2026-05-04 01:59:03"}
{"level":"info","message":"GET /api/custom-lists/tag_interni 304 in 369ms :: {\"id\":35,\"name\":\"Interno Cors…","service":"stargem-manager","timestamp":"2026-05-04 01:59:03"}
{"level":"info","message":"GET /api/gemteam/permessi/pending-count 304 in 233ms :: {\"count\":0}","service":"stargem-manager","timestamp":"2026-05-04 01:59:05"}
{"level":"info","message":"GET /api/team-comments 304 in 312ms :: [{\"id\":20,\"authorId\":\"admin-id\",\"authorN…","service":"stargem-manager","timestamp":"2026-05-04 01:59:06"}
{"level":"info","message":"GET /api/todos 304 in 313ms :: [{\"id\":1,\"text\":\"Implementare verifica SMS/Whats…","service":"stargem-manager","timestamp":"2026-05-04 01:59:06"}
{"level":"info","message":"GET /api/users/presence/active 200 in 470ms :: [{\"id\":\"admin-id\",\"username\":\"ad…","service":"stargem-manager","timestamp":"2026-05-04 01:59:08"}
{"level":"info","message":"GET /api/team-comments 304 in 309ms :: [{\"id\":20,\"authorId\":\"admin-id\",\"authorN…","service":"stargem-manager","timestamp":"2026-05-04 01:59:17"}
{"level":"info","message":"GET /api/todos 304 in 312ms :: [{\"id\":1,\"text\":\"Implementare verifica SMS/Whats…","service":"stargem-manager","timestamp":"2026-05-04 01:59:17"}
{"level":"info","message":"GET /api/users/presence/active 304 in 588ms :: [{\"id\":\"admin-id\",\"username\":\"ad…","service":"stargem-manager","timestamp":"2026-05-04 01:59:24"}
{"level":"info","message":"POST /api/users/presence/heartbeat 200 in 291ms :: {\"success\":true}","service":"stargem-manager","timestamp":"2026-05-04 01:59:26"}
{"level":"info","message":"GET /api/team-comments 304 in 254ms :: [{\"id\":20,\"authorId\":\"admin-id\",\"authorN…","service":"stargem-manager","timestamp":"2026-05-04 01:59:27"}
{"level":"info","message":"GET /api/todos 304 in 254ms :: [{\"id\":1,\"text\":\"Implementare verifica SMS/Whats…","service":"stargem-manager","timestamp":"2026-05-04 01:59:27"}
{"level":"info","message":"GET /api/team-comments 304 in 309ms :: [{\"id\":20,\"authorId\":\"admin-id\",\"authorN…","service":"stargem-manager","timestamp":"2026-05-04 01:59:37"}
{"level":"info","message":"GET /api/todos 304 in 312ms :: [{\"id\":1,\"text\":\"Implementare verifica SMS/Whats…","service":"stargem-manager","timestamp":"2026-05-04 01:59:37"}
{"level":"info","message":"GET /api/users/presence/active 200 in 587ms :: [{\"id\":\"admin-id\",\"username\":\"ad…","service":"stargem-manager","timestamp":"2026-05-04 01:59:40"}
{"level":"info","message":"GET /api/team-comments 304 in 302ms :: [{\"id\":20,\"authorId\":\"admin-id\",\"authorN…","service":"stargem-manager","timestamp":"2026-05-04 01:59:48"}
{"level":"info","message":"GET /api/todos 304 in 303ms :: [{\"id\":1,\"text\":\"Implementare verifica SMS/Whats…","service":"stargem-manager","timestamp":"2026-05-04 01:59:48"}
{"level":"info","message":"GET /api/users/presence/active 304 in 521ms :: [{\"id\":\"admin-id\",\"username\":\"ad…","service":"stargem-manager","timestamp":"2026-05-04 01:59:56"}
{"level":"info","message":"POST /api/users/presence/heartbeat 200 in 259ms :: {\"success\":true}","service":"stargem-manager","timestamp":"2026-05-04 01:59:56"}
{"level":"info","message":"GET /api/team-comments 304 in 308ms :: [{\"id\":20,\"authorId\":\"admin-id\",\"authorN…","service":"stargem-manager","timestamp":"2026-05-04 01:59:58"}
{"level":"info","message":"GET /api/todos 304 in 308ms :: [{\"id\":1,\"text\":\"Implementare verifica SMS/Whats…","service":"stargem-manager","timestamp":"2026-05-04 01:59:58"}
{"level":"info","message":"GET /api/gemteam/permessi/pending-count 304 in 240ms :: {\"count\":0}","service":"stargem-manager","timestamp":"2026-05-04 02:00:05"}
{"level":"info","message":"GET /api/team-comments 304 in 308ms :: [{\"id\":20,\"authorId\":\"admin-id\",\"authorN…","service":"stargem-manager","timestamp":"2026-05-04 02:00:08"}
{"level":"info","message":"GET /api/todos 304 in 307ms :: [{\"id\":1,\"text\":\"Implementare verifica SMS/Whats…","service":"stargem-manager","timestamp":"2026-05-04 02:00:08"}
{"level":"info","message":"GET /api/users/presence/active 200 in 543ms :: [{\"id\":\"admin-id\",\"username\":\"ad…","service":"stargem-manager","timestamp":"2026-05-04 02:00:11"}
{"level":"info","message":"GET /api/team-comments 304 in 308ms :: [{\"id\":20,\"authorId\":\"admin-id\",\"authorN…","service":"stargem-manager","timestamp":"2026-05-04 02:00:18"}
{"level":"info","message":"GET /api/todos 304 in 309ms :: [{\"id\":1,\"text\":\"Implementare verifica SMS/Whats…","service":"stargem-manager","timestamp":"2026-05-04 02:00:18"}
{"level":"info","message":"POST /api/users/presence/heartbeat 200 in 472ms :: {\"success\":true}","service":"stargem-manager","timestamp":"2026-05-04 02:00:26"}
{"level":"info","message":"GET /api/users/presence/active 200 in 497ms :: [{\"id\":\"admin-id\",\"username\":\"ad…","service":"stargem-manager","timestamp":"2026-05-04 02:00:27"}
{"level":"info","message":"GET /api/team-comments 304 in 316ms :: [{\"id\":20,\"authorId\":\"admin-id\",\"authorN…","service":"stargem-manager","timestamp":"2026-05-04 02:00:29"}
{"level":"info","message":"GET /api/todos 304 in 318ms :: [{\"id\":1,\"text\":\"Implementare verifica SMS/Whats…","service":"stargem-manager","timestamp":"2026-05-04 02:00:29"}
{"level":"info","message":"GET /api/team-comments 304 in 308ms :: [{\"id\":20,\"authorId\":\"admin-id\",\"authorN…","service":"stargem-manager","timestamp":"2026-05-04 02:00:39"}
{"level":"info","message":"GET /api/todos 304 in 307ms :: [{\"id\":1,\"text\":\"Implementare verifica SMS/Whats…","service":"stargem-manager","timestamp":"2026-05-04 02:00:39"}
{"level":"info","message":"GET /api/users/presence/active 304 in 550ms :: [{\"id\":\"admin-id\",\"username\":\"ad…","service":"stargem-manager","timestamp":"2026-05-04 02:00:42"}
{"level":"info","message":"GET /api/team-comments 304 in 304ms :: [{\"id\":20,\"authorId\":\"admin-id\",\"authorN…","service":"stargem-manager","timestamp":"2026-05-04 02:00:49"}
{"level":"info","message":"GET /api/todos 304 in 308ms :: [{\"id\":1,\"text\":\"Implementare verifica SMS/Whats…","service":"stargem-manager","timestamp":"2026-05-04 02:00:49"}
{"level":"info","message":"POST /api/users/presence/heartbeat 200 in 350ms :: {\"success\":true}","service":"stargem-manager","timestamp":"2026-05-04 02:00:57"}
{"level":"info","message":"GET /api/users/presence/active 200 in 502ms :: [{\"id\":\"admin-id\",\"username\":\"ad…","service":"stargem-manager","timestamp":"2026-05-04 02:00:58"}
{"level":"info","message":"GET /api/team-comments 304 in 305ms :: [{\"id\":20,\"authorId\":\"admin-id\",\"authorN…","service":"stargem-manager","timestamp":"2026-05-04 02:01:00"}
{"level":"info","message":"GET /api/todos 304 in 304ms :: [{\"id\":1,\"text\":\"Implementare verifica SMS/Whats…","service":"stargem-manager","timestamp":"2026-05-04 02:01:00"}
{"level":"info","message":"GET /api/gemteam/permessi/pending-count 304 in 236ms :: {\"count\":0}","service":"stargem-manager","timestamp":"2026-05-04 02:01:05"}
{"level":"info","message":"GET /api/team-comments 304 in 303ms :: [{\"id\":20,\"authorId\":\"admin-id\",\"authorN…","service":"stargem-manager","timestamp":"2026-05-04 02:01:10"}
{"level":"info","message":"GET /api/todos 304 in 302ms :: [{\"id\":1,\"text\":\"Implementare verifica SMS/Whats…","service":"stargem-manager","timestamp":"2026-05-04 02:01:10"}
{"level":"info","message":"GET /api/users/presence/active 304 in 557ms :: [{\"id\":\"admin-id\",\"username\":\"ad…","service":"stargem-manager","timestamp":"2026-05-04 02:01:13"}
{"level":"info","message":"GET /api/team-comments 304 in 304ms :: [{\"id\":20,\"authorId\":\"admin-id\",\"authorN…","service":"stargem-manager","timestamp":"2026-05-04 02:01:20"}
{"level":"info","message":"GET /api/todos 304 in 305ms :: [{\"id\":1,\"text\":\"Implementare verifica SMS/Whats…","service":"stargem-manager","timestamp":"2026-05-04 02:01:20"}
{"level":"info","message":"POST /api/users/presence/heartbeat 200 in 338ms :: {\"success\":true}","service":"stargem-manager","timestamp":"2026-05-04 02:01:27"}
{"level":"info","message":"GET /api/users/presence/active 200 in 529ms :: [{\"id\":\"admin-id\",\"username\":\"ad…","service":"stargem-manager","timestamp":"2026-05-04 02:01:29"}
{"level":"info","message":"POST /api/courses 201 in 368ms :: {\"id\":850,\"sku\":\"2627ALMEIDALUN17\",\"name\":\"Ca…","service":"stargem-manager","timestamp":"2026-05-04 02:01:29"}
{"level":"info","message":"POST /api/courses 201 in 368ms :: {\"id\":849,\"sku\":\"2627ALMEIDALUN19\",\"name\":\"Fu…","service":"stargem-manager","timestamp":"2026-05-04 02:01:29"}
{"level":"info","message":"POST /api/courses 201 in 393ms :: {\"id\":851,\"sku\":\"2627PALAZZOTTOLUN17\",\"name\":…","service":"stargem-manager","timestamp":"2026-05-04 02:01:29"}
{"level":"info","message":"GET /api/team-comments 304 in 264ms :: [{\"id\":20,\"authorId\":\"admin-id\",\"authorN…","service":"stargem-manager","timestamp":"2026-05-04 02:01:31"}
{"level":"info","message":"GET /api/todos 304 in 288ms :: [{\"id\":1,\"text\":\"Implementare verifica SMS/Whats…","service":"stargem-manager","timestamp":"2026-05-04 02:01:31"}
{"level":"info","message":"GET /api/users/presence/active 304 in 552ms :: [{\"id\":\"admin-id\",\"username\":\"ad…","service":"stargem-manager","timestamp":"2026-05-04 02:01:44"}
{"level":"info","message":"GET /api/team-comments 304 in 201ms :: [{\"id\":20,\"authorId\":\"admin-id\",\"authorN…","service":"stargem-manager","timestamp":"2026-05-04 02:01:45"}
{"level":"info","message":"GET /api/todos 304 in 224ms :: [{\"id\":1,\"text\":\"Implementare verifica SMS/Whats…","service":"stargem-manager","timestamp":"2026-05-04 02:01:45"}
{"level":"info","message":"GET /api/courses 200 in 236ms :: [{\"id\":849,\"sku\":\"2627ALMEIDALUN19\",\"name\":\"Fu…","service":"stargem-manager","timestamp":"2026-05-04 02:01:46"}
{"level":"info","message":"GET /api/courses 200 in 260ms :: [{\"id\":849,\"sku\":\"2627ALMEIDALUN19\",\"name\":\"Fu…","service":"stargem-manager","timestamp":"2026-05-04 02:01:46"}
{"level":"info","message":"GET /api/courses 304 in 222ms :: [{\"id\":849,\"sku\":\"2627ALMEIDALUN19\",\"name\":\"Fu…","service":"stargem-manager","timestamp":"2026-05-04 02:01:46"}
{"level":"info","message":"GET /api/courses 304 in 215ms :: [{\"id\":849,\"sku\":\"2627ALMEIDALUN19\",\"name\":\"Fu…","service":"stargem-manager","timestamp":"2026-05-04 02:01:46"}
{"level":"info","message":"GET /api/team-comments 304 in 306ms :: [{\"id\":20,\"authorId\":\"admin-id\",\"authorN…","service":"stargem-manager","timestamp":"2026-05-04 02:01:55"}
{"level":"info","message":"GET /api/todos 304 in 303ms :: [{\"id\":1,\"text\":\"Implementare verifica SMS/Whats…","service":"stargem-manager","timestamp":"2026-05-04 02:01:55"}
{"level":"info","message":"POST /api/users/presence/heartbeat 200 in 338ms :: {\"success\":true}","service":"stargem-manager","timestamp":"2026-05-04 02:01:57"}
{"level":"info","message":"GET /api/users/presence/active 200 in 521ms :: [{\"id\":\"admin-id\",\"username\":\"ad…","service":"stargem-manager","timestamp":"2026-05-04 02:02:00"}
{"level":"info","message":"GET /api/team-comments 304 in 310ms :: [{\"id\":20,\"authorId\":\"admin-id\",\"authorN…","service":"stargem-manager","timestamp":"2026-05-04 02:02:05"}
{"level":"info","message":"GET /api/todos 304 in 288ms :: [{\"id\":1,\"text\":\"Implementare verifica SMS/Whats…","service":"stargem-manager","timestamp":"2026-05-04 02:02:05"}
{"level":"info","message":"GET /api/gemteam/permessi/pending-count 304 in 264ms :: {\"count\":0}","service":"stargem-manager","timestamp":"2026-05-04 02:02:05"}
{"level":"info","message":"GET /api/team-notes 304 in 330ms :: []","service":"stargem-manager","timestamp":"2026-05-04 02:02:11"}
{"level":"info","message":"GET /api/courses/850/enrolled-members 200 in 195ms :: []","service":"stargem-manager","timestamp":"2026-05-04 02:02:12"}
{"level":"info","message":"GET /api/courses 200 in 213ms :: [{\"id\":813,\"sku\":\"2526CAMPUSDANZAS2\",\"name\":\"C…","service":"stargem-manager","timestamp":"2026-05-04 02:02:12"}
{"level":"info","message":"GET /api/strategic-events 304 in 244ms :: [{\"id\":48,\"title\":\"Ferragosto\",\"descr…","service":"stargem-manager","timestamp":"2026-05-04 02:02:12"}
{"level":"info","message":"GET /api/payments 304 in 268ms :: []","service":"stargem-manager","timestamp":"2026-05-04 02:02:12"}
{"level":"info","message":"GET /api/team-notes 304 in 303ms :: []","service":"stargem-manager","timestamp":"2026-05-04 02:02:15"}
{"level":"info","message":"GET /api/custom-lists/numero_persone 304 in 350ms :: {\"id\":25,\"name\":\"Numero Pe…","service":"stargem-manager","timestamp":"2026-05-04 02:02:15"}
{"level":"info","message":"GET /api/custom-lists/fascia_eta 304 in 351ms :: {\"id\":6,\"name\":\"Fascia età\",\"s…","service":"stargem-manager","timestamp":"2026-05-04 02:02:15"}
{"level":"info","message":"GET /api/custom-lists/nomi_corsi 304 in 352ms :: {\"id\":15,\"name\":\"Generi Corsi\"…","service":"stargem-manager","timestamp":"2026-05-04 02:02:15"}
{"level":"info","message":"GET /api/custom-lists/posti_disponibili 304 in 352ms :: {\"id\":14,\"name\":\"Posti …","service":"stargem-manager","timestamp":"2026-05-04 02:02:15"}
{"level":"info","message":"GET /api/custom-lists/livello 304 in 375ms :: {\"id\":5,\"name\":\"Livello\",\"systemN…","service":"stargem-manager","timestamp":"2026-05-04 02:02:15"}
{"level":"info","message":"GET /api/custom-lists/pacchetti_prenotazioni 304 in 168ms :: {\"items\":[]}","service":"stargem-manager","timestamp":"2026-05-04 02:02:15"}
{"level":"info","message":"GET /api/custom-lists/categorie 304 in 221ms :: {\"id\":23,\"name\":\"Categorie\",\"sy…","service":"stargem-manager","timestamp":"2026-05-04 02:02:15"}
{"level":"info","message":"GET /api/custom-lists/campus 304 in 218ms :: {\"id\":22,\"name\":\"Campus\",\"systemNa…","service":"stargem-manager","timestamp":"2026-05-04 02:02:15"}
{"level":"info","message":"GET /api/todos 304 in 181ms :: [{\"id\":1,\"text\":\"Implementare verifica SMS/Whats…","service":"stargem-manager","timestamp":"2026-05-04 02:02:15"}
{"level":"info","message":"GET /api/custom-lists/genere 304 in 236ms :: {\"id\":21,\"name\":\"Generi Workshop\",…","service":"stargem-manager","timestamp":"2026-05-04 02:02:15"}
{"level":"info","message":"GET /api/users/presence/active 304 in 444ms :: [{\"id\":\"admin-id\",\"username\":\"ad…","service":"stargem-manager","timestamp":"2026-05-04 02:02:16"}
{"level":"info","message":"GET /api/team-comments 304 in 325ms :: [{\"id\":20,\"authorId\":\"admin-id\",\"authorN…","service":"stargem-manager","timestamp":"2026-05-04 02:02:16"}
{"level":"info","message":"GET /api/todos 304 in 238ms :: [{\"id\":1,\"text\":\"Implementare verifica SMS/Whats…","service":"stargem-manager","timestamp":"2026-05-04 02:02:26"}
{"level":"info","message":"GET /api/team-comments 304 in 157ms :: [{\"id\":20,\"authorId\":\"admin-id\",\"authorN…","service":"stargem-manager","timestamp":"2026-05-04 02:02:26"}
{"level":"info","message":"POST /api/users/presence/heartbeat 200 in 298ms :: {\"success\":true}","service":"stargem-manager","timestamp":"2026-05-04 02:02:27"}
{"level":"info","message":"GET /api/team-notes 304 in 310ms :: []","service":"stargem-manager","timestamp":"2026-05-04 02:02:28"}
{"level":"info","message":"GET /api/config/center-hours 304 in 155ms :: {\"start\":\"07:00\",\"end\":\"23:30\",\"da…","service":"stargem-manager","timestamp":"2026-05-04 02:02:29"}
{"level":"info","message":"GET /api/workshop-attendances 200 in 156ms","service":"stargem-manager","timestamp":"2026-05-04 02:02:29"}
{"level":"info","message":"GET /api/workshops 200 in 157ms","service":"stargem-manager","timestamp":"2026-05-04 02:02:29"}
{"level":"info","message":"GET /api/payment-methods 500 in 176ms :: {\"message\":\"Failed to fetch payment me…","service":"stargem-manager","timestamp":"2026-05-04 02:02:29"}
{"level":"info","message":"GET /api/booking-services 304 in 185ms :: [{\"id\":8,\"name\":\"Lezione Zaccaria\",\"d…","service":"stargem-manager","timestamp":"2026-05-04 02:02:29"}
{"level":"info","message":"GET /api/enrollments 200 in 322ms :: [{\"id\":256,\"memberId\":14240,\"courseId\":385…","service":"stargem-manager","timestamp":"2026-05-04 02:02:29"}
{"level":"info","message":"GET /api/workshops 200 in 180ms","service":"stargem-manager","timestamp":"2026-05-04 02:02:29"}
{"level":"info","message":"GET /api/studio-bookings 304 in 208ms :: []","service":"stargem-manager","timestamp":"2026-05-04 02:02:29"}
{"level":"info","message":"GET /api/strategic-events 304 in 240ms :: [{\"id\":61,\"title\":\"Ferragosto\",\"descr…","service":"stargem-manager","timestamp":"2026-05-04 02:02:29"}
{"level":"info","message":"GET /api/courses 200 in 282ms :: [{\"id\":849,\"sku\":\"2627ALMEIDALUN19\",\"name\":\"Fu…","service":"stargem-manager","timestamp":"2026-05-04 02:02:29"}
{"level":"info","message":"GET /api/courses 304 in 277ms :: [{\"id\":849,\"sku\":\"2627ALMEIDALUN19\",\"name\":\"Fu…","service":"stargem-manager","timestamp":"2026-05-04 02:02:29"}
{"level":"info","message":"GET /api/strategic-events/closed-days 304 in 201ms :: {\"closedDays\":[\"2026-11-0…","service":"stargem-manager","timestamp":"2026-05-04 02:02:29"}
{"level":"info","message":"GET /api/team-notes 304 in 227ms :: []","service":"stargem-manager","timestamp":"2026-05-04 02:02:30"}
{"level":"info","message":"GET /api/workshops 200 in 120ms","service":"stargem-manager","timestamp":"2026-05-04 02:02:30"}
{"level":"info","message":"GET /api/vacation-studies 200 in 143ms","service":"stargem-manager","timestamp":"2026-05-04 02:02:30"}
{"level":"info","message":"GET /api/sunday-activities 200 in 146ms","service":"stargem-manager","timestamp":"2026-05-04 02:02:30"}
{"level":"info","message":"GET /api/recitals 200 in 147ms","service":"stargem-manager","timestamp":"2026-05-04 02:02:30"}
{"level":"info","message":"GET /api/campus 200 in 152ms","service":"stargem-manager","timestamp":"2026-05-04 02:02:30"}
{"level":"info","message":"GET /api/strategic-events 304 in 194ms :: [{\"id\":61,\"title\":\"Ferragosto\",\"descr…","service":"stargem-manager","timestamp":"2026-05-04 02:02:30"}
{"level":"info","message":"GET /api/activities-unified-preview 200 in 693ms :: [{\"id\":\"course_7_2025-09-01…","service":"stargem-manager","timestamp":"2026-05-04 02:02:31"}
{"level":"info","message":"GET /api/users/presence/active 200 in 483ms :: [{\"id\":\"admin-id\",\"username\":\"ad…","service":"stargem-manager","timestamp":"2026-05-04 02:02:31"}
{"level":"info","message":"GET /api/todos 304 in 258ms :: [{\"id\":1,\"text\":\"Implementare verifica SMS/Whats…","service":"stargem-manager","timestamp":"2026-05-04 02:02:36"}
{"level":"info","message":"GET /api/team-comments 304 in 168ms :: [{\"id\":20,\"authorId\":\"admin-id\",\"authorN…","service":"stargem-manager","timestamp":"2026-05-04 02:02:36"}
{"level":"info","message":"GET /api/recitals 200 in 214ms","service":"stargem-manager","timestamp":"2026-05-04 02:02:37"}
{"level":"info","message":"GET /api/sunday-activities 200 in 215ms","service":"stargem-manager","timestamp":"2026-05-04 02:02:37"}
{"level":"info","message":"GET /api/workshops 200 in 237ms","service":"stargem-manager","timestamp":"2026-05-04 02:02:37"}
{"level":"info","message":"GET /api/campus 200 in 256ms","service":"stargem-manager","timestamp":"2026-05-04 02:02:37"}
{"level":"info","message":"GET /api/vacation-studies 200 in 256ms","service":"stargem-manager","timestamp":"2026-05-04 02:02:37"}
{"level":"info","message":"GET /api/activities-unified-preview 200 in 686ms :: [{\"id\":\"course_830_2026-09-…","service":"stargem-manager","timestamp":"2026-05-04 02:02:38"}
{"level":"info","message":"GET /api/todos 304 in 280ms :: [{\"id\":1,\"text\":\"Implementare verifica SMS/Whats…","service":"stargem-manager","timestamp":"2026-05-04 02:02:46"}
{"level":"info","message":"GET /api/team-comments 304 in 224ms :: [{\"id\":20,\"authorId\":\"admin-id\",\"authorN…","service":"stargem-manager","timestamp":"2026-05-04 02:02:46"}
{"level":"info","message":"GET /api/workshops 200 in 138ms","service":"stargem-manager","timestamp":"2026-05-04 02:02:46"}
{"level":"info","message":"GET /api/workshops 200 in 135ms","service":"stargem-manager","timestamp":"2026-05-04 02:02:46"}
{"level":"info","message":"GET /api/workshop-attendances 200 in 163ms","service":"stargem-manager","timestamp":"2026-05-04 02:02:46"}
{"level":"info","message":"GET /api/payment-methods 500 in 179ms :: {\"message\":\"Failed to fetch payment me…","service":"stargem-manager","timestamp":"2026-05-04 02:02:47"}
{"level":"info","message":"GET /api/strategic-events/closed-days 304 in 217ms :: {\"closedDays\":[\"2026-11-0…","service":"stargem-manager","timestamp":"2026-05-04 02:02:47"}
{"level":"info","message":"GET /api/courses 304 in 261ms :: [{\"id\":849,\"sku\":\"2627ALMEIDALUN19\",\"name\":\"Fu…","service":"stargem-manager","timestamp":"2026-05-04 02:02:47"}
{"level":"info","message":"GET /api/users/presence/active 200 in 436ms :: [{\"id\":\"admin-id\",\"username\":\"ad…","service":"stargem-manager","timestamp":"2026-05-04 02:02:48"}
{"level":"info","message":"GET /api/todos 304 in 277ms :: [{\"id\":1,\"text\":\"Implementare verifica SMS/Whats…","service":"stargem-manager","timestamp":"2026-05-04 02:02:57"}
{"level":"info","message":"GET /api/team-comments 304 in 277ms :: [{\"id\":20,\"authorId\":\"admin-id\",\"authorN…","service":"stargem-manager","timestamp":"2026-05-04 02:02:57"}
{"level":"info","message":"POST /api/users/presence/heartbeat 200 in 376ms :: {\"success\":true}","service":"stargem-manager","timestamp":"2026-05-04 02:03:00"}
{"level":"info","message":"GET /api/users/presence/active 200 in 570ms :: [{\"id\":\"admin-id\",\"username\":\"ad…","service":"stargem-manager","timestamp":"2026-05-04 02:03:03"}
{"level":"info","message":"GET /api/gemteam/permessi/pending-count 304 in 238ms :: {\"count\":0}","service":"stargem-manager","timestamp":"2026-05-04 02:03:06"}
{"level":"info","message":"GET /api/todos 304 in 275ms :: [{\"id\":1,\"text\":\"Implementare verifica SMS/Whats…","service":"stargem-manager","timestamp":"2026-05-04 02:03:07"}
{"level":"info","message":"GET /api/team-comments 304 in 283ms :: [{\"id\":20,\"authorId\":\"admin-id\",\"authorN…","service":"stargem-manager","timestamp":"2026-05-04 02:03:07"}
{"level":"info","message":"GET /api/todos 304 in 281ms :: [{\"id\":1,\"text\":\"Implementare verifica SMS/Whats…","service":"stargem-manager","timestamp":"2026-05-04 02:03:17"}
{"level":"info","message":"GET /api/team-comments 304 in 276ms :: [{\"id\":20,\"authorId\":\"admin-id\",\"authorN…","service":"stargem-manager","timestamp":"2026-05-04 02:03:17"}
{"level":"info","message":"GET /api/users/presence/active 304 in 584ms :: [{\"id\":\"admin-id\",\"username\":\"ad…","service":"stargem-manager","timestamp":"2026-05-04 02:03:19"}
{"level":"info","message":"GET /api/team-notes 304 in 342ms :: []","service":"stargem-manager","timestamp":"2026-05-04 02:03:23"}
{"level":"info","message":"GET /api/seasons/active 304 in 148ms :: {\"id\":1,\"name\":\"Stagione 2025/2026\",\"de…","service":"stargem-manager","timestamp":"2026-05-04 02:03:23"}
{"level":"info","message":"GET /api/courses 200 in 227ms :: [{\"id\":802,\"sku\":\"2526AMBER-ALDRIN15MA\",\"name\"…","service":"stargem-manager","timestamp":"2026-05-04 02:03:23"}
{"level":"info","message":"GET /api/courses 304 in 226ms :: []","service":"stargem-manager","timestamp":"2026-05-04 02:03:23"}
{"level":"info","message":"GET /api/courses 200 in 227ms :: [{\"id\":517,\"sku\":\"2526STANISCIMAR13\",\"name\":\"P…","service":"stargem-manager","timestamp":"2026-05-04 02:03:23"}
{"level":"info","message":"GET /api/enrollments 200 in 230ms :: [{\"id\":12454,\"memberId\":18192,\"courseId\":5…","service":"stargem-manager","timestamp":"2026-05-04 02:03:23"}
{"level":"info","message":"GET /api/enrollments 200 in 256ms :: [{\"id\":65,\"memberId\":14194,\"courseId\":7,\"p…","service":"stargem-manager","timestamp":"2026-05-04 02:03:23"}
{"level":"info","message":"GET /api/courses 304 in 204ms :: []","service":"stargem-manager","timestamp":"2026-05-04 02:03:23"}
{"level":"info","message":"GET /api/courses 200 in 197ms :: [{\"id\":807,\"sku\":\"2526KUQI15MAR - A\",\"name\":\"D…","service":"stargem-manager","timestamp":"2026-05-04 02:03:23"}
{"level":"info","message":"GET /api/courses 200 in 222ms :: [{\"id\":529,\"sku\":\"2526ALLENAMENTO\",\"name\":\"All…","service":"stargem-manager","timestamp":"2026-05-04 02:03:24"}
{"level":"info","message":"GET /api/courses 200 in 224ms :: [{\"id\":810,\"sku\":\"PROVA2526CRUZMAR12\",\"name\":\"…","service":"stargem-manager","timestamp":"2026-05-04 02:03:24"}
{"level":"info","message":"GET /api/courses 304 in 246ms :: []","service":"stargem-manager","timestamp":"2026-05-04 02:03:24"}
{"level":"info","message":"GET /api/courses 200 in 236ms :: [{\"id\":560,\"sku\":\"2526LEZINDIVIDUALE\",\"name\":\"…","service":"stargem-manager","timestamp":"2026-05-04 02:03:24"}
{"level":"info","message":"GET /api/courses 200 in 204ms :: [{\"id\":813,\"sku\":\"2526CAMPUSDANZAS2\",\"name\":\"C…","service":"stargem-manager","timestamp":"2026-05-04 02:03:24"}
{"level":"info","message":"GET /api/courses 304 in 246ms :: []","service":"stargem-manager","timestamp":"2026-05-04 02:03:24"}
{"level":"info","message":"GET /api/enrollments 304 in 197ms :: [{\"id\":7224,\"memberId\":14186,\"courseId\":56…","service":"stargem-manager","timestamp":"2026-05-04 02:03:24"}
{"level":"info","message":"GET /api/enrollments 200 in 219ms :: [{\"id\":6133,\"memberId\":18311,\"courseId\":53…","service":"stargem-manager","timestamp":"2026-05-04 02:03:24"}
{"level":"info","message":"GET /api/courses 304 in 241ms :: []","service":"stargem-manager","timestamp":"2026-05-04 02:03:24"}
{"level":"info","message":"GET /api/enrollments 304 in 204ms :: []","service":"stargem-manager","timestamp":"2026-05-04 02:03:24"}
{"level":"info","message":"GET /api/enrollments 304 in 199ms :: []","service":"stargem-manager","timestamp":"2026-05-04 02:03:24"}
{"level":"info","message":"GET /api/enrollments 304 in 203ms :: []","service":"stargem-manager","timestamp":"2026-05-04 02:03:24"}
{"level":"info","message":"GET /api/enrollments 304 in 226ms :: []","service":"stargem-manager","timestamp":"2026-05-04 02:03:24"}
{"level":"info","message":"GET /api/enrollments 304 in 226ms :: [{\"id\":6929,\"memberId\":17989,\"courseId\":56…","service":"stargem-manager","timestamp":"2026-05-04 02:03:24"}
{"level":"info","message":"GET /api/enrollments 304 in 226ms :: [{\"id\":6071,\"memberId\":15573,\"courseId\":52…","service":"stargem-manager","timestamp":"2026-05-04 02:03:24"}
{"level":"info","message":"GET /api/enrollments 304 in 220ms :: []","service":"stargem-manager","timestamp":"2026-05-04 02:03:24"}
{"level":"info","message":"GET /api/enrollments 304 in 217ms :: [{\"id\":10586,\"memberId\":14957,\"courseId\":7…","service":"stargem-manager","timestamp":"2026-05-04 02:03:24"}
{"level":"info","message":"GET /api/todos 304 in 284ms :: [{\"id\":1,\"text\":\"Implementare verifica SMS/Whats…","service":"stargem-manager","timestamp":"2026-05-04 02:03:27"}
{"level":"info","message":"GET /api/team-comments 304 in 286ms :: [{\"id\":20,\"authorId\":\"admin-id\",\"authorN…","service":"stargem-manager","timestamp":"2026-05-04 02:03:27"}
{"level":"info","message":"GET /api/team-notes 304 in 155ms :: []","service":"stargem-manager","timestamp":"2026-05-04 02:03:28"}
{"level":"info","message":"POST /api/users/presence/heartbeat 200 in 341ms :: {\"success\":true}","service":"stargem-manager","timestamp":"2026-05-04 02:03:30"}
{"level":"info","message":"GET /api/users/presence/active 200 in 519ms :: [{\"id\":\"admin-id\",\"username\":\"ad…","service":"stargem-manager","timestamp":"2026-05-04 02:03:34"}
{"level":"info","message":"GET /api/team-notes 304 in 205ms :: []","service":"stargem-manager","timestamp":"2026-05-04 02:03:35"}
{"level":"info","message":"GET /api/courses/47/enrolled-members 200 in 229ms :: [{\"enrollment_id\":810,\"mem…","service":"stargem-manager","timestamp":"2026-05-04 02:03:35"}
{"level":"info","message":"GET /api/todos 304 in 280ms :: [{\"id\":1,\"text\":\"Implementare verifica SMS/Whats…","service":"stargem-manager","timestamp":"2026-05-04 02:03:38"}
{"level":"info","message":"GET /api/team-comments 304 in 282ms :: [{\"id\":20,\"authorId\":\"admin-id\",\"authorN…","service":"stargem-manager","timestamp":"2026-05-04 02:03:38"}
{"level":"info","message":"GET /api/todos 304 in 282ms :: [{\"id\":1,\"text\":\"Implementare verifica SMS/Whats…","service":"stargem-manager","timestamp":"2026-05-04 02:03:48"}
{"level":"info","message":"GET /api/team-comments 304 in 285ms :: [{\"id\":20,\"authorId\":\"admin-id\",\"authorN…","service":"stargem-manager","timestamp":"2026-05-04 02:03:48"}
{"level":"info","message":"GET /api/courses/322/enrolled-members 200 in 285ms :: [{\"enrollment_id\":147,\"me…","service":"stargem-manager","timestamp":"2026-05-04 02:03:50"}
{"level":"info","message":"GET /api/users/presence/active 304 in 531ms :: [{\"id\":\"admin-id\",\"username\":\"ad…","service":"stargem-manager","timestamp":"2026-05-04 02:03:50"}
{"level":"info","message":"GET /api/todos 304 in 287ms :: [{\"id\":1,\"text\":\"Implementare verifica SMS/Whats…","service":"stargem-manager","timestamp":"2026-05-04 02:03:58"}
{"level":"info","message":"GET /api/team-comments 304 in 289ms :: [{\"id\":20,\"authorId\":\"admin-id\",\"authorN…","service":"stargem-manager","timestamp":"2026-05-04 02:03:58"}
{"level":"info","message":"POST /api/users/presence/heartbeat 200 in 312ms :: {\"success\":true}","service":"stargem-manager","timestamp":"2026-05-04 02:04:00"}
{"level":"info","message":"GET /api/courses/831/enrolled-members 304 in 235ms :: []","service":"stargem-manager","timestamp":"2026-05-04 02:04:03"}
{"level":"info","message":"GET /api/users/presence/active 200 in 525ms :: [{\"id\":\"admin-id\",\"username\":\"ad…","service":"stargem-manager","timestamp":"2026-05-04 02:04:05"}
{"level":"info","message":"GET /api/gemteam/permessi/pending-count 304 in 155ms :: {\"count\":0}","service":"stargem-manager","timestamp":"2026-05-04 02:04:06"}
{"level":"info","message":"GET /api/todos 304 in 287ms :: [{\"id\":1,\"text\":\"Implementare verifica SMS/Whats…","service":"stargem-manager","timestamp":"2026-05-04 02:04:09"}
{"level":"info","message":"GET /api/team-comments 304 in 288ms :: [{\"id\":20,\"authorId\":\"admin-id\",\"authorN…","service":"stargem-manager","timestamp":"2026-05-04 02:04:09"}
{"level":"info","message":"GET /api/team-notes 304 in 184ms :: []","service":"stargem-manager","timestamp":"2026-05-04 02:04:10"}
{"level":"info","message":"GET /api/todos 304 in 321ms :: [{\"id\":1,\"text\":\"Implementare verifica SMS/Whats…","service":"stargem-manager","timestamp":"2026-05-04 02:04:19"}
{"level":"info","message":"GET /api/team-comments 304 in 299ms :: [{\"id\":20,\"authorId\":\"admin-id\",\"authorN…","service":"stargem-manager","timestamp":"2026-05-04 02:04:19"}
{"level":"info","message":"GET /api/users/presence/active 304 in 577ms :: [{\"id\":\"admin-id\",\"username\":\"ad…","service":"stargem-manager","timestamp":"2026-05-04 02:04:21"}
{"level":"info","message":"GET /api/todos 304 in 305ms :: [{\"id\":1,\"text\":\"Implementare verifica SMS/Whats…","service":"stargem-manager","timestamp":"2026-05-04 02:04:29"}
{"level":"info","message":"GET /api/team-comments 304 in 302ms :: [{\"id\":20,\"authorId\":\"admin-id\",\"authorN…","service":"stargem-manager","timestamp":"2026-05-04 02:04:29"}
{"level":"info","message":"POST /api/users/presence/heartbeat 200 in 342ms :: {\"success\":true}","service":"stargem-manager","timestamp":"2026-05-04 02:04:32"}
{"level":"info","message":"GET /api/users/presence/active 200 in 546ms :: [{\"id\":\"admin-id\",\"username\":\"ad…","service":"stargem-manager","timestamp":"2026-05-04 02:04:37"}
{"level":"info","message":"GET /api/todos 304 in 305ms :: [{\"id\":1,\"text\":\"Implementare verifica SMS/Whats…","service":"stargem-manager","timestamp":"2026-05-04 02:04:39"}
{"level":"info","message":"GET /api/team-comments 304 in 303ms :: [{\"id\":20,\"authorId\":\"admin-id\",\"authorN…","service":"stargem-manager","timestamp":"2026-05-04 02:04:40"}
{"level":"info","message":"GET /api/todos 304 in 306ms :: [{\"id\":1,\"text\":\"Implementare verifica SMS/Whats…","service":"stargem-manager","timestamp":"2026-05-04 02:04:50"}
{"level":"info","message":"GET /api/team-comments 304 in 308ms :: [{\"id\":20,\"authorId\":\"admin-id\",\"authorN…","service":"stargem-manager","timestamp":"2026-05-04 02:04:50"}
{"level":"info","message":"GET /api/users/presence/active 304 in 539ms :: [{\"id\":\"admin-id\",\"username\":\"ad…","service":"stargem-manager","timestamp":"2026-05-04 02:04:52"}
{"level":"info","message":"GET /api/todos 304 in 304ms :: [{\"id\":1,\"text\":\"Implementare verifica SMS/Whats…","service":"stargem-manager","timestamp":"2026-05-04 02:05:00"}
{"level":"info","message":"GET /api/team-comments 304 in 305ms :: [{\"id\":20,\"authorId\":\"admin-id\",\"authorN…","service":"stargem-manager","timestamp":"2026-05-04 02:05:00"}
{"level":"info","message":"GET /api/team-notes 304 in 155ms :: []","service":"stargem-manager","timestamp":"2026-05-04 02:05:01"}
{"level":"info","message":"POST /api/users/presence/heartbeat 200 in 341ms :: {\"success\":true}","service":"stargem-manager","timestamp":"2026-05-04 02:05:02"}
{"level":"info","message":"GET /api/gemteam/permessi/pending-count 304 in 236ms :: {\"count\":0}","service":"stargem-manager","timestamp":"2026-05-04 02:05:06"}
{"level":"info","message":"GET /api/users/presence/active 200 in 549ms :: [{\"id\":\"admin-id\",\"username\":\"ad…","service":"stargem-manager","timestamp":"2026-05-04 02:05:08"}
{"level":"info","message":"GET /api/todos 304 in 305ms :: [{\"id\":1,\"text\":\"Implementare verifica SMS/Whats…","service":"stargem-manager","timestamp":"2026-05-04 02:05:10"}
{"level":"info","message":"GET /api/team-comments 304 in 308ms :: [{\"id\":20,\"authorId\":\"admin-id\",\"authorN…","service":"stargem-manager","timestamp":"2026-05-04 02:05:10"}
{"level":"info","message":"GET /api/todos 304 in 304ms :: [{\"id\":1,\"text\":\"Implementare verifica SMS/Whats…","service":"stargem-manager","timestamp":"2026-05-04 02:05:21"}
{"level":"info","message":"GET /api/team-comments 304 in 303ms :: [{\"id\":20,\"authorId\":\"admin-id\",\"authorN…","service":"stargem-manager","timestamp":"2026-05-04 02:05:21"}
{"level":"info","message":"GET /api/users/presence/active 304 in 572ms :: [{\"id\":\"admin-id\",\"username\":\"ad…","service":"stargem-manager","timestamp":"2026-05-04 02:05:23"}
{"level":"info","message":"GET /api/todos 304 in 299ms :: [{\"id\":1,\"text\":\"Implementare verifica SMS/Whats…","service":"stargem-manager","timestamp":"2026-05-04 02:05:31"}
{"level":"info","message":"GET /api/team-comments 304 in 300ms :: [{\"id\":20,\"authorId\":\"admin-id\",\"authorN…","service":"stargem-manager","timestamp":"2026-05-04 02:05:31"}
{"level":"info","message":"GET /api/users/presence/active 200 in 521ms :: [{\"id\":\"admin-id\",\"username\":\"ad…","service":"stargem-manager","timestamp":"2026-05-04 02:05:39"}
{"level":"info","message":"GET /api/todos 304 in 309ms :: [{\"id\":1,\"text\":\"Implementare verifica SMS/Whats…","service":"stargem-manager","timestamp":"2026-05-04 02:05:41"}
{"level":"info","message":"GET /api/team-comments 304 in 311ms :: [{\"id\":20,\"authorId\":\"admin-id\",\"authorN…","service":"stargem-manager","timestamp":"2026-05-04 02:05:41"}
{"level":"info","message":"GET /api/todos 304 in 305ms :: [{\"id\":1,\"text\":\"Implementare verifica SMS/Whats…","service":"stargem-manager","timestamp":"2026-05-04 02:05:52"}
{"level":"info","message":"GET /api/team-comments 304 in 311ms :: [{\"id\":20,\"authorId\":\"admin-id\",\"authorN…","service":"stargem-manager","timestamp":"2026-05-04 02:05:52"}
{"level":"info","message":"GET /api/users/presence/active 304 in 546ms :: [{\"id\":\"admin-id\",\"username\":\"ad…","service":"stargem-manager","timestamp":"2026-05-04 02:05:54"}
{"level":"info","message":"GET /api/todos 304 in 301ms :: [{\"id\":1,\"text\":\"Implementare verifica SMS/Whats…","service":"stargem-manager","timestamp":"2026-05-04 02:06:02"}
{"level":"info","message":"GET /api/team-comments 304 in 299ms :: [{\"id\":20,\"authorId\":\"admin-id\",\"authorN…","service":"stargem-manager","timestamp":"2026-05-04 02:06:02"}
{"level":"info","message":"GET /api/gemteam/permessi/pending-count 304 in 239ms :: {\"count\":0}","service":"stargem-manager","timestamp":"2026-05-04 02:06:06"}
{"level":"info","message":"GET /api/users/presence/active 200 in 535ms :: [{\"id\":\"admin-id\",\"username\":\"ad…","service":"stargem-manager","timestamp":"2026-05-04 02:06:10"}
{"level":"info","message":"GET /api/todos 304 in 304ms :: [{\"id\":1,\"text\":\"Implementare verifica SMS/Whats…","service":"stargem-manager","timestamp":"2026-05-04 02:06:12"}
{"level":"info","message":"GET /api/team-comments 304 in 306ms :: [{\"id\":20,\"authorId\":\"admin-id\",\"authorN…","service":"stargem-manager","timestamp":"2026-05-04 02:06:12"}
{"level":"info","message":"GET /api/todos 304 in 311ms :: [{\"id\":1,\"text\":\"Implementare verifica SMS/Whats…","service":"stargem-manager","timestamp":"2026-05-04 02:06:23"}
{"level":"info","message":"GET /api/team-comments 304 in 314ms :: [{\"id\":20,\"authorId\":\"admin-id\",\"authorN…","service":"stargem-manager","timestamp":"2026-05-04 02:06:23"}
{"level":"info","message":"GET /api/users/presence/active 304 in 535ms :: [{\"id\":\"admin-id\",\"username\":\"ad…","service":"stargem-manager","timestamp":"2026-05-04 02:06:25"}
{"level":"info","message":"GET /api/todos 304 in 300ms :: [{\"id\":1,\"text\":\"Implementare verifica SMS/Whats…","service":"stargem-manager","timestamp":"2026-05-04 02:06:33"}
{"level":"info","message":"GET /api/team-comments 304 in 306ms :: [{\"id\":20,\"authorId\":\"admin-id\",\"authorN…","service":"stargem-manager","timestamp":"2026-05-04 02:06:33"}
{"level":"info","message":"GET /api/users/presence/active 304 in 589ms :: [{\"id\":\"admin-id\",\"username\":\"ad…","service":"stargem-manager","timestamp":"2026-05-04 02:06:41"}
{"level":"info","message":"GET /api/todos 304 in 302ms :: [{\"id\":1,\"text\":\"Implementare verifica SMS/Whats…","service":"stargem-manager","timestamp":"2026-05-04 02:06:43"}
{"level":"info","message":"GET /api/team-comments 304 in 303ms :: [{\"id\":20,\"authorId\":\"admin-id\",\"authorN…","service":"stargem-manager","timestamp":"2026-05-04 02:06:43"}
{"level":"info","message":"GET /api/todos 304 in 353ms :: [{\"id\":1,\"text\":\"Implementare verifica SMS/Whats…","service":"stargem-manager","timestamp":"2026-05-04 02:06:54"}
{"level":"info","message":"GET /api/team-comments 304 in 355ms :: [{\"id\":20,\"authorId\":\"admin-id\",\"authorN…","service":"stargem-manager","timestamp":"2026-05-04 02:06:54"}
{"level":"info","message":"GET /api/users/presence/active 304 in 520ms :: [{\"id\":\"admin-id\",\"username\":\"ad…","service":"stargem-manager","timestamp":"2026-05-04 02:06:57"}
{"level":"info","message":"GET /api/todos 304 in 301ms :: [{\"id\":1,\"text\":\"Implementare verifica SMS/Whats…","service":"stargem-manager","timestamp":"2026-05-04 02:07:04"}
{"level":"info","message":"GET /api/team-comments 304 in 303ms :: [{\"id\":20,\"authorId\":\"admin-id\",\"authorN…","service":"stargem-manager","timestamp":"2026-05-04 02:07:04"}
{"level":"info","message":"GET /api/gemteam/permessi/pending-count 304 in 226ms :: {\"count\":0}","service":"stargem-manager","timestamp":"2026-05-04 02:07:06"}
{"level":"info","message":"GET /api/courses 200 in 211ms :: [{\"id\":849,\"sku\":\"2627ALMEIDALUN19\",\"name\":\"Fu…","service":"stargem-manager","timestamp":"2026-05-04 02:07:07"}
{"level":"info","message":"GET /api/users/presence/active 200 in 567ms :: [{\"id\":\"admin-id\",\"username\":\"ad…","service":"stargem-manager","timestamp":"2026-05-04 02:07:12"}
{"level":"info","message":"GET /api/todos 304 in 340ms :: [{\"id\":1,\"text\":\"Implementare verifica SMS/Whats…","service":"stargem-manager","timestamp":"2026-05-04 02:07:14"}
{"level":"info","message":"GET /api/team-comments 304 in 341ms :: [{\"id\":20,\"authorId\":\"admin-id\",\"authorN…","service":"stargem-manager","timestamp":"2026-05-04 02:07:14"}
{"level":"info","message":"POST /api/users/presence/heartbeat 200 in 287ms :: {\"success\":true}","service":"stargem-manager","timestamp":"2026-05-04 02:07:15"}
{"level":"info","message":"GET /api/team-notes 304 in 299ms :: []","service":"stargem-manager","timestamp":"2026-05-04 02:07:17"}
{"level":"info","message":"GET /api/custom-lists/livello 304 in 332ms :: {\"id\":5,\"name\":\"Livello\",\"systemN…","service":"stargem-manager","timestamp":"2026-05-04 02:07:17"}
{"level":"info","message":"GET /api/custom-lists/fascia_eta 304 in 356ms :: {\"id\":6,\"name\":\"Fascia età\",\"s…","service":"stargem-manager","timestamp":"2026-05-04 02:07:17"}
{"level":"info","message":"GET /api/custom-lists/posti_disponibili 304 in 360ms :: {\"id\":14,\"name\":\"Posti …","service":"stargem-manager","timestamp":"2026-05-04 02:07:17"}
{"level":"info","message":"GET /api/custom-lists/nomi_corsi 304 in 364ms :: {\"id\":15,\"name\":\"Generi Corsi\"…","service":"stargem-manager","timestamp":"2026-05-04 02:07:17"}
{"level":"info","message":"GET /api/custom-lists/numero_persone 304 in 380ms :: {\"id\":25,\"name\":\"Numero Pe…","service":"stargem-manager","timestamp":"2026-05-04 02:07:17"}
{"level":"info","message":"GET /api/payment-methods 500 in 185ms :: {\"message\":\"Failed to fetch payment me…","service":"stargem-manager","timestamp":"2026-05-04 02:07:17"}
{"level":"info","message":"GET /api/workshops 200 in 159ms","service":"stargem-manager","timestamp":"2026-05-04 02:07:17"}
{"level":"info","message":"GET /api/workshop-attendances 200 in 160ms","service":"stargem-manager","timestamp":"2026-05-04 02:07:17"}
{"level":"info","message":"GET /api/custom-lists/categorie 304 in 255ms :: {\"id\":23,\"name\":\"Categorie\",\"sy…","service":"stargem-manager","timestamp":"2026-05-04 02:07:17"}
{"level":"info","message":"GET /api/custom-lists/campus 304 in 231ms :: {\"id\":22,\"name\":\"Campus\",\"systemNa…","service":"stargem-manager","timestamp":"2026-05-04 02:07:17"}
{"level":"info","message":"GET /api/custom-lists/pacchetti_prenotazioni 304 in 208ms :: {\"items\":[]}","service":"stargem-manager","timestamp":"2026-05-04 02:07:17"}
{"level":"info","message":"GET /api/workshops 200 in 163ms","service":"stargem-manager","timestamp":"2026-05-04 02:07:18"}
{"level":"info","message":"GET /api/custom-lists/genere 304 in 218ms :: {\"id\":21,\"name\":\"Generi Workshop\",…","service":"stargem-manager","timestamp":"2026-05-04 02:07:18"}
{"level":"info","message":"GET /api/courses 304 in 261ms :: [{\"id\":849,\"sku\":\"2627ALMEIDALUN19\",\"name\":\"Fu…","service":"stargem-manager","timestamp":"2026-05-04 02:07:18"}
{"level":"info","message":"GET /api/strategic-events/closed-days 304 in 268ms :: {\"closedDays\":[\"2026-11-0…","service":"stargem-manager","timestamp":"2026-05-04 02:07:18"}
{"level":"info","message":"GET /api/courses 304 in 223ms :: [{\"id\":849,\"sku\":\"2627ALMEIDALUN19\",\"name\":\"Fu…","service":"stargem-manager","timestamp":"2026-05-04 02:07:18"}
{"level":"info","message":"GET /api/todos 304 in 305ms :: [{\"id\":1,\"text\":\"Implementare verifica SMS/Whats…","service":"stargem-manager","timestamp":"2026-05-04 02:07:25"}
{"level":"info","message":"GET /api/team-comments 304 in 306ms :: [{\"id\":20,\"authorId\":\"admin-id\",\"authorN…","service":"stargem-manager","timestamp":"2026-05-04 02:07:25"}
{"level":"info","message":"GET /api/users/presence/active 200 in 544ms :: [{\"id\":\"admin-id\",\"username\":\"ad…","service":"stargem-manager","timestamp":"2026-05-04 02:07:28"}
{"level":"info","message":"GET /api/team-notes 304 in 301ms :: []","service":"stargem-manager","timestamp":"2026-05-04 02:07:30"}
{"level":"info","message":"GET /api/todos 304 in 302ms :: [{\"id\":1,\"text\":\"Implementare verifica SMS/Whats…","service":"stargem-manager","timestamp":"2026-05-04 02:07:35"}
{"level":"info","message":"GET /api/team-comments 304 in 309ms :: [{\"id\":20,\"authorId\":\"admin-id\",\"authorN…","service":"stargem-manager","timestamp":"2026-05-04 02:07:35"}
{"level":"info","message":"GET /api/courses/836/enrolled-members 200 in 290ms :: []","service":"stargem-manager","timestamp":"2026-05-04 02:07:36"}
{"level":"info","message":"GET /api/team-notes 304 in 313ms :: []","service":"stargem-manager","timestamp":"2026-05-04 02:07:37"}
{"level":"info","message":"GET /api/users/presence/active 304 in 541ms :: [{\"id\":\"admin-id\",\"username\":\"ad…","service":"stargem-manager","timestamp":"2026-05-04 02:07:43"}
{"level":"info","message":"GET /api/todos 304 in 281ms :: [{\"id\":1,\"text\":\"Implementare verifica SMS/Whats…","service":"stargem-manager","timestamp":"2026-05-04 02:07:45"}
{"level":"info","message":"GET /api/team-comments 304 in 307ms :: [{\"id\":20,\"authorId\":\"admin-id\",\"authorN…","service":"stargem-manager","timestamp":"2026-05-04 02:07:45"}
{"level":"info","message":"POST /api/users/presence/heartbeat 200 in 338ms :: {\"success\":true}","service":"stargem-manager","timestamp":"2026-05-04 02:07:48"}
{"level":"info","message":"GET /api/workshops 200 in 244ms","service":"stargem-manager","timestamp":"2026-05-04 02:07:49"}
{"level":"info","message":"GET /api/team-notes 304 in 260ms :: []","service":"stargem-manager","timestamp":"2026-05-04 02:07:49"}
{"level":"info","message":"GET /api/workshop-attendances 200 in 245ms","service":"stargem-manager","timestamp":"2026-05-04 02:07:49"}
{"level":"info","message":"GET /api/workshops 200 in 238ms","service":"stargem-manager","timestamp":"2026-05-04 02:07:49"}
{"level":"info","message":"GET /api/payment-methods 500 in 274ms :: {\"message\":\"Failed to fetch payment me…","service":"stargem-manager","timestamp":"2026-05-04 02:07:49"}
{"level":"info","message":"GET /api/courses 304 in 289ms :: [{\"id\":849,\"sku\":\"2627ALMEIDALUN19\",\"name\":\"Fu…","service":"stargem-manager","timestamp":"2026-05-04 02:07:49"}
{"level":"info","message":"GET /api/strategic-events/closed-days 304 in 301ms :: {\"closedDays\":[\"2026-11-0…","service":"stargem-manager","timestamp":"2026-05-04 02:07:49"}
{"level":"info","message":"GET /api/courses 304 in 278ms :: [{\"id\":849,\"sku\":\"2627ALMEIDALUN19\",\"name\":\"Fu…","service":"stargem-manager","timestamp":"2026-05-04 02:07:49"}
{"level":"info","message":"GET /api/todos 304 in 280ms :: [{\"id\":1,\"text\":\"Implementare verifica SMS/Whats…","service":"stargem-manager","timestamp":"2026-05-04 02:07:55"}
{"level":"info","message":"GET /api/team-comments 304 in 279ms :: [{\"id\":20,\"authorId\":\"admin-id\",\"authorN…","service":"stargem-manager","timestamp":"2026-05-04 02:07:55"}
{"level":"info","message":"GET /api/users/presence/active 200 in 661ms :: [{\"id\":\"admin-id\",\"username\":\"ad…","service":"stargem-manager","timestamp":"2026-05-04 02:07:59"}
{"level":"info","message":"GET /api/todos 304 in 287ms :: [{\"id\":1,\"text\":\"Implementare verifica SMS/Whats…","service":"stargem-manager","timestamp":"2026-05-04 02:08:06"}
{"level":"info","message":"GET /api/team-comments 304 in 287ms :: [{\"id\":20,\"authorId\":\"admin-id\",\"authorN…","service":"stargem-manager","timestamp":"2026-05-04 02:08:06"}
{"level":"info","message":"GET /api/gemteam/permessi/pending-count 304 in 187ms :: {\"count\":0}","service":"stargem-manager","timestamp":"2026-05-04 02:08:07"}
{"level":"info","message":"GET /api/users/presence/active 304 in 606ms :: [{\"id\":\"admin-id\",\"username\":\"ad…","service":"stargem-manager","timestamp":"2026-05-04 02:08:15"}
{"level":"info","message":"GET /api/todos 304 in 228ms :: [{\"id\":1,\"text\":\"Implementare verifica SMS/Whats…","service":"stargem-manager","timestamp":"2026-05-04 02:08:16"}
{"level":"info","message":"GET /api/team-comments 304 in 231ms :: [{\"id\":20,\"authorId\":\"admin-id\",\"authorN…","service":"stargem-manager","timestamp":"2026-05-04 02:08:16"}
{"level":"info","message":"GET /api/todos 304 in 281ms :: [{\"id\":1,\"text\":\"Implementare verifica SMS/Whats…","service":"stargem-manager","timestamp":"2026-05-04 02:08:26"}
{"level":"info","message":"GET /api/team-comments 304 in 283ms :: [{\"id\":20,\"authorId\":\"admin-id\",\"authorN…","service":"stargem-manager","timestamp":"2026-05-04 02:08:26"}
{"level":"info","message":"GET /api/users/presence/active 304 in 562ms :: [{\"id\":\"admin-id\",\"username\":\"ad…","service":"stargem-manager","timestamp":"2026-05-04 02:08:30"}
{"level":"info","message":"GET /api/todos 304 in 283ms :: [{\"id\":1,\"text\":\"Implementare verifica SMS/Whats…","service":"stargem-manager","timestamp":"2026-05-04 02:08:37"}
{"level":"info","message":"GET /api/team-comments 304 in 284ms :: [{\"id\":20,\"authorId\":\"admin-id\",\"authorN…","service":"stargem-manager","timestamp":"2026-05-04 02:08:37"}
{"level":"info","message":"GET /api/users/presence/active 200 in 525ms :: [{\"id\":\"admin-id\",\"username\":\"ad…","service":"stargem-manager","timestamp":"2026-05-04 02:08:46"}
{"level":"info","message":"GET /api/todos 304 in 202ms :: [{\"id\":1,\"text\":\"Implementare verifica SMS/Whats…","service":"stargem-manager","timestamp":"2026-05-04 02:08:47"}
{"level":"info","message":"GET /api/team-comments 304 in 204ms :: [{\"id\":20,\"authorId\":\"admin-id\",\"authorN…","service":"stargem-manager","timestamp":"2026-05-04 02:08:47"}
{"level":"info","message":"GET /api/todos 304 in 278ms :: [{\"id\":1,\"text\":\"Implementare verifica SMS/Whats…","service":"stargem-manager","timestamp":"2026-05-04 02:08:57"}
{"level":"info","message":"GET /api/team-comments 304 in 281ms :: [{\"id\":20,\"authorId\":\"admin-id\",\"authorN…","service":"stargem-manager","timestamp":"2026-05-04 02:08:57"}
{"level":"info","message":"GET /api/users/presence/active 304 in 755ms :: [{\"id\":\"admin-id\",\"username\":\"ad…","service":"stargem-manager","timestamp":"2026-05-04 02:09:01"}
{"level":"info","message":"POST /api/users/presence/heartbeat 200 in 343ms :: {\"success\":true}","service":"stargem-manager","timestamp":"2026-05-04 02:09:04"}
{"level":"info","message":"GET /api/gemteam/permessi/pending-count 304 in 242ms :: {\"count\":0}","service":"stargem-manager","timestamp":"2026-05-04 02:09:07"}
{"level":"info","message":"GET /api/todos 304 in 229ms :: [{\"id\":1,\"text\":\"Implementare verifica SMS/Whats…","service":"stargem-manager","timestamp":"2026-05-04 02:09:07"}
{"level":"info","message":"GET /api/team-comments 304 in 224ms :: [{\"id\":20,\"authorId\":\"admin-id\",\"authorN…","service":"stargem-manager","timestamp":"2026-05-04 02:09:07"}
{"level":"info","message":"GET /api/team-notes 304 in 238ms :: []","service":"stargem-manager","timestamp":"2026-05-04 02:09:12"}
{"level":"info","message":"GET /api/users/presence/active 200 in 538ms :: [{\"id\":\"admin-id\",\"username\":\"ad…","service":"stargem-manager","timestamp":"2026-05-04 02:09:17"}
{"level":"info","message":"GET /api/todos 304 in 203ms :: [{\"id\":1,\"text\":\"Implementare verifica SMS/Whats…","service":"stargem-manager","timestamp":"2026-05-04 02:09:17"}
{"level":"info","message":"GET /api/team-comments 304 in 207ms :: [{\"id\":20,\"authorId\":\"admin-id\",\"authorN…","service":"stargem-manager","timestamp":"2026-05-04 02:09:18"}
{"level":"info","message":"GET /api/team-notes 304 in 304ms :: []","service":"stargem-manager","timestamp":"2026-05-04 02:09:25"}
{"level":"info","message":"GET /api/courses/30/enrolled-members 200 in 328ms :: [{\"enrollment_id\":593,\"mem…","service":"stargem-manager","timestamp":"2026-05-04 02:09:25"}
{"level":"info","message":"GET /api/todos 304 in 282ms :: [{\"id\":1,\"text\":\"Implementare verifica SMS/Whats…","service":"stargem-manager","timestamp":"2026-05-04 02:09:28"}
{"level":"info","message":"GET /api/team-comments 304 in 283ms :: [{\"id\":20,\"authorId\":\"admin-id\",\"authorN…","service":"stargem-manager","timestamp":"2026-05-04 02:09:28"}
{"level":"info","message":"GET /api/users/presence/active 304 in 543ms :: [{\"id\":\"admin-id\",\"username\":\"ad…","service":"stargem-manager","timestamp":"2026-05-04 02:09:33"}
{"level":"info","message":"POST /api/users/presence/heartbeat 200 in 264ms :: {\"success\":true}","service":"stargem-manager","timestamp":"2026-05-04 02:09:34"}
{"level":"info","message":"GET /api/todos 304 in 285ms :: [{\"id\":1,\"text\":\"Implementare verifica SMS/Whats…","service":"stargem-manager","timestamp":"2026-05-04 02:09:38"}
{"level":"info","message":"GET /api/team-comments 304 in 286ms :: [{\"id\":20,\"authorId\":\"admin-id\",\"authorN…","service":"stargem-manager","timestamp":"2026-05-04 02:09:38"}
{"level":"info","message":"GET /api/workshops 200 in 269ms","service":"stargem-manager","timestamp":"2026-05-04 02:09:41"}
{"level":"info","message":"GET /api/workshop-attendances 200 in 268ms","service":"stargem-manager","timestamp":"2026-05-04 02:09:41"}
{"level":"info","message":"GET /api/workshops 200 in 268ms","service":"stargem-manager","timestamp":"2026-05-04 02:09:41"}
{"level":"info","message":"GET /api/payment-methods 500 in 372ms :: {\"message\":\"Failed to fetch payment me…","service":"stargem-manager","timestamp":"2026-05-04 02:09:41"}
{"level":"info","message":"GET /api/team-notes 304 in 381ms :: []","service":"stargem-manager","timestamp":"2026-05-04 02:09:41"}
{"level":"info","message":"GET /api/courses 304 in 366ms :: [{\"id\":849,\"sku\":\"2627ALMEIDALUN19\",\"name\":\"Fu…","service":"stargem-manager","timestamp":"2026-05-04 02:09:41"}
{"level":"info","message":"GET /api/strategic-events/closed-days 304 in 348ms :: {\"closedDays\":[\"2026-11-0…","service":"stargem-manager","timestamp":"2026-05-04 02:09:41"}
{"level":"info","message":"GET /api/courses 304 in 271ms :: [{\"id\":849,\"sku\":\"2627ALMEIDALUN19\",\"name\":\"Fu…","service":"stargem-manager","timestamp":"2026-05-04 02:09:41"}
{"level":"info","message":"GET /api/users/presence/active 200 in 594ms :: [{\"id\":\"admin-id\",\"username\":\"ad…","service":"stargem-manager","timestamp":"2026-05-04 02:09:48"}
{"level":"info","message":"GET /api/todos 304 in 171ms :: [{\"id\":1,\"text\":\"Implementare verifica SMS/Whats…","service":"stargem-manager","timestamp":"2026-05-04 02:09:48"}
{"level":"info","message":"GET /api/team-comments 304 in 179ms :: [{\"id\":20,\"authorId\":\"admin-id\",\"authorN…","service":"stargem-manager","timestamp":"2026-05-04 02:09:48"}
{"level":"info","message":"GET /api/workshop-attendances 200 in 141ms","service":"stargem-manager","timestamp":"2026-05-04 02:09:48"}
{"level":"info","message":"GET /api/workshops 200 in 169ms","service":"stargem-manager","timestamp":"2026-05-04 02:09:48"}
{"level":"info","message":"GET /api/workshops 200 in 158ms","service":"stargem-manager","timestamp":"2026-05-04 02:09:48"}
{"level":"info","message":"GET /api/payment-methods 500 in 194ms :: {\"message\":\"Failed to fetch payment me…","service":"stargem-manager","timestamp":"2026-05-04 02:09:48"}
{"level":"info","message":"GET /api/courses 304 in 250ms :: [{\"id\":849,\"sku\":\"2627ALMEIDALUN19\",\"name\":\"Fu…","service":"stargem-manager","timestamp":"2026-05-04 02:09:49"}
{"level":"info","message":"GET /api/strategic-events/closed-days 304 in 292ms :: {\"closedDays\":[\"2026-11-0…","service":"stargem-manager","timestamp":"2026-05-04 02:09:49"}
{"level":"info","message":"GET /api/courses 304 in 229ms :: [{\"id\":849,\"sku\":\"2627ALMEIDALUN19\",\"name\":\"Fu…","service":"stargem-manager","timestamp":"2026-05-04 02:09:49"}
{"level":"info","message":"GET /api/todos 304 in 291ms :: [{\"id\":1,\"text\":\"Implementare verifica SMS/Whats…","service":"stargem-manager","timestamp":"2026-05-04 02:09:59"}
{"level":"info","message":"GET /api/team-comments 304 in 314ms :: [{\"id\":20,\"authorId\":\"admin-id\",\"authorN…","service":"stargem-manager","timestamp":"2026-05-04 02:09:59"}
{"level":"info","message":"GET /api/seasons/active 304 in 290ms :: {\"id\":1,\"name\":\"Stagione 2025/2026\",\"de…","service":"stargem-manager","timestamp":"2026-05-04 02:10:03"}
{"level":"info","message":"GET /api/team-notes 304 in 292ms :: []","service":"stargem-manager","timestamp":"2026-05-04 02:10:03"}
{"level":"info","message":"GET /api/courses 304 in 334ms :: [{\"id\":517,\"sku\":\"2526STANISCIMAR13\",\"name\":\"P…","service":"stargem-manager","timestamp":"2026-05-04 02:10:03"}
{"level":"info","message":"GET /api/courses 304 in 357ms :: [{\"id\":802,\"sku\":\"2526AMBER-ALDRIN15MA\",\"name\"…","service":"stargem-manager","timestamp":"2026-05-04 02:10:03"}
{"level":"info","message":"GET /api/enrollments 304 in 433ms :: [{\"id\":12454,\"memberId\":18192,\"courseId\":5…","service":"stargem-manager","timestamp":"2026-05-04 02:10:03"}
{"level":"info","message":"GET /api/courses 304 in 220ms :: []","service":"stargem-manager","timestamp":"2026-05-04 02:10:03"}
{"level":"info","message":"GET /api/courses 304 in 222ms :: []","service":"stargem-manager","timestamp":"2026-05-04 02:10:03"}
{"level":"info","message":"GET /api/courses 304 in 231ms :: [{\"id\":807,\"sku\":\"2526KUQI15MAR - A\",\"name\":\"D…","service":"stargem-manager","timestamp":"2026-05-04 02:10:03"}
{"level":"info","message":"GET /api/courses 304 in 255ms :: [{\"id\":810,\"sku\":\"PROVA2526CRUZMAR12\",\"name\":\"…","service":"stargem-manager","timestamp":"2026-05-04 02:10:03"}
{"level":"info","message":"GET /api/enrollments 304 in 613ms :: [{\"id\":65,\"memberId\":14194,\"courseId\":7,\"p…","service":"stargem-manager","timestamp":"2026-05-04 02:10:03"}
{"level":"info","message":"GET /api/courses 304 in 255ms :: []","service":"stargem-manager","timestamp":"2026-05-04 02:10:03"}
{"level":"info","message":"GET /api/courses 304 in 204ms :: [{\"id\":529,\"sku\":\"2526ALLENAMENTO\",\"name\":\"All…","service":"stargem-manager","timestamp":"2026-05-04 02:10:03"}
{"level":"info","message":"GET /api/courses 304 in 228ms :: [{\"id\":560,\"sku\":\"2526LEZINDIVIDUALE\",\"name\":\"…","service":"stargem-manager","timestamp":"2026-05-04 02:10:03"}
{"level":"info","message":"GET /api/courses 304 in 212ms :: []","service":"stargem-manager","timestamp":"2026-05-04 02:10:03"}
{"level":"info","message":"GET /api/courses 304 in 245ms :: []","service":"stargem-manager","timestamp":"2026-05-04 02:10:03"}
{"level":"info","message":"GET /api/enrollments 304 in 237ms :: []","service":"stargem-manager","timestamp":"2026-05-04 02:10:03"}
{"level":"info","message":"GET /api/enrollments 304 in 198ms :: []","service":"stargem-manager","timestamp":"2026-05-04 02:10:03"}
{"level":"info","message":"GET /api/enrollments 304 in 201ms :: []","service":"stargem-manager","timestamp":"2026-05-04 02:10:03"}
{"level":"info","message":"GET /api/enrollments 304 in 206ms :: [{\"id\":7224,\"memberId\":14186,\"courseId\":56…","service":"stargem-manager","timestamp":"2026-05-04 02:10:03"}
{"level":"info","message":"GET /api/courses 304 in 200ms :: [{\"id\":813,\"sku\":\"2526CAMPUSDANZAS2\",\"name\":\"C…","service":"stargem-manager","timestamp":"2026-05-04 02:10:03"}
{"level":"info","message":"GET /api/enrollments 304 in 196ms :: [{\"id\":6071,\"memberId\":15573,\"courseId\":52…","service":"stargem-manager","timestamp":"2026-05-04 02:10:03"}
{"level":"info","message":"GET /api/enrollments 304 in 196ms :: [{\"id\":6929,\"memberId\":17989,\"courseId\":56…","service":"stargem-manager","timestamp":"2026-05-04 02:10:03"}
{"level":"info","message":"GET /api/enrollments 304 in 227ms :: [{\"id\":6133,\"memberId\":18311,\"courseId\":53…","service":"stargem-manager","timestamp":"2026-05-04 02:10:03"}
{"level":"info","message":"GET /api/enrollments 304 in 195ms :: [{\"id\":10586,\"memberId\":14957,\"courseId\":7…","service":"stargem-manager","timestamp":"2026-05-04 02:10:03"}
{"level":"info","message":"GET /api/enrollments 304 in 243ms :: []","service":"stargem-manager","timestamp":"2026-05-04 02:10:04"}
{"level":"info","message":"GET /api/enrollments 304 in 259ms :: []","service":"stargem-manager","timestamp":"2026-05-04 02:10:04"}
{"level":"info","message":"GET /api/users/presence/active 304 in 455ms :: [{\"id\":\"admin-id\",\"username\":\"ad…","service":"stargem-manager","timestamp":"2026-05-04 02:10:04"}
{"level":"info","message":"POST /api/users/presence/heartbeat 200 in 282ms :: {\"success\":true}","service":"stargem-manager","timestamp":"2026-05-04 02:10:04"}
{"level":"info","message":"GET /api/gemteam/permessi/pending-count 304 in 287ms :: {\"count\":0}","service":"stargem-manager","timestamp":"2026-05-04 02:10:07"}
{"level":"info","message":"GET /api/team-notes 304 in 184ms :: []","service":"stargem-manager","timestamp":"2026-05-04 02:10:07"}
{"level":"info","message":"GET /api/todos 304 in 296ms :: [{\"id\":1,\"text\":\"Implementare verifica SMS/Whats…","service":"stargem-manager","timestamp":"2026-05-04 02:10:09"}
{"level":"info","message":"GET /api/team-comments 304 in 299ms :: [{\"id\":20,\"authorId\":\"admin-id\",\"authorN…","service":"stargem-manager","timestamp":"2026-05-04 02:10:09"}
{"level":"info","message":"GET /api/team-comments 304 in 198ms :: [{\"id\":20,\"authorId\":\"admin-id\",\"authorN…","service":"stargem-manager","timestamp":"2026-05-04 02:10:19"}
{"level":"info","message":"GET /api/todos 304 in 254ms :: [{\"id\":1,\"text\":\"Implementare verifica SMS/Whats…","service":"stargem-manager","timestamp":"2026-05-04 02:10:19"}
{"level":"info","message":"GET /api/users/presence/active 200 in 584ms :: [{\"id\":\"admin-id\",\"username\":\"ad…","service":"stargem-manager","timestamp":"2026-05-04 02:10:19"}
{"level":"info","message":"GET /api/team-notes 304 in 219ms :: []","service":"stargem-manager","timestamp":"2026-05-04 02:10:20"}
{"level":"info","message":"GET /api/courses/373/enrolled-members 200 in 244ms :: [{\"enrollment_id\":99,\"mem…","service":"stargem-manager","timestamp":"2026-05-04 02:10:20"}
{"level":"info","message":"GET /api/workshops 200 in 277ms","service":"stargem-manager","timestamp":"2026-05-04 02:10:22"}
{"level":"info","message":"GET /api/workshop-attendances 200 in 277ms","service":"stargem-manager","timestamp":"2026-05-04 02:10:22"}
{"level":"info","message":"GET /api/workshops 200 in 268ms","service":"stargem-manager","timestamp":"2026-05-04 02:10:22"}
{"level":"info","message":"GET /api/team-notes 304 in 309ms :: []","service":"stargem-manager","timestamp":"2026-05-04 02:10:22"}
{"level":"info","message":"GET /api/payment-methods 500 in 307ms :: {\"message\":\"Failed to fetch payment me…","service":"stargem-manager","timestamp":"2026-05-04 02:10:22"}
{"level":"info","message":"GET /api/courses 304 in 341ms :: [{\"id\":849,\"sku\":\"2627ALMEIDALUN19\",\"name\":\"Fu…","service":"stargem-manager","timestamp":"2026-05-04 02:10:22"}
{"level":"info","message":"GET /api/strategic-events/closed-days 304 in 268ms :: {\"closedDays\":[\"2026-11-0…","service":"stargem-manager","timestamp":"2026-05-04 02:10:22"}
{"level":"info","message":"GET /api/courses 304 in 278ms :: [{\"id\":849,\"sku\":\"2627ALMEIDALUN19\",\"name\":\"Fu…","service":"stargem-manager","timestamp":"2026-05-04 02:10:22"}
{"level":"info","message":"GET /api/team-comments 304 in 282ms :: [{\"id\":20,\"authorId\":\"admin-id\",\"authorN…","service":"stargem-manager","timestamp":"2026-05-04 02:10:29"}
{"level":"info","message":"GET /api/todos 304 in 305ms :: [{\"id\":1,\"text\":\"Implementare verifica SMS/Whats…","service":"stargem-manager","timestamp":"2026-05-04 02:10:29"}
{"level":"info","message":"GET /api/users/presence/active 304 in 572ms :: [{\"id\":\"admin-id\",\"username\":\"ad…","service":"stargem-manager","timestamp":"2026-05-04 02:10:35"}
{"level":"info","message":"POST /api/users/presence/heartbeat 200 in 451ms :: {\"success\":true}","service":"stargem-manager","timestamp":"2026-05-04 02:10:35"}
{"level":"info","message":"GET /api/team-comments 304 in 293ms :: [{\"id\":20,\"authorId\":\"admin-id\",\"authorN…","service":"stargem-manager","timestamp":"2026-05-04 02:10:40"}
{"level":"info","message":"GET /api/todos 304 in 304ms :: [{\"id\":1,\"text\":\"Implementare verifica SMS/Whats…","service":"stargem-manager","timestamp":"2026-05-04 02:10:40"}
{"level":"info","message":"GET /api/team-comments 304 in 283ms :: [{\"id\":20,\"authorId\":\"admin-id\",\"authorN…","service":"stargem-manager","timestamp":"2026-05-04 02:10:50"}
{"level":"info","message":"GET /api/todos 304 in 326ms :: [{\"id\":1,\"text\":\"Implementare verifica SMS/Whats…","service":"stargem-manager","timestamp":"2026-05-04 02:10:50"}
{"level":"info","message":"GET /api/users/presence/active 200 in 524ms :: [{\"id\":\"admin-id\",\"username\":\"ad…","service":"stargem-manager","timestamp":"2026-05-04 02:10:51"}
{"level":"info","message":"GET /api/team-comments 304 in 311ms :: [{\"id\":20,\"authorId\":\"admin-id\",\"authorN…","service":"stargem-manager","timestamp":"2026-05-04 02:11:00"}
{"level":"info","message":"GET /api/todos 304 in 290ms :: [{\"id\":1,\"text\":\"Implementare verifica SMS/Whats…","service":"stargem-manager","timestamp":"2026-05-04 02:11:00"}
{"level":"info","message":"GET /api/users/presence/active 304 in 535ms :: [{\"id\":\"admin-id\",\"username\":\"ad…","service":"stargem-manager","timestamp":"2026-05-04 02:11:06"}
{"level":"info","message":"GET /api/gemteam/permessi/pending-count 304 in 183ms :: {\"count\":0}","service":"stargem-manager","timestamp":"2026-05-04 02:11:07"}
{"level":"info","message":"GET /api/team-comments 304 in 284ms :: [{\"id\":20,\"authorId\":\"admin-id\",\"authorN…","service":"stargem-manager","timestamp":"2026-05-04 02:11:11"}
{"level":"info","message":"GET /api/todos 304 in 288ms :: [{\"id\":1,\"text\":\"Implementare verifica SMS/Whats…","service":"stargem-manager","timestamp":"2026-05-04 02:11:11"}
{"level":"info","message":"POST /api/users/presence/heartbeat 200 in 365ms :: {\"success\":true}","service":"stargem-manager","timestamp":"2026-05-04 02:11:17"}
{"level":"info","message":"GET /api/team-notes 304 in 303ms :: []","service":"stargem-manager","timestamp":"2026-05-04 02:11:21"}
{"level":"info","message":"GET /api/todos 304 in 223ms :: [{\"id\":1,\"text\":\"Implementare verifica SMS/Whats…","service":"stargem-manager","timestamp":"2026-05-04 02:11:21"}
{"level":"info","message":"GET /api/team-comments 304 in 246ms :: [{\"id\":20,\"authorId\":\"admin-id\",\"authorN…","service":"stargem-manager","timestamp":"2026-05-04 02:11:21"}
{"level":"info","message":"GET /api/users/presence/active 200 in 420ms :: [{\"id\":\"admin-id\",\"username\":\"ad…","service":"stargem-manager","timestamp":"2026-05-04 02:11:22"}
{"level":"info","message":"GET /api/courses/840/enrolled-members 200 in 308ms :: []","service":"stargem-manager","timestamp":"2026-05-04 02:11:27"}
{"level":"info","message":"GET /api/team-notes 304 in 330ms :: []","service":"stargem-manager","timestamp":"2026-05-04 02:11:27"}
{"level":"info","message":"GET /api/todos 304 in 307ms :: [{\"id\":1,\"text\":\"Implementare verifica SMS/Whats…","service":"stargem-manager","timestamp":"2026-05-04 02:11:31"}
{"level":"info","message":"GET /api/team-comments 304 in 306ms :: [{\"id\":20,\"authorId\":\"admin-id\",\"authorN…","service":"stargem-manager","timestamp":"2026-05-04 02:11:31"}
{"level":"info","message":"GET /api/users/presence/active 304 in 579ms :: [{\"id\":\"admin-id\",\"username\":\"ad…","service":"stargem-manager","timestamp":"2026-05-04 02:11:37"}
{"level":"info","message":"GET /api/todos 304 in 334ms :: [{\"id\":1,\"text\":\"Implementare verifica SMS/Whats…","service":"stargem-manager","timestamp":"2026-05-04 02:11:42"}
{"level":"info","message":"GET /api/team-comments 304 in 335ms :: [{\"id\":20,\"authorId\":\"admin-id\",\"authorN…","service":"stargem-manager","timestamp":"2026-05-04 02:11:42"}
{"level":"info","message":"GET /api/todos 304 in 303ms :: [{\"id\":1,\"text\":\"Implementare verifica SMS/Whats…","service":"stargem-manager","timestamp":"2026-05-04 02:11:52"}
{"level":"info","message":"GET /api/team-comments 304 in 304ms :: [{\"id\":20,\"authorId\":\"admin-id\",\"authorN…","service":"stargem-manager","timestamp":"2026-05-04 02:11:52"}
{"level":"info","message":"GET /api/users/presence/active 200 in 458ms :: [{\"id\":\"admin-id\",\"username\":\"ad…","service":"stargem-manager","timestamp":"2026-05-04 02:11:53"}
{"level":"info","message":"GET /api/todos 304 in 326ms :: [{\"id\":1,\"text\":\"Implementare verifica SMS/Whats…","service":"stargem-manager","timestamp":"2026-05-04 02:12:02"}
{"level":"info","message":"GET /api/team-comments 304 in 328ms :: [{\"id\":20,\"authorId\":\"admin-id\",\"authorN…","service":"stargem-manager","timestamp":"2026-05-04 02:12:02"}
{"level":"info","message":"GET /api/gemteam/permessi/pending-count 304 in 279ms :: {\"count\":0}","service":"stargem-manager","timestamp":"2026-05-04 02:12:08"}
{"level":"info","message":"GET /api/users/presence/active 304 in 526ms :: [{\"id\":\"admin-id\",\"username\":\"ad…","service":"stargem-manager","timestamp":"2026-05-04 02:12:08"}
{"level":"info","message":"GET /api/todos 304 in 464ms :: [{\"id\":1,\"text\":\"Implementare verifica SMS/Whats…","service":"stargem-manager","timestamp":"2026-05-04 02:12:13"}
{"level":"info","message":"GET /api/team-comments 304 in 467ms :: [{\"id\":20,\"authorId\":\"admin-id\",\"authorN…","service":"stargem-manager","timestamp":"2026-05-04 02:12:13"}
{"level":"info","message":"GET /api/todos 304 in 307ms :: [{\"id\":1,\"text\":\"Implementare verifica SMS/Whats…","service":"stargem-manager","timestamp":"2026-05-04 02:12:23"}
{"level":"info","message":"GET /api/team-comments 304 in 307ms :: [{\"id\":20,\"authorId\":\"admin-id\",\"authorN…","service":"stargem-manager","timestamp":"2026-05-04 02:12:23"}
{"level":"info","message":"GET /api/users/presence/active 304 in 594ms :: [{\"id\":\"admin-id\",\"username\":\"ad…","service":"stargem-manager","timestamp":"2026-05-04 02:12:24"}
{"level":"info","message":"GET /api/todos 304 in 312ms :: [{\"id\":1,\"text\":\"Implementare verifica SMS/Whats…","service":"stargem-manager","timestamp":"2026-05-04 02:12:33"}
{"level":"info","message":"GET /api/team-comments 304 in 315ms :: [{\"id\":20,\"authorId\":\"admin-id\",\"authorN…","service":"stargem-manager","timestamp":"2026-05-04 02:12:33"}
{"level":"info","message":"GET /api/users/presence/active 304 in 568ms :: [{\"id\":\"admin-id\",\"username\":\"ad…","service":"stargem-manager","timestamp":"2026-05-04 02:12:39"}
{"level":"info","message":"GET /api/todos 304 in 316ms :: [{\"id\":1,\"text\":\"Implementare verifica SMS/Whats…","service":"stargem-manager","timestamp":"2026-05-04 02:12:44"}
{"level":"info","message":"GET /api/team-comments 304 in 321ms :: [{\"id\":20,\"authorId\":\"admin-id\",\"authorN…","service":"stargem-manager","timestamp":"2026-05-04 02:12:44"}
{"level":"info","message":"GET /api/todos 304 in 304ms :: [{\"id\":1,\"text\":\"Implementare verifica SMS/Whats…","service":"stargem-manager","timestamp":"2026-05-04 02:12:54"}
{"level":"info","message":"GET /api/team-comments 304 in 306ms :: [{\"id\":20,\"authorId\":\"admin-id\",\"authorN…","service":"stargem-manager","timestamp":"2026-05-04 02:12:54"}
{"level":"info","message":"GET /api/users/presence/active 200 in 489ms :: [{\"id\":\"admin-id\",\"username\":\"ad…","service":"stargem-manager","timestamp":"2026-05-04 02:12:55"}
{"level":"info","message":"GET /api/todos 304 in 308ms :: [{\"id\":1,\"text\":\"Implementare verifica SMS/Whats…","service":"stargem-manager","timestamp":"2026-05-04 02:13:04"}
{"level":"info","message":"GET /api/team-comments 304 in 311ms :: [{\"id\":20,\"authorId\":\"admin-id\",\"authorN…","service":"stargem-manager","timestamp":"2026-05-04 02:13:04"}
{"level":"info","message":"GET /api/gemteam/permessi/pending-count 304 in 245ms :: {\"count\":0}","service":"stargem-manager","timestamp":"2026-05-04 02:13:08"}
{"level":"info","message":"GET /api/users/presence/active 304 in 624ms :: [{\"id\":\"admin-id\",\"username\":\"ad…","service":"stargem-manager","timestamp":"2026-05-04 02:13:10"}
{"level":"info","message":"GET /api/todos 304 in 302ms :: [{\"id\":1,\"text\":\"Implementare verifica SMS/Whats…","service":"stargem-manager","timestamp":"2026-05-04 02:13:15"}
{"level":"info","message":"GET /api/team-comments 304 in 303ms :: [{\"id\":20,\"authorId\":\"admin-id\",\"authorN…","service":"stargem-manager","timestamp":"2026-05-04 02:13:15"}
{"level":"info","message":"GET /api/todos 304 in 305ms :: [{\"id\":1,\"text\":\"Implementare verifica SMS/Whats…","service":"stargem-manager","timestamp":"2026-05-04 02:13:25"}
{"level":"info","message":"GET /api/team-comments 304 in 308ms :: [{\"id\":20,\"authorId\":\"admin-id\",\"authorN…","service":"stargem-manager","timestamp":"2026-05-04 02:13:25"}
{"level":"info","message":"GET /api/users/presence/active 304 in 507ms :: [{\"id\":\"admin-id\",\"username\":\"ad…","service":"stargem-manager","timestamp":"2026-05-04 02:13:26"}
{"level":"info","message":"GET /api/todos 304 in 304ms :: [{\"id\":1,\"text\":\"Implementare verifica SMS/Whats…","service":"stargem-manager","timestamp":"2026-05-04 02:13:35"}
{"level":"info","message":"GET /api/team-comments 304 in 304ms :: [{\"id\":20,\"authorId\":\"admin-id\",\"authorN…","service":"stargem-manager","timestamp":"2026-05-04 02:13:35"}
{"level":"info","message":"GET /api/users/presence/active 304 in 565ms :: [{\"id\":\"admin-id\",\"username\":\"ad…","service":"stargem-manager","timestamp":"2026-05-04 02:13:42"}
{"level":"info","message":"GET /api/todos 304 in 313ms :: [{\"id\":1,\"text\":\"Implementare verifica SMS/Whats…","service":"stargem-manager","timestamp":"2026-05-04 02:13:46"}
{"level":"info","message":"GET /api/team-comments 304 in 316ms :: [{\"id\":20,\"authorId\":\"admin-id\",\"authorN…","service":"stargem-manager","timestamp":"2026-05-04 02:13:46"}
{"level":"info","message":"GET /api/todos 304 in 308ms :: [{\"id\":1,\"text\":\"Implementare verifica SMS/Whats…","service":"stargem-manager","timestamp":"2026-05-04 02:13:56"}
{"level":"info","message":"GET /api/team-comments 304 in 309ms :: [{\"id\":20,\"authorId\":\"admin-id\",\"authorN…","service":"stargem-manager","timestamp":"2026-05-04 02:13:56"}
{"level":"info","message":"GET /api/users/presence/active 200 in 499ms :: [{\"id\":\"admin-id\",\"username\":\"ad…","service":"stargem-manager","timestamp":"2026-05-04 02:13:57"}
{"level":"info","message":"GET /api/todos 304 in 302ms :: [{\"id\":1,\"text\":\"Implementare verifica SMS/Whats…","service":"stargem-manager","timestamp":"2026-05-04 02:14:06"}
{"level":"info","message":"GET /api/team-comments 304 in 306ms :: [{\"id\":20,\"authorId\":\"admin-id\",\"authorN…","service":"stargem-manager","timestamp":"2026-05-04 02:14:06"}
{"level":"info","message":"GET /api/gemteam/permessi/pending-count 304 in 238ms :: {\"count\":0}","service":"stargem-manager","timestamp":"2026-05-04 02:14:08"}
{"level":"info","message":"GET /api/users/presence/active 304 in 552ms :: [{\"id\":\"admin-id\",\"username\":\"ad…","service":"stargem-manager","timestamp":"2026-05-04 02:14:13"}
{"level":"info","message":"GET /api/todos 304 in 302ms :: [{\"id\":1,\"text\":\"Implementare verifica SMS/Whats…","service":"stargem-manager","timestamp":"2026-05-04 02:14:17"}
{"level":"info","message":"GET /api/team-comments 304 in 301ms :: [{\"id\":20,\"authorId\":\"admin-id\",\"authorN…","service":"stargem-manager","timestamp":"2026-05-04 02:14:17"}
{"level":"info","message":"GET /api/todos 304 in 307ms :: [{\"id\":1,\"text\":\"Implementare verifica SMS/Whats…","service":"stargem-manager","timestamp":"2026-05-04 02:14:27"}
{"level":"info","message":"GET /api/team-comments 304 in 302ms :: [{\"id\":20,\"authorId\":\"admin-id\",\"authorN…","service":"stargem-manager","timestamp":"2026-05-04 02:14:27"}
{"level":"info","message":"GET /api/users/presence/active 304 in 488ms :: [{\"id\":\"admin-id\",\"username\":\"ad…","service":"stargem-manager","timestamp":"2026-05-04 02:14:28"}
{"level":"info","message":"GET /api/todos 304 in 307ms :: [{\"id\":1,\"text\":\"Implementare verifica SMS/Whats…","service":"stargem-manager","timestamp":"2026-05-04 02:14:37"}
{"level":"info","message":"GET /api/team-comments 304 in 308ms :: [{\"id\":20,\"authorId\":\"admin-id\",\"authorN…","service":"stargem-manager","timestamp":"2026-05-04 02:14:37"}
{"level":"info","message":"GET /api/users/presence/active 304 in 584ms :: [{\"id\":\"admin-id\",\"username\":\"ad…","service":"stargem-manager","timestamp":"2026-05-04 02:14:44"}
{"level":"info","message":"GET /api/todos 304 in 300ms :: [{\"id\":1,\"text\":\"Implementare verifica SMS/Whats…","service":"stargem-manager","timestamp":"2026-05-04 02:14:47"}
{"level":"info","message":"GET /api/team-comments 304 in 301ms :: [{\"id\":20,\"authorId\":\"admin-id\",\"authorN…","service":"stargem-manager","timestamp":"2026-05-04 02:14:47"}
{"level":"info","message":"GET /api/todos 304 in 301ms :: [{\"id\":1,\"text\":\"Implementare verifica SMS/Whats…","service":"stargem-manager","timestamp":"2026-05-04 02:14:58"}
{"level":"info","message":"GET /api/team-comments 304 in 303ms :: [{\"id\":20,\"authorId\":\"admin-id\",\"authorN…","service":"stargem-manager","timestamp":"2026-05-04 02:14:58"}
{"level":"info","message":"GET /api/users/presence/active 200 in 548ms :: [{\"id\":\"admin-id\",\"username\":\"ad…","service":"stargem-manager","timestamp":"2026-05-04 02:14:59"}
{"level":"info","message":"GET /api/todos 304 in 306ms :: [{\"id\":1,\"text\":\"Implementare verifica SMS/Whats…","service":"stargem-manager","timestamp":"2026-05-04 02:15:08"}
{"level":"info","message":"GET /api/team-comments 304 in 309ms :: [{\"id\":20,\"authorId\":\"admin-id\",\"authorN…","service":"stargem-manager","timestamp":"2026-05-04 02:15:08"}
{"level":"info","message":"GET /api/gemteam/permessi/pending-count 304 in 156ms :: {\"count\":0}","service":"stargem-manager","timestamp":"2026-05-04 02:15:08"}
{"level":"info","message":"GET /api/users/presence/active 304 in 599ms :: [{\"id\":\"admin-id\",\"username\":\"ad…","service":"stargem-manager","timestamp":"2026-05-04 02:15:15"}
{"level":"info","message":"GET /api/todos 304 in 306ms :: [{\"id\":1,\"text\":\"Implementare verifica SMS/Whats…","service":"stargem-manager","timestamp":"2026-05-04 02:15:18"}
{"level":"info","message":"GET /api/team-comments 304 in 308ms :: [{\"id\":20,\"authorId\":\"admin-id\",\"authorN…","service":"stargem-manager","timestamp":"2026-05-04 02:15:18"}
{"level":"info","message":"GET /api/todos 304 in 306ms :: [{\"id\":1,\"text\":\"Implementare verifica SMS/Whats…","service":"stargem-manager","timestamp":"2026-05-04 02:15:29"}
{"level":"info","message":"GET /api/team-comments 304 in 308ms :: [{\"id\":20,\"authorId\":\"admin-id\",\"authorN…","service":"stargem-manager","timestamp":"2026-05-04 02:15:29"}
{"level":"info","message":"GET /api/users/presence/active 304 in 598ms :: [{\"id\":\"admin-id\",\"username\":\"ad…","service":"stargem-manager","timestamp":"2026-05-04 02:15:30"}
{"level":"info","message":"GET /api/todos 304 in 311ms :: [{\"id\":1,\"text\":\"Implementare verifica SMS/Whats…","service":"stargem-manager","timestamp":"2026-05-04 02:15:39"}
{"level":"info","message":"GET /api/team-comments 304 in 313ms :: [{\"id\":20,\"authorId\":\"admin-id\",\"authorN…","service":"stargem-manager","timestamp":"2026-05-04 02:15:39"}
{"level":"info","message":"GET /api/users/presence/active 200 in 587ms :: [{\"id\":\"admin-id\",\"username\":\"ad…","service":"stargem-manager","timestamp":"2026-05-04 02:15:46"}
{"level":"info","message":"GET /api/todos 304 in 311ms :: [{\"id\":1,\"text\":\"Implementare verifica SMS/Whats…","service":"stargem-manager","timestamp":"2026-05-04 02:15:49"}
{"level":"info","message":"GET /api/team-comments 304 in 312ms :: [{\"id\":20,\"authorId\":\"admin-id\",\"authorN…","service":"stargem-manager","timestamp":"2026-05-04 02:15:49"}
{"level":"info","message":"GET /api/todos 304 in 303ms :: [{\"id\":1,\"text\":\"Implementare verifica SMS/Whats…","service":"stargem-manager","timestamp":"2026-05-04 02:16:00"}
{"level":"info","message":"GET /api/team-comments 304 in 304ms :: [{\"id\":20,\"authorId\":\"admin-id\",\"authorN…","service":"stargem-manager","timestamp":"2026-05-04 02:16:00"}
{"level":"info","message":"GET /api/users/presence/active 304 in 560ms :: [{\"id\":\"admin-id\",\"username\":\"ad…","service":"stargem-manager","timestamp":"2026-05-04 02:16:02"}
{"level":"info","message":"GET /api/gemteam/permessi/pending-count 304 in 240ms :: {\"count\":0}","service":"stargem-manager","timestamp":"2026-05-04 02:16:09"}
{"level":"info","message":"GET /api/todos 304 in 295ms :: [{\"id\":1,\"text\":\"Implementare verifica SMS/Whats…","service":"stargem-manager","timestamp":"2026-05-04 02:16:10"}
{"level":"info","message":"GET /api/team-comments 304 in 296ms :: [{\"id\":20,\"authorId\":\"admin-id\",\"authorN…","service":"stargem-manager","timestamp":"2026-05-04 02:16:10"}
{"level":"info","message":"GET /api/users/presence/active 200 in 575ms :: [{\"id\":\"admin-id\",\"username\":\"ad…","service":"stargem-manager","timestamp":"2026-05-04 02:16:17"}
{"level":"info","message":"GET /api/todos 304 in 304ms :: [{\"id\":1,\"text\":\"Implementare verifica SMS/Whats…","service":"stargem-manager","timestamp":"2026-05-04 02:16:20"}
{"level":"info","message":"GET /api/team-comments 304 in 303ms :: [{\"id\":20,\"authorId\":\"admin-id\",\"authorN…","service":"stargem-manager","timestamp":"2026-05-04 02:16:20"}
{"level":"info","message":"GET /api/todos 304 in 301ms :: [{\"id\":1,\"text\":\"Implementare verifica SMS/Whats…","service":"stargem-manager","timestamp":"2026-05-04 02:16:31"}
{"level":"info","message":"GET /api/team-comments 304 in 303ms :: [{\"id\":20,\"authorId\":\"admin-id\",\"authorN…","service":"stargem-manager","timestamp":"2026-05-04 02:16:31"}
{"level":"info","message":"GET /api/users/presence/active 304 in 557ms :: [{\"id\":\"admin-id\",\"username\":\"ad…","service":"stargem-manager","timestamp":"2026-05-04 02:16:33"}
{"level":"info","message":"GET /api/todos 304 in 303ms :: [{\"id\":1,\"text\":\"Implementare verifica SMS/Whats…","service":"stargem-manager","timestamp":"2026-05-04 02:16:41"}
{"level":"info","message":"GET /api/team-comments 304 in 306ms :: [{\"id\":20,\"authorId\":\"admin-id\",\"authorN…","service":"stargem-manager","timestamp":"2026-05-04 02:16:41"}
{"level":"info","message":"GET /api/users/presence/active 304 in 604ms :: [{\"id\":\"admin-id\",\"username\":\"ad…","service":"stargem-manager","timestamp":"2026-05-04 02:16:48"}
{"level":"info","message":"GET /api/todos 304 in 304ms :: [{\"id\":1,\"text\":\"Implementare verifica SMS/Whats…","service":"stargem-manager","timestamp":"2026-05-04 02:16:51"}
{"level":"info","message":"GET /api/team-comments 304 in 308ms :: [{\"id\":20,\"authorId\":\"admin-id\",\"authorN…","service":"stargem-manager","timestamp":"2026-05-04 02:16:51"}
{"level":"info","message":"GET /api/custom-lists/fascia_eta 304 in 236ms :: {\"id\":6,\"name\":\"Fascia età\",\"s…","service":"stargem-manager","timestamp":"2026-05-04 02:17:01"}
{"level":"info","message":"GET /api/custom-lists/livello 304 in 238ms :: {\"id\":5,\"name\":\"Livello\",\"systemN…","service":"stargem-manager","timestamp":"2026-05-04 02:17:01"}
{"level":"info","message":"GET /api/custom-lists/posti_disponibili 304 in 240ms :: {\"id\":14,\"name\":\"Posti …","service":"stargem-manager","timestamp":"2026-05-04 02:17:01"}
{"level":"info","message":"GET /api/custom-lists/numero_persone 304 in 261ms :: {\"id\":25,\"name\":\"Numero Pe…","service":"stargem-manager","timestamp":"2026-05-04 02:17:01"}
{"level":"info","message":"GET /api/custom-lists/nomi_corsi 304 in 264ms :: {\"id\":15,\"name\":\"Generi Corsi\"…","service":"stargem-manager","timestamp":"2026-05-04 02:17:01"}
{"level":"info","message":"GET /api/custom-lists/campus 304 in 313ms :: {\"id\":22,\"name\":\"Campus\",\"systemNa…","service":"stargem-manager","timestamp":"2026-05-04 02:17:01"}
{"level":"info","message":"GET /api/custom-lists/pacchetti_prenotazioni 304 in 228ms :: {\"items\":[]}","service":"stargem-manager","timestamp":"2026-05-04 02:17:01"}
{"level":"info","message":"GET /api/custom-lists/categorie 304 in 279ms :: {\"id\":23,\"name\":\"Categorie\",\"sy…","service":"stargem-manager","timestamp":"2026-05-04 02:17:01"}
{"level":"info","message":"GET /api/todos 304 in 222ms :: [{\"id\":1,\"text\":\"Implementare verifica SMS/Whats…","service":"stargem-manager","timestamp":"2026-05-04 02:17:01"}
{"level":"info","message":"GET /api/team-comments 304 in 221ms :: [{\"id\":20,\"authorId\":\"admin-id\",\"authorN…","service":"stargem-manager","timestamp":"2026-05-04 02:17:01"}
{"level":"info","message":"GET /api/users/presence/active 304 in 552ms :: [{\"id\":\"admin-id\",\"username\":\"ad…","service":"stargem-manager","timestamp":"2026-05-04 02:17:04"}
{"level":"info","message":"GET /api/gemteam/permessi/pending-count 304 in 247ms :: {\"count\":0}","service":"stargem-manager","timestamp":"2026-05-04 02:17:09"}
{"level":"info","message":"GET /api/todos 304 in 303ms :: [{\"id\":1,\"text\":\"Implementare verifica SMS/Whats…","service":"stargem-manager","timestamp":"2026-05-04 02:17:12"}
{"level":"info","message":"GET /api/team-comments 304 in 306ms :: [{\"id\":20,\"authorId\":\"admin-id\",\"authorN…","service":"stargem-manager","timestamp":"2026-05-04 02:17:12"}
{"level":"info","message":"GET /api/users/presence/active 200 in 543ms :: [{\"id\":\"admin-id\",\"username\":\"ad…","service":"stargem-manager","timestamp":"2026-05-04 02:17:20"}
{"level":"info","message":"GET /api/todos 304 in 300ms :: [{\"id\":1,\"text\":\"Implementare verifica SMS/Whats…","service":"stargem-manager","timestamp":"2026-05-04 02:17:22"}
{"level":"info","message":"GET /api/team-comments 304 in 301ms :: [{\"id\":20,\"authorId\":\"admin-id\",\"authorN…","service":"stargem-manager","timestamp":"2026-05-04 02:17:22"}
{"level":"info","message":"GET /api/todos 304 in 300ms :: [{\"id\":1,\"text\":\"Implementare verifica SMS/Whats…","service":"stargem-manager","timestamp":"2026-05-04 02:17:32"}
{"level":"info","message":"GET /api/team-comments 304 in 302ms :: [{\"id\":20,\"authorId\":\"admin-id\",\"authorN…","service":"stargem-manager","timestamp":"2026-05-04 02:17:32"}
{"level":"info","message":"GET /api/users/presence/active 304 in 625ms :: [{\"id\":\"admin-id\",\"username\":\"ad…","service":"stargem-manager","timestamp":"2026-05-04 02:17:35"}
{"level":"info","message":"GET /api/todos 304 in 307ms :: [{\"id\":1,\"text\":\"Implementare verifica SMS/Whats…","service":"stargem-manager","timestamp":"2026-05-04 02:17:43"}
{"level":"info","message":"GET /api/team-comments 304 in 307ms :: [{\"id\":20,\"authorId\":\"admin-id\",\"authorN…","service":"stargem-manager","timestamp":"2026-05-04 02:17:43"}
{"level":"info","message":"GET /api/users/presence/active 304 in 556ms :: [{\"id\":\"admin-id\",\"username\":\"ad…","service":"stargem-manager","timestamp":"2026-05-04 02:17:51"}
{"level":"info","message":"GET /api/todos 304 in 299ms :: [{\"id\":1,\"text\":\"Implementare verifica SMS/Whats…","service":"stargem-manager","timestamp":"2026-05-04 02:17:53"}
{"level":"info","message":"GET /api/team-comments 304 in 301ms :: [{\"id\":20,\"authorId\":\"admin-id\",\"authorN…","service":"stargem-manager","timestamp":"2026-05-04 02:17:53"}
{"level":"info","message":"GET /api/todos 304 in 230ms :: [{\"id\":1,\"text\":\"Implementare verifica SMS/Whats…","service":"stargem-manager","timestamp":"2026-05-04 02:18:03"}
{"level":"info","message":"GET /api/team-comments 304 in 230ms :: [{\"id\":20,\"authorId\":\"admin-id\",\"authorN…","service":"stargem-manager","timestamp":"2026-05-04 02:18:03"}
{"level":"info","message":"GET /api/users/presence/active 304 in 573ms :: [{\"id\":\"admin-id\",\"username\":\"ad…","service":"stargem-manager","timestamp":"2026-05-04 02:18:06"}
{"level":"info","message":"GET /api/gemteam/permessi/pending-count 304 in 247ms :: {\"count\":0}","service":"stargem-manager","timestamp":"2026-05-04 02:18:09"}
{"level":"info","message":"GET /api/user 200 in 132ms :: {\"id\":\"admin-id\",\"username\":\"admin\",\"password\":\"d…","service":"stargem-manager","timestamp":"2026-05-04 02:18:13"}
{"level":"info","message":"GET /api/gemteam/permessi/pending-count 304 in 212ms :: {\"count\":0}","service":"stargem-manager","timestamp":"2026-05-04 02:18:13"}
{"level":"info","message":"GET /api/users/presence/active 200 in 516ms :: [{\"id\":\"admin-id\",\"username\":\"ad…","service":"stargem-manager","timestamp":"2026-05-04 02:18:13"}
{"level":"info","message":"GET /api/activities-summary 304 in 400ms :: {\"corsi\":{\"total\":289,\"active\":289}…","service":"stargem-manager","timestamp":"2026-05-04 02:18:13"}
{"level":"info","message":"POST /api/users/presence/heartbeat 200 in 585ms :: {\"success\":true}","service":"stargem-manager","timestamp":"2026-05-04 02:18:14"}
{"level":"info","message":"GET /api/todos 304 in 426ms :: [{\"id\":1,\"text\":\"Implementare verifica SMS/Whats…","service":"stargem-manager","timestamp":"2026-05-04 02:18:14"}
{"level":"info","message":"GET /api/team-comments 304 in 405ms :: [{\"id\":20,\"authorId\":\"admin-id\",\"authorN…","service":"stargem-manager","timestamp":"2026-05-04 02:18:14"}
{"level":"info","message":"GET /api/latest-activity 200 in 402ms :: {\"id\":2618,\"userId\":\"admin-id\",\"action…","service":"stargem-manager","timestamp":"2026-05-04 02:18:14"}
{"level":"info","message":"GET /api/team-notes 304 in 219ms :: []","service":"stargem-manager","timestamp":"2026-05-04 02:18:14"}
{"level":"info","message":"GET /api/courses/840/enrolled-members 304 in 227ms :: []","service":"stargem-manager","timestamp":"2026-05-04 02:18:14"}
{"level":"info","message":"GET /api/strategic-events 304 in 227ms :: [{\"id\":48,\"title\":\"Ferragosto\",\"descr…","service":"stargem-manager","timestamp":"2026-05-04 02:18:14"}
{"level":"info","message":"GET /api/courses 304 in 236ms :: [{\"id\":849,\"sku\":\"2627ALMEIDALUN19\",\"name\":\"Fu…","service":"stargem-manager","timestamp":"2026-05-04 02:18:14"}
{"level":"info","message":"GET /api/payments 304 in 277ms :: []","service":"stargem-manager","timestamp":"2026-05-04 02:18:14"}
{"level":"info","message":"GET /api/custom-lists/numero_persone 304 in 191ms :: {\"id\":25,\"name\":\"Numero Pe…","service":"stargem-manager","timestamp":"2026-05-04 02:18:15"}
{"level":"info","message":"GET /api/custom-lists/fascia_eta 304 in 238ms :: {\"id\":6,\"name\":\"Fascia età\",\"s…","service":"stargem-manager","timestamp":"2026-05-04 02:18:15"}
{"level":"info","message":"GET /api/custom-lists/livello 304 in 238ms :: {\"id\":5,\"name\":\"Livello\",\"systemN…","service":"stargem-manager","timestamp":"2026-05-04 02:18:15"}
{"level":"info","message":"GET /api/custom-lists/posti_disponibili 304 in 239ms :: {\"id\":14,\"name\":\"Posti …","service":"stargem-manager","timestamp":"2026-05-04 02:18:15"}
{"level":"info","message":"GET /api/custom-lists/nomi_corsi 304 in 264ms :: {\"id\":15,\"name\":\"Generi Corsi\"…","service":"stargem-manager","timestamp":"2026-05-04 02:18:15"}
{"level":"info","message":"GET /api/custom-lists/campus 304 in 267ms :: {\"id\":22,\"name\":\"Campus\",\"systemNa…","service":"stargem-manager","timestamp":"2026-05-04 02:18:15"}
{"level":"info","message":"GET /api/custom-lists/categorie 304 in 186ms :: {\"id\":23,\"name\":\"Categorie\",\"sy…","service":"stargem-manager","timestamp":"2026-05-04 02:18:15"}
{"level":"info","message":"GET /api/studios 304 in 206ms :: [{\"id\":10,\"name\":\"STUDIO 01 (80mq)\",\"floor\":\"\"…","service":"stargem-manager","timestamp":"2026-05-04 02:18:15"}
{"level":"info","message":"GET /api/quotes 304 in 207ms :: [{\"id\":34,\"name\":\"1 OPEN BALLO\",\"amount\":\"1300.…","service":"stargem-manager","timestamp":"2026-05-04 02:18:15"}
{"level":"info","message":"GET /api/activity-statuses 304 in 210ms :: [{\"id\":5,\"name\":\"APERTO\",\"color\":\"#2…","service":"stargem-manager","timestamp":"2026-05-04 02:18:15"}
{"level":"info","message":"GET /api/seasons 304 in 187ms :: [{\"id\":2,\"name\":\"2026/2027\",\"description\":null…","service":"stargem-manager","timestamp":"2026-05-04 02:18:15"}
{"level":"info","message":"GET /api/custom-lists/pacchetti_prenotazioni 304 in 243ms :: {\"items\":[]}","service":"stargem-manager","timestamp":"2026-05-04 02:18:15"}
{"level":"info","message":"GET /api/instructors 304 in 427ms :: [{\"id\":2336,\"userId\":null,\"firstName\":\"ANT…","service":"stargem-manager","timestamp":"2026-05-04 02:18:15"}
{"level":"info","message":"GET /api/members 304 in 299ms :: {\"members\":[{\"id\":15616,\"firstName\":\"LIA\",\"las…","service":"stargem-manager","timestamp":"2026-05-04 02:18:15"}
{"level":"info","message":"GET /api/todos 304 in 305ms :: [{\"id\":1,\"text\":\"Implementare verifica SMS/Whats…","service":"stargem-manager","timestamp":"2026-05-04 02:18:24"}
{"level":"info","message":"GET /api/team-comments 304 in 328ms :: [{\"id\":20,\"authorId\":\"admin-id\",\"authorN…","service":"stargem-manager","timestamp":"2026-05-04 02:18:24"}
{"level":"info","message":"GET /api/users/presence/active 200 in 630ms :: [{\"id\":\"admin-id\",\"username\":\"ad…","service":"stargem-manager","timestamp":"2026-05-04 02:18:29"}
{"level":"info","message":"GET /api/todos 304 in 301ms :: [{\"id\":1,\"text\":\"Implementare verifica SMS/Whats…","service":"stargem-manager","timestamp":"2026-05-04 02:18:34"}
{"level":"info","message":"GET /api/team-comments 304 in 301ms :: [{\"id\":20,\"authorId\":\"admin-id\",\"authorN…","service":"stargem-manager","timestamp":"2026-05-04 02:18:34"}
{"level":"info","message":"GET /api/team-comments 304 in 242ms :: [{\"id\":20,\"authorId\":\"admin-id\",\"authorN…","service":"stargem-manager","timestamp":"2026-05-04 02:18:44"}
{"level":"info","message":"GET /api/todos 304 in 267ms :: [{\"id\":1,\"text\":\"Implementare verifica SMS/Whats…","service":"stargem-manager","timestamp":"2026-05-04 02:18:44"}
{"level":"info","message":"GET /api/users/presence/active 200 in 598ms :: [{\"id\":\"admin-id\",\"username\":\"ad…","service":"stargem-manager","timestamp":"2026-05-04 02:18:45"}
{"level":"info","message":"GET /api/team-comments 304 in 301ms :: [{\"id\":20,\"authorId\":\"admin-id\",\"authorN…","service":"stargem-manager","timestamp":"2026-05-04 02:18:55"}
{"level":"info","message":"GET /api/todos 304 in 323ms :: [{\"id\":1,\"text\":\"Implementare verifica SMS/Whats…","service":"stargem-manager","timestamp":"2026-05-04 02:18:55"}
{"level":"info","message":"GET /api/users/presence/active 304 in 568ms :: [{\"id\":\"admin-id\",\"username\":\"ad…","service":"stargem-manager","timestamp":"2026-05-04 02:19:00"}
{"level":"info","message":"GET /api/team-comments 304 in 300ms :: [{\"id\":20,\"authorId\":\"admin-id\",\"authorN…","service":"stargem-manager","timestamp":"2026-05-04 02:19:05"}
{"level":"info","message":"GET /api/todos 304 in 302ms :: [{\"id\":1,\"text\":\"Implementare verifica SMS/Whats…","service":"stargem-manager","timestamp":"2026-05-04 02:19:05"}
{"level":"info","message":"GET /api/gemteam/permessi/pending-count 304 in 234ms :: {\"count\":0}","service":"stargem-manager","timestamp":"2026-05-04 02:19:13"}
{"level":"info","message":"GET /api/team-comments 304 in 301ms :: [{\"id\":20,\"authorId\":\"admin-id\",\"authorN…","service":"stargem-manager","timestamp":"2026-05-04 02:19:15"}
{"level":"info","message":"GET /api/todos 304 in 280ms :: [{\"id\":1,\"text\":\"Implementare verifica SMS/Whats…","service":"stargem-manager","timestamp":"2026-05-04 02:19:15"}
{"level":"info","message":"GET /api/users/presence/active 304 in 476ms :: [{\"id\":\"admin-id\",\"username\":\"ad…","service":"stargem-manager","timestamp":"2026-05-04 02:19:16"}
{"level":"info","message":"GET /api/team-comments 304 in 306ms :: [{\"id\":20,\"authorId\":\"admin-id\",\"authorN…","service":"stargem-manager","timestamp":"2026-05-04 02:19:26"}
{"level":"info","message":"GET /api/todos 304 in 330ms :: [{\"id\":1,\"text\":\"Implementare verifica SMS/Whats…","service":"stargem-manager","timestamp":"2026-05-04 02:19:26"}
{"level":"info","message":"GET /api/users/presence/active 304 in 524ms :: [{\"id\":\"admin-id\",\"username\":\"ad…","service":"stargem-manager","timestamp":"2026-05-04 02:19:31"}
{"level":"info","message":"GET /api/team-comments 304 in 300ms :: [{\"id\":20,\"authorId\":\"admin-id\",\"authorN…","service":"stargem-manager","timestamp":"2026-05-04 02:19:36"}
{"level":"info","message":"GET /api/todos 304 in 301ms :: [{\"id\":1,\"text\":\"Implementare verifica SMS/Whats…","service":"stargem-manager","timestamp":"2026-05-04 02:19:36"}
{"level":"info","message":"GET /api/todos 304 in 280ms :: [{\"id\":1,\"text\":\"Implementare verifica SMS/Whats…","service":"stargem-manager","timestamp":"2026-05-04 02:19:46"}
{"level":"info","message":"GET /api/team-comments 304 in 304ms :: [{\"id\":20,\"authorId\":\"admin-id\",\"authorN…","service":"stargem-manager","timestamp":"2026-05-04 02:19:46"}
{"level":"info","message":"POST /api/users/presence/heartbeat 200 in 460ms :: {\"success\":true}","service":"stargem-manager","timestamp":"2026-05-04 02:19:46"}
{"level":"info","message":"GET /api/users/presence/active 200 in 487ms :: [{\"id\":\"admin-id\",\"username\":\"ad…","service":"stargem-manager","timestamp":"2026-05-04 02:19:47"}
{"level":"info","message":"GET /api/user 200 in 153ms :: {\"id\":\"admin-id\",\"username\":\"admin\",\"password\":\"d…","service":"stargem-manager","timestamp":"2026-05-04 02:19:50"}
{"level":"info","message":"GET /api/latest-activity 304 in 201ms :: {\"id\":2618,\"userId\":\"admin-id\",\"action…","service":"stargem-manager","timestamp":"2026-05-04 02:19:50"}
{"level":"info","message":"GET /api/activities-summary 304 in 238ms :: {\"corsi\":{\"total\":289,\"active\":289}…","service":"stargem-manager","timestamp":"2026-05-04 02:19:50"}
{"level":"info","message":"GET /api/gemteam/permessi/pending-count 304 in 190ms :: {\"count\":0}","service":"stargem-manager","timestamp":"2026-05-04 02:19:50"}
{"level":"info","message":"GET /api/users/presence/active 200 in 476ms :: [{\"id\":\"admin-id\",\"username\":\"ad…","service":"stargem-manager","timestamp":"2026-05-04 02:19:51"}
{"level":"info","message":"GET /api/todos 304 in 364ms :: [{\"id\":1,\"text\":\"Implementare verifica SMS/Whats…","service":"stargem-manager","timestamp":"2026-05-04 02:19:51"}
{"level":"info","message":"GET /api/team-comments 304 in 359ms :: [{\"id\":20,\"authorId\":\"admin-id\",\"authorN…","service":"stargem-manager","timestamp":"2026-05-04 02:19:51"}
{"level":"info","message":"GET /api/team-notes 304 in 344ms :: []","service":"stargem-manager","timestamp":"2026-05-04 02:19:51"}
{"level":"info","message":"POST /api/users/presence/heartbeat 200 in 511ms :: {\"success\":true}","service":"stargem-manager","timestamp":"2026-05-04 02:19:51"}
{"level":"info","message":"GET /api/courses/840/enrolled-members 304 in 192ms :: []","service":"stargem-manager","timestamp":"2026-05-04 02:19:51"}
{"level":"info","message":"GET /api/strategic-events 304 in 208ms :: [{\"id\":48,\"title\":\"Ferragosto\",\"descr…","service":"stargem-manager","timestamp":"2026-05-04 02:19:51"}
{"level":"info","message":"GET /api/courses 304 in 256ms :: [{\"id\":849,\"sku\":\"2627ALMEIDALUN19\",\"name\":\"Fu…","service":"stargem-manager","timestamp":"2026-05-04 02:19:51"}
{"level":"info","message":"GET /api/payments 304 in 278ms :: []","service":"stargem-manager","timestamp":"2026-05-04 02:19:51"}
{"level":"info","message":"GET /api/custom-lists/campus 304 in 164ms :: {\"id\":22,\"name\":\"Campus\",\"systemNa…","service":"stargem-manager","timestamp":"2026-05-04 02:19:52"}
{"level":"info","message":"GET /api/custom-lists/nomi_corsi 304 in 203ms :: {\"id\":15,\"name\":\"Generi Corsi\"…","service":"stargem-manager","timestamp":"2026-05-04 02:19:52"}
{"level":"info","message":"GET /api/custom-lists/posti_disponibili 304 in 205ms :: {\"id\":14,\"name\":\"Posti …","service":"stargem-manager","timestamp":"2026-05-04 02:19:52"}
{"level":"info","message":"GET /api/custom-lists/livello 304 in 225ms :: {\"id\":5,\"name\":\"Livello\",\"systemN…","service":"stargem-manager","timestamp":"2026-05-04 02:19:52"}
{"level":"info","message":"GET /api/custom-lists/fascia_eta 304 in 227ms :: {\"id\":6,\"name\":\"Fascia età\",\"s…","service":"stargem-manager","timestamp":"2026-05-04 02:19:52"}
{"level":"info","message":"GET /api/custom-lists/numero_persone 304 in 232ms :: {\"id\":25,\"name\":\"Numero Pe…","service":"stargem-manager","timestamp":"2026-05-04 02:19:52"}
{"level":"info","message":"GET /api/activity-statuses 304 in 151ms :: [{\"id\":5,\"name\":\"APERTO\",\"color\":\"#2…","service":"stargem-manager","timestamp":"2026-05-04 02:19:52"}
{"level":"info","message":"GET /api/studios 304 in 177ms :: [{\"id\":10,\"name\":\"STUDIO 01 (80mq)\",\"floor\":\"\"…","service":"stargem-manager","timestamp":"2026-05-04 02:19:52"}
{"level":"info","message":"GET /api/seasons 304 in 184ms :: [{\"id\":2,\"name\":\"2026/2027\",\"description\":null…","service":"stargem-manager","timestamp":"2026-05-04 02:19:52"}
{"level":"info","message":"GET /api/custom-lists/pacchetti_prenotazioni 304 in 178ms :: {\"items\":[]}","service":"stargem-manager","timestamp":"2026-05-04 02:19:52"}
{"level":"info","message":"GET /api/quotes 304 in 185ms :: [{\"id\":34,\"name\":\"1 OPEN BALLO\",\"amount\":\"1300.…","service":"stargem-manager","timestamp":"2026-05-04 02:19:52"}
{"level":"info","message":"GET /api/custom-lists/categorie 304 in 228ms :: {\"id\":23,\"name\":\"Categorie\",\"sy…","service":"stargem-manager","timestamp":"2026-05-04 02:19:52"}
{"level":"info","message":"GET /api/instructors 304 in 375ms :: [{\"id\":2336,\"userId\":null,\"firstName\":\"ANT…","service":"stargem-manager","timestamp":"2026-05-04 02:19:52"}
{"level":"info","message":"GET /api/members 304 in 486ms :: {\"members\":[{\"id\":15616,\"firstName\":\"LIA\",\"las…","service":"stargem-manager","timestamp":"2026-05-04 02:19:52"}
{"level":"info","message":"GET /api/team-notes 304 in 372ms :: []","service":"stargem-manager","timestamp":"2026-05-04 02:19:54"}
{"level":"info","message":"GET /api/workshops 200 in 124ms","service":"stargem-manager","timestamp":"2026-05-04 02:19:55"}
{"level":"info","message":"GET /api/config/center-hours 304 in 175ms :: {\"start\":\"07:00\",\"end\":\"23:30\",\"da…","service":"stargem-manager","timestamp":"2026-05-04 02:19:55"}
{"level":"info","message":"GET /api/payment-methods 500 in 177ms :: {\"message\":\"Failed to fetch payment me…","service":"stargem-manager","timestamp":"2026-05-04 02:19:55"}
{"level":"info","message":"GET /api/studio-bookings 304 in 202ms :: []","service":"stargem-manager","timestamp":"2026-05-04 02:19:55"}
{"level":"info","message":"GET /api/custom-lists/genere 304 in 233ms :: {\"id\":21,\"name\":\"Generi Workshop\",…","service":"stargem-manager","timestamp":"2026-05-04 02:19:55"}
{"level":"info","message":"GET /api/workshop-attendances 200 in 117ms","service":"stargem-manager","timestamp":"2026-05-04 02:19:55"}
{"level":"info","message":"GET /api/workshops 200 in 144ms","service":"stargem-manager","timestamp":"2026-05-04 02:19:55"}
{"level":"info","message":"GET /api/enrollments 304 in 368ms :: [{\"id\":256,\"memberId\":14240,\"courseId\":385…","service":"stargem-manager","timestamp":"2026-05-04 02:19:55"}
{"level":"info","message":"GET /api/booking-services 304 in 214ms :: [{\"id\":8,\"name\":\"Lezione Zaccaria\",\"d…","service":"stargem-manager","timestamp":"2026-05-04 02:19:55"}
{"level":"info","message":"GET /api/courses 304 in 265ms :: [{\"id\":849,\"sku\":\"2627ALMEIDALUN19\",\"name\":\"Fu…","service":"stargem-manager","timestamp":"2026-05-04 02:19:55"}
{"level":"info","message":"GET /api/custom-lists/stato_corso 304 in 213ms :: {\"id\":34,\"name\":\"Stato Corso\"…","service":"stargem-manager","timestamp":"2026-05-04 02:19:55"}
{"level":"info","message":"GET /api/strategic-events 304 in 272ms :: [{\"id\":61,\"title\":\"Ferragosto\",\"descr…","service":"stargem-manager","timestamp":"2026-05-04 02:19:55"}
{"level":"info","message":"GET /api/custom-lists/tag_interni 304 in 269ms :: {\"id\":35,\"name\":\"Interno Cors…","service":"stargem-manager","timestamp":"2026-05-04 02:19:55"}
{"level":"info","message":"GET /api/courses 304 in 253ms :: [{\"id\":813,\"sku\":\"2526CAMPUSDANZAS2\",\"name\":\"C…","service":"stargem-manager","timestamp":"2026-05-04 02:19:55"}
{"level":"info","message":"GET /api/courses 304 in 249ms :: [{\"id\":849,\"sku\":\"2627ALMEIDALUN19\",\"name\":\"Fu…","service":"stargem-manager","timestamp":"2026-05-04 02:19:56"}
{"level":"info","message":"GET /api/strategic-events/closed-days 200 in 228ms :: {\"closedDays\":[]}","service":"stargem-manager","timestamp":"2026-05-04 02:19:56"}
{"level":"info","message":"GET /api/courses 304 in 254ms :: []","service":"stargem-manager","timestamp":"2026-05-04 02:19:56"}
{"level":"info","message":"GET /api/courses 304 in 209ms :: []","service":"stargem-manager","timestamp":"2026-05-04 02:19:56"}
{"level":"info","message":"GET /api/todos 304 in 285ms :: [{\"id\":1,\"text\":\"Implementare verifica SMS/Whats…","service":"stargem-manager","timestamp":"2026-05-04 02:20:01"}
{"level":"info","message":"GET /api/team-comments 304 in 289ms :: [{\"id\":20,\"authorId\":\"admin-id\",\"authorN…","service":"stargem-manager","timestamp":"2026-05-04 02:20:01"}
{"level":"info","message":"GET /api/users/presence/active 200 in 526ms :: [{\"id\":\"admin-id\",\"username\":\"ad…","service":"stargem-manager","timestamp":"2026-05-04 02:20:06"}
{"level":"info","message":"GET /api/todos 304 in 280ms :: [{\"id\":1,\"text\":\"Implementare verifica SMS/Whats…","service":"stargem-manager","timestamp":"2026-05-04 02:20:11"}
{"level":"info","message":"GET /api/team-comments 304 in 278ms :: [{\"id\":20,\"authorId\":\"admin-id\",\"authorN…","service":"stargem-manager","timestamp":"2026-05-04 02:20:11"}
{"level":"info","message":"GET /api/workshop-attendances 200 in 230ms","service":"stargem-manager","timestamp":"2026-05-04 02:20:13"}
{"level":"info","message":"GET /api/workshops 200 in 225ms","service":"stargem-manager","timestamp":"2026-05-04 02:20:13"}
{"level":"info","message":"GET /api/payment-methods 500 in 257ms :: {\"message\":\"Failed to fetch payment me…","service":"stargem-manager","timestamp":"2026-05-04 02:20:13"}
{"level":"info","message":"GET /api/workshops 200 in 257ms","service":"stargem-manager","timestamp":"2026-05-04 02:20:13"}
{"level":"info","message":"GET /api/courses 304 in 324ms :: [{\"id\":517,\"sku\":\"2526STANISCIMAR13\",\"name\":\"P…","service":"stargem-manager","timestamp":"2026-05-04 02:20:13"}
{"level":"info","message":"GET /api/courses 304 in 349ms :: []","service":"stargem-manager","timestamp":"2026-05-04 02:20:13"}
{"level":"info","message":"GET /api/strategic-events/closed-days 304 in 260ms :: {\"closedDays\":[]}","service":"stargem-manager","timestamp":"2026-05-04 02:20:13"}
{"level":"info","message":"GET /api/courses 304 in 256ms :: []","service":"stargem-manager","timestamp":"2026-05-04 02:20:13"}
{"level":"info","message":"POST /api/users/presence/heartbeat 200 in 341ms :: {\"success\":true}","service":"stargem-manager","timestamp":"2026-05-04 02:20:21"}
{"level":"info","message":"GET /api/todos 304 in 221ms :: [{\"id\":1,\"text\":\"Implementare verifica SMS/Whats…","service":"stargem-manager","timestamp":"2026-05-04 02:20:21"}
{"level":"info","message":"GET /api/team-comments 304 in 175ms :: [{\"id\":20,\"authorId\":\"admin-id\",\"authorN…","service":"stargem-manager","timestamp":"2026-05-04 02:20:21"}
{"level":"info","message":"GET /api/users/presence/active 200 in 515ms :: [{\"id\":\"admin-id\",\"username\":\"ad…","service":"stargem-manager","timestamp":"2026-05-04 02:20:22"}
{"level":"info","message":"GET /api/team-notes 304 in 235ms :: []","service":"stargem-manager","timestamp":"2026-05-04 02:20:28"}
{"level":"info","message":"GET /api/todos 304 in 301ms :: [{\"id\":1,\"text\":\"Implementare verifica SMS/Whats…","service":"stargem-manager","timestamp":"2026-05-04 02:20:32"}
{"level":"info","message":"GET /api/team-comments 304 in 318ms :: [{\"id\":20,\"authorId\":\"admin-id\",\"authorN…","service":"stargem-manager","timestamp":"2026-05-04 02:20:32"}
{"level":"info","message":"GET /api/users/presence/active 304 in 532ms :: [{\"id\":\"admin-id\",\"username\":\"ad…","service":"stargem-manager","timestamp":"2026-05-04 02:20:37"}
{"level":"info","message":"GET /api/todos 304 in 309ms :: [{\"id\":1,\"text\":\"Implementare verifica SMS/Whats…","service":"stargem-manager","timestamp":"2026-05-04 02:20:42"}
{"level":"info","message":"GET /api/team-comments 304 in 311ms :: [{\"id\":20,\"authorId\":\"admin-id\",\"authorN…","service":"stargem-manager","timestamp":"2026-05-04 02:20:42"}
{"level":"info","message":"GET /api/gemteam/permessi/pending-count 304 in 233ms :: {\"count\":0}","service":"stargem-manager","timestamp":"2026-05-04 02:20:51"}
{"level":"info","message":"GET /api/todos 304 in 280ms :: [{\"id\":1,\"text\":\"Implementare verifica SMS/Whats…","service":"stargem-manager","timestamp":"2026-05-04 02:20:52"}
{"level":"info","message":"GET /api/team-comments 304 in 281ms :: [{\"id\":20,\"authorId\":\"admin-id\",\"authorN…","service":"stargem-manager","timestamp":"2026-05-04 02:20:52"}
{"level":"info","message":"GET /api/users/presence/active 304 in 548ms :: [{\"id\":\"admin-id\",\"username\":\"ad…","service":"stargem-manager","timestamp":"2026-05-04 02:20:53"}
{"level":"info","message":"GET /api/todos 304 in 302ms :: [{\"id\":1,\"text\":\"Implementare verifica SMS/Whats…","service":"stargem-manager","timestamp":"2026-05-04 02:21:03"}
{"level":"info","message":"GET /api/team-comments 304 in 304ms :: [{\"id\":20,\"authorId\":\"admin-id\",\"authorN…","service":"stargem-manager","timestamp":"2026-05-04 02:21:03"}
{"level":"info","message":"GET /api/users/presence/active 304 in 636ms :: [{\"id\":\"admin-id\",\"username\":\"ad…","service":"stargem-manager","timestamp":"2026-05-04 02:21:08"}
{"level":"info","message":"GET /api/todos 304 in 308ms :: [{\"id\":1,\"text\":\"Implementare verifica SMS/Whats…","service":"stargem-manager","timestamp":"2026-05-04 02:21:13"}
{"level":"info","message":"GET /api/team-comments 304 in 307ms :: [{\"id\":20,\"authorId\":\"admin-id\",\"authorN…","service":"stargem-manager","timestamp":"2026-05-04 02:21:13"}
{"level":"info","message":"POST /api/users/presence/heartbeat 200 in 345ms :: {\"success\":true}","service":"stargem-manager","timestamp":"2026-05-04 02:21:22"}
{"level":"info","message":"GET /api/todos 304 in 304ms :: [{\"id\":1,\"text\":\"Implementare verifica SMS/Whats…","service":"stargem-manager","timestamp":"2026-05-04 02:21:23"}
{"level":"info","message":"GET /api/team-comments 304 in 304ms :: [{\"id\":20,\"authorId\":\"admin-id\",\"authorN…","service":"stargem-manager","timestamp":"2026-05-04 02:21:23"}
{"level":"info","message":"GET /api/users/presence/active 200 in 420ms :: [{\"id\":\"admin-id\",\"username\":\"ad…","service":"stargem-manager","timestamp":"2026-05-04 02:21:24"}
{"level":"info","message":"GET /api/todos 304 in 299ms :: [{\"id\":1,\"text\":\"Implementare verifica SMS/Whats…","service":"stargem-manager","timestamp":"2026-05-04 02:21:34"}
{"level":"info","message":"GET /api/team-comments 304 in 301ms :: [{\"id\":20,\"authorId\":\"admin-id\",\"authorN…","service":"stargem-manager","timestamp":"2026-05-04 02:21:34"}
{"level":"info","message":"GET /api/users/presence/active 304 in 518ms :: [{\"id\":\"admin-id\",\"username\":\"ad…","service":"stargem-manager","timestamp":"2026-05-04 02:21:39"}
{"level":"info","message":"GET /api/team-comments 304 in 306ms :: [{\"id\":20,\"authorId\":\"admin-id\",\"authorN…","service":"stargem-manager","timestamp":"2026-05-04 02:21:44"}
{"level":"info","message":"GET /api/todos 304 in 355ms :: [{\"id\":1,\"text\":\"Implementare verifica SMS/Whats…","service":"stargem-manager","timestamp":"2026-05-04 02:21:44"}
{"level":"info","message":"GET /api/gemteam/permessi/pending-count 304 in 234ms :: {\"count\":0}","service":"stargem-manager","timestamp":"2026-05-04 02:21:51"}
{"level":"info","message":"GET /api/team-comments 304 in 311ms :: [{\"id\":20,\"authorId\":\"admin-id\",\"authorN…","service":"stargem-manager","timestamp":"2026-05-04 02:21:54"}
{"level":"info","message":"GET /api/todos 304 in 311ms :: [{\"id\":1,\"text\":\"Implementare verifica SMS/Whats…","service":"stargem-manager","timestamp":"2026-05-04 02:21:54"}
{"level":"info","message":"GET /api/users/presence/active 304 in 469ms :: [{\"id\":\"admin-id\",\"username\":\"ad…","service":"stargem-manager","timestamp":"2026-05-04 02:21:55"}
{"level":"info","message":"POST /api/users/presence/heartbeat 200 in 351ms :: {\"success\":true}","service":"stargem-manager","timestamp":"2026-05-04 02:22:02"}
{"level":"info","message":"GET /api/team-comments 304 in 298ms :: [{\"id\":20,\"authorId\":\"admin-id\",\"authorN…","service":"stargem-manager","timestamp":"2026-05-04 02:22:05"}
{"level":"info","message":"GET /api/todos 304 in 299ms :: [{\"id\":1,\"text\":\"Implementare verifica SMS/Whats…","service":"stargem-manager","timestamp":"2026-05-04 02:22:05"}
{"level":"info","message":"GET /api/users/presence/active 200 in 548ms :: [{\"id\":\"admin-id\",\"username\":\"ad…","service":"stargem-manager","timestamp":"2026-05-04 02:22:10"}
{"level":"info","message":"GET /api/team-comments 304 in 302ms :: [{\"id\":20,\"authorId\":\"admin-id\",\"authorN…","service":"stargem-manager","timestamp":"2026-05-04 02:22:15"}
{"level":"info","message":"GET /api/todos 304 in 302ms :: [{\"id\":1,\"text\":\"Implementare verifica SMS/Whats…","service":"stargem-manager","timestamp":"2026-05-04 02:22:15"}
{"level":"info","message":"GET /api/team-comments 304 in 314ms :: [{\"id\":20,\"authorId\":\"admin-id\",\"authorN…","service":"stargem-manager","timestamp":"2026-05-04 02:22:25"}
{"level":"info","message":"GET /api/todos 304 in 317ms :: [{\"id\":1,\"text\":\"Implementare verifica SMS/Whats…","service":"stargem-manager","timestamp":"2026-05-04 02:22:25"}
{"level":"info","message":"GET /api/users/presence/active 200 in 422ms :: [{\"id\":\"admin-id\",\"username\":\"ad…","service":"stargem-manager","timestamp":"2026-05-04 02:22:26"}
{"level":"info","message":"GET /api/team-comments 304 in 305ms :: [{\"id\":20,\"authorId\":\"admin-id\",\"authorN…","service":"stargem-manager","timestamp":"2026-05-04 02:22:36"}
{"level":"info","message":"GET /api/todos 304 in 305ms :: [{\"id\":1,\"text\":\"Implementare verifica SMS/Whats…","service":"stargem-manager","timestamp":"2026-05-04 02:22:36"}
{"level":"info","message":"GET /api/users/presence/active 200 in 515ms :: [{\"id\":\"admin-id\",\"username\":\"ad…","service":"stargem-manager","timestamp":"2026-05-04 02:22:41"}
{"level":"info","message":"GET /api/team-comments 304 in 300ms :: [{\"id\":20,\"authorId\":\"admin-id\",\"authorN…","service":"stargem-manager","timestamp":"2026-05-04 02:22:46"}
{"level":"info","message":"GET /api/todos 304 in 303ms :: [{\"id\":1,\"text\":\"Implementare verifica SMS/Whats…","service":"stargem-manager","timestamp":"2026-05-04 02:22:46"}
{"level":"info","message":"GET /api/gemteam/permessi/pending-count 304 in 236ms :: {\"count\":0}","service":"stargem-manager","timestamp":"2026-05-04 02:22:51"}
{"level":"info","message":"POST /api/users/presence/heartbeat 200 in 365ms :: {\"success\":true}","service":"stargem-manager","timestamp":"2026-05-04 02:22:53"}
{"level":"info","message":"GET /api/team-comments 304 in 297ms :: [{\"id\":20,\"authorId\":\"admin-id\",\"authorN…","service":"stargem-manager","timestamp":"2026-05-04 02:22:56"}
{"level":"info","message":"GET /api/todos 304 in 298ms :: [{\"id\":1,\"text\":\"Implementare verifica SMS/Whats…","service":"stargem-manager","timestamp":"2026-05-04 02:22:56"}
{"level":"info","message":"GET /api/users/presence/active 200 in 486ms :: [{\"id\":\"admin-id\",\"username\":\"ad…","service":"stargem-manager","timestamp":"2026-05-04 02:22:57"}
{"level":"info","message":"GET /api/team-comments 304 in 301ms :: [{\"id\":20,\"authorId\":\"admin-id\",\"authorN…","service":"stargem-manager","timestamp":"2026-05-04 02:23:06"}
{"level":"info","message":"GET /api/todos 304 in 304ms :: [{\"id\":1,\"text\":\"Implementare verifica SMS/Whats…","service":"stargem-manager","timestamp":"2026-05-04 02:23:06"}
{"level":"info","message":"GET /api/users/presence/active 304 in 513ms :: [{\"id\":\"admin-id\",\"username\":\"ad…","service":"stargem-manager","timestamp":"2026-05-04 02:23:12"}
{"level":"info","message":"GET /api/team-comments 304 in 299ms :: [{\"id\":20,\"authorId\":\"admin-id\",\"authorN…","service":"stargem-manager","timestamp":"2026-05-04 02:23:17"}
{"level":"info","message":"GET /api/todos 304 in 300ms :: [{\"id\":1,\"text\":\"Implementare verifica SMS/Whats…","service":"stargem-manager","timestamp":"2026-05-04 02:23:17"}
{"level":"info","message":"GET /api/team-comments 304 in 305ms :: [{\"id\":20,\"authorId\":\"admin-id\",\"authorN…","service":"stargem-manager","timestamp":"2026-05-04 02:23:27"}
{"level":"info","message":"GET /api/todos 304 in 308ms :: [{\"id\":1,\"text\":\"Implementare verifica SMS/Whats…","service":"stargem-manager","timestamp":"2026-05-04 02:23:27"}
{"level":"info","message":"GET /api/users/presence/active 200 in 409ms :: [{\"id\":\"admin-id\",\"username\":\"ad…","service":"stargem-manager","timestamp":"2026-05-04 02:23:28"}
{"level":"info","message":"GET /api/team-comments 304 in 306ms :: [{\"id\":20,\"authorId\":\"admin-id\",\"authorN…","service":"stargem-manager","timestamp":"2026-05-04 02:23:37"}
{"level":"info","message":"GET /api/todos 304 in 308ms :: [{\"id\":1,\"text\":\"Implementare verifica SMS/Whats…","service":"stargem-manager","timestamp":"2026-05-04 02:23:37"}
{"level":"info","message":"GET /api/users/presence/active 304 in 560ms :: [{\"id\":\"admin-id\",\"username\":\"ad…","service":"stargem-manager","timestamp":"2026-05-04 02:23:43"}
{"level":"info","message":"GET /api/team-comments 304 in 305ms :: [{\"id\":20,\"authorId\":\"admin-id\",\"authorN…","service":"stargem-manager","timestamp":"2026-05-04 02:23:48"}
{"level":"info","message":"GET /api/todos 304 in 305ms :: [{\"id\":1,\"text\":\"Implementare verifica SMS/Whats…","service":"stargem-manager","timestamp":"2026-05-04 02:23:48"}
{"level":"info","message":"GET /api/gemteam/permessi/pending-count 304 in 235ms :: {\"count\":0}","service":"stargem-manager","timestamp":"2026-05-04 02:23:51"}
{"level":"info","message":"GET /api/team-comments 304 in 310ms :: [{\"id\":20,\"authorId\":\"admin-id\",\"authorN…","service":"stargem-manager","timestamp":"2026-05-04 02:23:58"}
{"level":"info","message":"GET /api/todos 304 in 313ms :: [{\"id\":1,\"text\":\"Implementare verifica SMS/Whats…","service":"stargem-manager","timestamp":"2026-05-04 02:23:58"}
{"level":"info","message":"GET /api/users/presence/active 304 in 419ms :: [{\"id\":\"admin-id\",\"username\":\"ad…","service":"stargem-manager","timestamp":"2026-05-04 02:23:59"}
{"level":"info","message":"GET /api/team-comments 304 in 302ms :: [{\"id\":20,\"authorId\":\"admin-id\",\"authorN…","service":"stargem-manager","timestamp":"2026-05-04 02:24:08"}
{"level":"info","message":"GET /api/todos 304 in 303ms :: [{\"id\":1,\"text\":\"Implementare verifica SMS/Whats…","service":"stargem-manager","timestamp":"2026-05-04 02:24:08"}
{"level":"info","message":"GET /api/users/presence/active 304 in 523ms :: [{\"id\":\"admin-id\",\"username\":\"ad…","service":"stargem-manager","timestamp":"2026-05-04 02:24:14"}
{"level":"info","message":"GET /api/team-comments 304 in 301ms :: [{\"id\":20,\"authorId\":\"admin-id\",\"authorN…","service":"stargem-manager","timestamp":"2026-05-04 02:24:19"}
{"level":"info","message":"GET /api/todos 304 in 304ms :: [{\"id\":1,\"text\":\"Implementare verifica SMS/Whats…","service":"stargem-manager","timestamp":"2026-05-04 02:24:19"}
{"level":"info","message":"GET /api/team-comments 304 in 311ms :: [{\"id\":20,\"authorId\":\"admin-id\",\"authorN…","service":"stargem-manager","timestamp":"2026-05-04 02:24:29"}
{"level":"info","message":"GET /api/todos 304 in 312ms :: [{\"id\":1,\"text\":\"Implementare verifica SMS/Whats…","service":"stargem-manager","timestamp":"2026-05-04 02:24:29"}
{"level":"info","message":"GET /api/users/presence/active 200 in 456ms :: [{\"id\":\"admin-id\",\"username\":\"ad…","service":"stargem-manager","timestamp":"2026-05-04 02:24:30"}
{"level":"info","message":"GET /api/team-comments 304 in 304ms :: [{\"id\":20,\"authorId\":\"admin-id\",\"authorN…","service":"stargem-manager","timestamp":"2026-05-04 02:24:39"}
{"level":"info","message":"GET /api/todos 304 in 308ms :: [{\"id\":1,\"text\":\"Implementare verifica SMS/Whats…","service":"stargem-manager","timestamp":"2026-05-04 02:24:39"}
{"level":"info","message":"GET /api/users/presence/active 304 in 521ms :: [{\"id\":\"admin-id\",\"username\":\"ad…","service":"stargem-manager","timestamp":"2026-05-04 02:24:45"}
{"level":"info","message":"GET /api/team-comments 304 in 302ms :: [{\"id\":20,\"authorId\":\"admin-id\",\"authorN…","service":"stargem-manager","timestamp":"2026-05-04 02:24:50"}
{"level":"info","message":"GET /api/todos 304 in 306ms :: [{\"id\":1,\"text\":\"Implementare verifica SMS/Whats…","service":"stargem-manager","timestamp":"2026-05-04 02:24:50"}
{"level":"info","message":"GET /api/gemteam/permessi/pending-count 304 in 235ms :: {\"count\":0}","service":"stargem-manager","timestamp":"2026-05-04 02:24:52"}
{"level":"info","message":"GET /api/team-comments 304 in 300ms :: [{\"id\":20,\"authorId\":\"admin-id\",\"authorN…","service":"stargem-manager","timestamp":"2026-05-04 02:25:00"}
{"level":"info","message":"GET /api/todos 304 in 300ms :: [{\"id\":1,\"text\":\"Implementare verifica SMS/Whats…","service":"stargem-manager","timestamp":"2026-05-04 02:25:00"}
{"level":"info","message":"GET /api/users/presence/active 304 in 443ms :: [{\"id\":\"admin-id\",\"username\":\"ad…","service":"stargem-manager","timestamp":"2026-05-04 02:25:01"}
{"level":"info","message":"POST /api/users/presence/heartbeat 200 in 341ms :: {\"success\":true}","service":"stargem-manager","timestamp":"2026-05-04 02:25:04"}
{"level":"info","message":"GET /api/team-comments 304 in 301ms :: [{\"id\":20,\"authorId\":\"admin-id\",\"authorN…","service":"stargem-manager","timestamp":"2026-05-04 02:25:10"}
{"level":"info","message":"GET /api/todos 304 in 303ms :: [{\"id\":1,\"text\":\"Implementare verifica SMS/Whats…","service":"stargem-manager","timestamp":"2026-05-04 02:25:10"}
{"level":"info","message":"GET /api/user 200 in 130ms :: {\"id\":\"admin-id\",\"username\":\"admin\",\"password\":\"d…","service":"stargem-manager","timestamp":"2026-05-04 02:25:15"}
{"level":"info","message":"GET /api/gemteam/permessi/pending-count 200 in 179ms :: {\"count\":0}","service":"stargem-manager","timestamp":"2026-05-04 02:25:15"}
{"level":"info","message":"GET /api/team-comments 200 in 346ms :: [{\"id\":20,\"authorId\":\"admin-id\",\"authorN…","service":"stargem-manager","timestamp":"2026-05-04 02:25:15"}
{"level":"info","message":"GET /api/todos 200 in 349ms :: [{\"id\":1,\"text\":\"Implementare verifica SMS/Whats…","service":"stargem-manager","timestamp":"2026-05-04 02:25:15"}
{"level":"info","message":"GET /api/users/presence/active 200 in 458ms :: [{\"id\":\"admin-id\",\"username\":\"ad…","service":"stargem-manager","timestamp":"2026-05-04 02:25:15"}
{"level":"info","message":"GET /api/team-notes 200 in 346ms :: []","service":"stargem-manager","timestamp":"2026-05-04 02:25:15"}
{"level":"info","message":"POST /api/users/presence/heartbeat 200 in 471ms :: {\"success\":true}","service":"stargem-manager","timestamp":"2026-05-04 02:25:15"}
{"level":"info","message":"GET /api/latest-activity 200 in 339ms :: {\"id\":2618,\"userId\":\"admin-id\",\"action…","service":"stargem-manager","timestamp":"2026-05-04 02:25:15"}
{"level":"info","message":"GET /api/activities-summary 200 in 228ms :: {\"corsi\":{\"total\":289,\"active\":289}…","service":"stargem-manager","timestamp":"2026-05-04 02:25:15"}
{"level":"info","message":"GET /api/payments 304 in 221ms :: []","service":"stargem-manager","timestamp":"2026-05-04 02:25:16"}
{"level":"info","message":"GET /api/courses/840/enrolled-members 304 in 221ms :: []","service":"stargem-manager","timestamp":"2026-05-04 02:25:16"}
{"level":"info","message":"GET /api/courses 304 in 221ms :: [{\"id\":849,\"sku\":\"2627ALMEIDALUN19\",\"name\":\"Fu…","service":"stargem-manager","timestamp":"2026-05-04 02:25:16"}
{"level":"info","message":"GET /api/strategic-events 304 in 245ms :: [{\"id\":48,\"title\":\"Ferragosto\",\"descr…","service":"stargem-manager","timestamp":"2026-05-04 02:25:16"}
{"level":"info","message":"GET /api/custom-lists/nomi_corsi 304 in 184ms :: {\"id\":15,\"name\":\"Generi Corsi\"…","service":"stargem-manager","timestamp":"2026-05-04 02:25:16"}
{"level":"info","message":"GET /api/custom-lists/livello 304 in 193ms :: {\"id\":5,\"name\":\"Livello\",\"systemN…","service":"stargem-manager","timestamp":"2026-05-04 02:25:16"}
{"level":"info","message":"GET /api/custom-lists/posti_disponibili 304 in 210ms :: {\"id\":14,\"name\":\"Posti …","service":"stargem-manager","timestamp":"2026-05-04 02:25:16"}
{"level":"info","message":"GET /api/studios 304 in 209ms :: [{\"id\":10,\"name\":\"STUDIO 01 (80mq)\",\"floor\":\"\"…","service":"stargem-manager","timestamp":"2026-05-04 02:25:16"}
{"level":"info","message":"GET /api/custom-lists/categorie 304 in 232ms :: {\"id\":23,\"name\":\"Categorie\",\"sy…","service":"stargem-manager","timestamp":"2026-05-04 02:25:16"}
{"level":"info","message":"GET /api/custom-lists/fascia_eta 304 in 259ms :: {\"id\":6,\"name\":\"Fascia età\",\"s…","service":"stargem-manager","timestamp":"2026-05-04 02:25:16"}
{"level":"info","message":"GET /api/activity-statuses 304 in 199ms :: [{\"id\":5,\"name\":\"APERTO\",\"color\":\"#2…","service":"stargem-manager","timestamp":"2026-05-04 02:25:16"}
{"level":"info","message":"GET /api/quotes 304 in 184ms :: [{\"id\":34,\"name\":\"1 OPEN BALLO\",\"amount\":\"1300.…","service":"stargem-manager","timestamp":"2026-05-04 02:25:16"}
{"level":"info","message":"GET /api/seasons 304 in 174ms :: [{\"id\":2,\"name\":\"2026/2027\",\"description\":null…","service":"stargem-manager","timestamp":"2026-05-04 02:25:16"}
{"level":"info","message":"GET /api/instructors 304 in 241ms :: [{\"id\":2336,\"userId\":null,\"firstName\":\"ANT…","service":"stargem-manager","timestamp":"2026-05-04 02:25:16"}
{"level":"info","message":"GET /api/custom-lists/numero_persone 304 in 226ms :: {\"id\":25,\"name\":\"Numero Pe…","service":"stargem-manager","timestamp":"2026-05-04 02:25:16"}
{"level":"info","message":"GET /api/custom-lists/campus 304 in 223ms :: {\"id\":22,\"name\":\"Campus\",\"systemNa…","service":"stargem-manager","timestamp":"2026-05-04 02:25:16"}
{"level":"info","message":"GET /api/custom-lists/pacchetti_prenotazioni 304 in 215ms :: {\"items\":[]}","service":"stargem-manager","timestamp":"2026-05-04 02:25:17"}
{"level":"info","message":"GET /api/members 304 in 259ms :: {\"members\":[{\"id\":15616,\"firstName\":\"LIA\",\"las…","service":"stargem-manager","timestamp":"2026-05-04 02:25:17"}
{"level":"info","message":"GET /api/team-notes 304 in 315ms :: []","service":"stargem-manager","timestamp":"2026-05-04 02:25:23"}
{"level":"info","message":"GET /api/workshops 200 in 168ms","service":"stargem-manager","timestamp":"2026-05-04 02:25:24"}
{"level":"info","message":"GET /api/payment-methods 500 in 170ms :: {\"message\":\"Failed to fetch payment me…","service":"stargem-manager","timestamp":"2026-05-04 02:25:24"}
{"level":"info","message":"GET /api/config/center-hours 304 in 171ms :: {\"start\":\"07:00\",\"end\":\"23:30\",\"da…","service":"stargem-manager","timestamp":"2026-05-04 02:25:24"}
{"level":"info","message":"GET /api/custom-lists/genere 304 in 199ms :: {\"id\":21,\"name\":\"Generi Workshop\",…","service":"stargem-manager","timestamp":"2026-05-04 02:25:24"}
{"level":"info","message":"GET /api/courses 304 in 214ms :: [{\"id\":813,\"sku\":\"2526CAMPUSDANZAS2\",\"name\":\"C…","service":"stargem-manager","timestamp":"2026-05-04 02:25:24"}
{"level":"info","message":"GET /api/enrollments 304 in 344ms :: [{\"id\":256,\"memberId\":14240,\"courseId\":385…","service":"stargem-manager","timestamp":"2026-05-04 02:25:24"}
{"level":"info","message":"GET /api/workshop-attendances 200 in 199ms","service":"stargem-manager","timestamp":"2026-05-04 02:25:24"}
{"level":"info","message":"GET /api/workshops 200 in 199ms","service":"stargem-manager","timestamp":"2026-05-04 02:25:24"}
{"level":"info","message":"GET /api/booking-services 304 in 224ms :: [{\"id\":8,\"name\":\"Lezione Zaccaria\",\"d…","service":"stargem-manager","timestamp":"2026-05-04 02:25:24"}
{"level":"info","message":"GET /api/studio-bookings 304 in 226ms :: []","service":"stargem-manager","timestamp":"2026-05-04 02:25:24"}
{"level":"info","message":"GET /api/custom-lists/tag_interni 304 in 274ms :: {\"id\":35,\"name\":\"Interno Cors…","service":"stargem-manager","timestamp":"2026-05-04 02:25:24"}
{"level":"info","message":"GET /api/custom-lists/stato_corso 304 in 225ms :: {\"id\":34,\"name\":\"Stato Corso\"…","service":"stargem-manager","timestamp":"2026-05-04 02:25:24"}
{"level":"info","message":"GET /api/strategic-events 304 in 266ms :: [{\"id\":61,\"title\":\"Ferragosto\",\"descr…","service":"stargem-manager","timestamp":"2026-05-04 02:25:24"}
{"level":"info","message":"GET /api/courses 304 in 290ms :: [{\"id\":849,\"sku\":\"2627ALMEIDALUN19\",\"name\":\"Fu…","service":"stargem-manager","timestamp":"2026-05-04 02:25:24"}
{"level":"info","message":"GET /api/strategic-events/closed-days 304 in 232ms :: {\"closedDays\":[]}","service":"stargem-manager","timestamp":"2026-05-04 02:25:24"}
{"level":"info","message":"GET /api/courses 304 in 270ms :: [{\"id\":849,\"sku\":\"2627ALMEIDALUN19\",\"name\":\"Fu…","service":"stargem-manager","timestamp":"2026-05-04 02:25:24"}
{"level":"info","message":"GET /api/courses 304 in 283ms :: []","service":"stargem-manager","timestamp":"2026-05-04 02:25:25"}
{"level":"info","message":"GET /api/courses 304 in 211ms :: []","service":"stargem-manager","timestamp":"2026-05-04 02:25:25"}
{"level":"info","message":"GET /api/team-comments 304 in 221ms :: [{\"id\":20,\"authorId\":\"admin-id\",\"authorN…","service":"stargem-manager","timestamp":"2026-05-04 02:25:25"}
{"level":"info","message":"GET /api/todos 304 in 245ms :: [{\"id\":1,\"text\":\"Implementare verifica SMS/Whats…","service":"stargem-manager","timestamp":"2026-05-04 02:25:25"}
{"level":"info","message":"GET /api/users/presence/active 200 in 546ms :: [{\"id\":\"admin-id\",\"username\":\"ad…","service":"stargem-manager","timestamp":"2026-05-04 02:25:31"}
{"level":"info","message":"GET /api/team-comments 304 in 303ms :: [{\"id\":20,\"authorId\":\"admin-id\",\"authorN…","service":"stargem-manager","timestamp":"2026-05-04 02:25:36"}
{"level":"info","message":"GET /api/todos 304 in 302ms :: [{\"id\":1,\"text\":\"Implementare verifica SMS/Whats…","service":"stargem-manager","timestamp":"2026-05-04 02:25:36"}
{"level":"info","message":"GET /api/workshops 200 in 232ms","service":"stargem-manager","timestamp":"2026-05-04 02:25:37"}
{"level":"info","message":"GET /api/courses 304 in 331ms :: [{\"id\":517,\"sku\":\"2526STANISCIMAR13\",\"name\":\"P…","service":"stargem-manager","timestamp":"2026-05-04 02:25:37"}
{"level":"info","message":"GET /api/courses 304 in 355ms :: []","service":"stargem-manager","timestamp":"2026-05-04 02:25:37"}
{"level":"info","message":"GET /api/courses 304 in 208ms :: []","service":"stargem-manager","timestamp":"2026-05-04 02:25:37"}
{"level":"info","message":"POST /api/users/presence/heartbeat 200 in 350ms :: {\"success\":true}","service":"stargem-manager","timestamp":"2026-05-04 02:25:45"}
{"level":"info","message":"GET /api/team-comments 304 in 202ms :: [{\"id\":20,\"authorId\":\"admin-id\",\"authorN…","service":"stargem-manager","timestamp":"2026-05-04 02:25:46"}
{"level":"info","message":"GET /api/todos 304 in 225ms :: [{\"id\":1,\"text\":\"Implementare verifica SMS/Whats…","service":"stargem-manager","timestamp":"2026-05-04 02:25:46"}
{"level":"info","message":"GET /api/users/presence/active 200 in 505ms :: [{\"id\":\"admin-id\",\"username\":\"ad…","service":"stargem-manager","timestamp":"2026-05-04 02:25:46"}
{"level":"info","message":"GET /api/team-notes 304 in 299ms :: []","service":"stargem-manager","timestamp":"2026-05-04 02:25:54"}
{"level":"info","message":"GET /api/recitals 200 in 125ms","service":"stargem-manager","timestamp":"2026-05-04 02:25:54"}
{"level":"info","message":"GET /api/workshops 200 in 127ms","service":"stargem-manager","timestamp":"2026-05-04 02:25:54"}
{"level":"info","message":"GET /api/sunday-activities 200 in 151ms","service":"stargem-manager","timestamp":"2026-05-04 02:25:54"}
{"level":"info","message":"GET /api/campus 200 in 151ms","service":"stargem-manager","timestamp":"2026-05-04 02:25:54"}
{"level":"info","message":"GET /api/vacation-studies 200 in 174ms","service":"stargem-manager","timestamp":"2026-05-04 02:25:54"}
{"level":"info","message":"GET /api/strategic-events 304 in 175ms :: [{\"id\":61,\"title\":\"Ferragosto\",\"descr…","service":"stargem-manager","timestamp":"2026-05-04 02:25:54"}
{"level":"info","message":"GET /api/activities-unified-preview 304 in 648ms :: [{\"id\":\"course_7_2025-09-01…","service":"stargem-manager","timestamp":"2026-05-04 02:25:55"}
{"level":"info","message":"GET /api/team-comments 304 in 273ms :: [{\"id\":20,\"authorId\":\"admin-id\",\"authorN…","service":"stargem-manager","timestamp":"2026-05-04 02:25:56"}
{"level":"info","message":"GET /api/todos 304 in 273ms :: [{\"id\":1,\"text\":\"Implementare verifica SMS/Whats…","service":"stargem-manager","timestamp":"2026-05-04 02:25:56"}
{"level":"info","message":"GET /api/recitals 200 in 251ms","service":"stargem-manager","timestamp":"2026-05-04 02:25:58"}
{"level":"info","message":"GET /api/vacation-studies 200 in 252ms","service":"stargem-manager","timestamp":"2026-05-04 02:25:58"}
{"level":"info","message":"GET /api/sunday-activities 200 in 263ms","service":"stargem-manager","timestamp":"2026-05-04 02:25:58"}
{"level":"info","message":"GET /api/workshops 200 in 289ms","service":"stargem-manager","timestamp":"2026-05-04 02:25:58"}
{"level":"info","message":"GET /api/campus 200 in 288ms","service":"stargem-manager","timestamp":"2026-05-04 02:25:58"}
{"level":"info","message":"GET /api/activities-unified-preview 304 in 768ms :: [{\"id\":\"course_830_2026-09-…","service":"stargem-manager","timestamp":"2026-05-04 02:25:58"}
{"level":"info","message":"GET /api/users/presence/active 304 in 560ms :: [{\"id\":\"admin-id\",\"username\":\"ad…","service":"stargem-manager","timestamp":"2026-05-04 02:26:02"}
{"level":"info","message":"GET /api/team-comments 304 in 306ms :: [{\"id\":20,\"authorId\":\"admin-id\",\"authorN…","service":"stargem-manager","timestamp":"2026-05-04 02:26:07"}
{"level":"info","message":"GET /api/todos 304 in 309ms :: [{\"id\":1,\"text\":\"Implementare verifica SMS/Whats…","service":"stargem-manager","timestamp":"2026-05-04 02:26:07"}
{"level":"info","message":"GET /api/gemteam/permessi/pending-count 304 in 233ms :: {\"count\":0}","service":"stargem-manager","timestamp":"2026-05-04 02:26:15"}
{"level":"info","message":"POST /api/users/presence/heartbeat 200 in 266ms :: {\"success\":true}","service":"stargem-manager","timestamp":"2026-05-04 02:26:16"}
{"level":"info","message":"GET /api/team-comments 304 in 277ms :: [{\"id\":20,\"authorId\":\"admin-id\",\"authorN…","service":"stargem-manager","timestamp":"2026-05-04 02:26:17"}
{"level":"info","message":"GET /api/todos 304 in 278ms :: [{\"id\":1,\"text\":\"Implementare verifica SMS/Whats…","service":"stargem-manager","timestamp":"2026-05-04 02:26:17"}
{"level":"info","message":"GET /api/users/presence/active 200 in 439ms :: [{\"id\":\"admin-id\",\"username\":\"ad…","service":"stargem-manager","timestamp":"2026-05-04 02:26:17"}
{"level":"info","message":"GET /api/team-notes 304 in 317ms :: []","service":"stargem-manager","timestamp":"2026-05-04 02:26:19"}
{"level":"info","message":"GET /api/attendances 304 in 248ms :: []","service":"stargem-manager","timestamp":"2026-05-04 02:26:20"}
{"level":"info","message":"GET /api/courses 304 in 265ms :: [{\"id\":517,\"sku\":\"2526STANISCIMAR13\",\"name\":\"P…","service":"stargem-manager","timestamp":"2026-05-04 02:26:20"}
{"level":"info","message":"GET /api/enrollments 304 in 327ms :: [{\"id\":65,\"memberId\":14194,\"courseId\":7,\"p…","service":"stargem-manager","timestamp":"2026-05-04 02:26:20"}
{"level":"info","message":"GET /api/courses 304 in 290ms :: [{\"id\":849,\"sku\":\"2627ALMEIDALUN19\",\"name\":\"Fu…","service":"stargem-manager","timestamp":"2026-05-04 02:26:25"}
{"level":"info","message":"GET /api/team-comments 304 in 301ms :: [{\"id\":20,\"authorId\":\"admin-id\",\"authorN…","service":"stargem-manager","timestamp":"2026-05-04 02:26:27"}
{"level":"info","message":"GET /api/todos 304 in 303ms :: [{\"id\":1,\"text\":\"Implementare verifica SMS/Whats…","service":"stargem-manager","timestamp":"2026-05-04 02:26:27"}
{"level":"info","message":"GET /api/users/presence/active 304 in 525ms :: [{\"id\":\"admin-id\",\"username\":\"ad…","service":"stargem-manager","timestamp":"2026-05-04 02:26:33"}
{"level":"info","message":"GET /api/team-comments 304 in 303ms :: [{\"id\":20,\"authorId\":\"admin-id\",\"authorN…","service":"stargem-manager","timestamp":"2026-05-04 02:26:37"}
{"level":"info","message":"GET /api/todos 304 in 304ms :: [{\"id\":1,\"text\":\"Implementare verifica SMS/Whats…","service":"stargem-manager","timestamp":"2026-05-04 02:26:37"}
{"level":"info","message":"POST /api/users/presence/heartbeat 200 in 337ms :: {\"success\":true}","service":"stargem-manager","timestamp":"2026-05-04 02:26:46"}
{"level":"info","message":"GET /api/team-comments 304 in 305ms :: [{\"id\":20,\"authorId\":\"admin-id\",\"authorN…","service":"stargem-manager","timestamp":"2026-05-04 02:26:48"}
{"level":"info","message":"GET /api/todos 304 in 310ms :: [{\"id\":1,\"text\":\"Implementare verifica SMS/Whats…","service":"stargem-manager","timestamp":"2026-05-04 02:26:48"}
{"level":"info","message":"GET /api/users/presence/active 200 in 420ms :: [{\"id\":\"admin-id\",\"username\":\"ad…","service":"stargem-manager","timestamp":"2026-05-04 02:26:48"}
{"level":"info","message":"GET /api/team-comments 304 in 304ms :: [{\"id\":20,\"authorId\":\"admin-id\",\"authorN…","service":"stargem-manager","timestamp":"2026-05-04 02:26:58"}
{"level":"info","message":"GET /api/todos 304 in 304ms :: [{\"id\":1,\"text\":\"Implementare verifica SMS/Whats…","service":"stargem-manager","timestamp":"2026-05-04 02:26:58"}
{"level":"info","message":"GET /api/vacation-studies 200 in 285ms","service":"stargem-manager","timestamp":"2026-05-04 02:27:02"}
{"level":"info","message":"GET /api/campus 200 in 309ms","service":"stargem-manager","timestamp":"2026-05-04 02:27:02"}
{"level":"info","message":"GET /api/recitals 200 in 310ms","service":"stargem-manager","timestamp":"2026-05-04 02:27:02"}
{"level":"info","message":"GET /api/workshops 200 in 311ms","service":"stargem-manager","timestamp":"2026-05-04 02:27:02"}
{"level":"info","message":"GET /api/sunday-activities 200 in 310ms","service":"stargem-manager","timestamp":"2026-05-04 02:27:02"}
{"level":"info","message":"GET /api/team-notes 304 in 367ms :: []","service":"stargem-manager","timestamp":"2026-05-04 02:27:02"}
{"level":"info","message":"GET /api/users/presence/active 304 in 492ms :: [{\"id\":\"admin-id\",\"username\":\"ad…","service":"stargem-manager","timestamp":"2026-05-04 02:27:04"}
{"level":"info","message":"GET /api/campus 200 in 124ms","service":"stargem-manager","timestamp":"2026-05-04 02:27:04"}
{"level":"info","message":"GET /api/sunday-activities 200 in 147ms","service":"stargem-manager","timestamp":"2026-05-04 02:27:04"}
{"level":"info","message":"GET /api/workshops 200 in 149ms","service":"stargem-manager","timestamp":"2026-05-04 02:27:04"}
{"level":"info","message":"GET /api/recitals 200 in 172ms","service":"stargem-manager","timestamp":"2026-05-04 02:27:04"}
{"level":"info","message":"GET /api/vacation-studies 200 in 172ms","service":"stargem-manager","timestamp":"2026-05-04 02:27:04"}
{"level":"info","message":"GET /api/team-comments 304 in 302ms :: [{\"id\":20,\"authorId\":\"admin-id\",\"authorN…","service":"stargem-manager","timestamp":"2026-05-04 02:27:08"}
{"level":"info","message":"GET /api/todos 304 in 307ms :: [{\"id\":1,\"text\":\"Implementare verifica SMS/Whats…","service":"stargem-manager","timestamp":"2026-05-04 02:27:08"}
{"level":"info","message":"GET /api/team-notes 304 in 278ms :: []","service":"stargem-manager","timestamp":"2026-05-04 02:27:13"}
{"level":"info","message":"GET /api/workshops 200 in 268ms","service":"stargem-manager","timestamp":"2026-05-04 02:27:13"}
{"level":"info","message":"GET /api/workshop-attendances 200 in 299ms","service":"stargem-manager","timestamp":"2026-05-04 02:27:13"}
{"level":"info","message":"GET /api/workshops 200 in 299ms","service":"stargem-manager","timestamp":"2026-05-04 02:27:13"}
{"level":"info","message":"GET /api/payment-methods 500 in 350ms :: {\"message\":\"Failed to fetch payment me…","service":"stargem-manager","timestamp":"2026-05-04 02:27:13"}
{"level":"info","message":"GET /api/courses 304 in 397ms :: [{\"id\":849,\"sku\":\"2627ALMEIDALUN19\",\"name\":\"Fu…","service":"stargem-manager","timestamp":"2026-05-04 02:27:13"}
{"level":"info","message":"GET /api/strategic-events/closed-days 304 in 226ms :: {\"closedDays\":[\"2026-11-0…","service":"stargem-manager","timestamp":"2026-05-04 02:27:13"}
{"level":"info","message":"GET /api/gemteam/permessi/pending-count 304 in 236ms :: {\"count\":0}","service":"stargem-manager","timestamp":"2026-05-04 02:27:15"}
{"level":"info","message":"POST /api/users/presence/heartbeat 200 in 261ms :: {\"success\":true}","service":"stargem-manager","timestamp":"2026-05-04 02:27:16"}
{"level":"info","message":"GET /api/team-comments 304 in 302ms :: [{\"id\":20,\"authorId\":\"admin-id\",\"authorN…","service":"stargem-manager","timestamp":"2026-05-04 02:27:19"}
{"level":"info","message":"GET /api/todos 304 in 305ms :: [{\"id\":1,\"text\":\"Implementare verifica SMS/Whats…","service":"stargem-manager","timestamp":"2026-05-04 02:27:19"}
{"level":"info","message":"GET /api/users/presence/active 200 in 468ms :: [{\"id\":\"admin-id\",\"username\":\"ad…","service":"stargem-manager","timestamp":"2026-05-04 02:27:19"}
{"level":"info","message":"GET /api/team-comments 304 in 297ms :: [{\"id\":20,\"authorId\":\"admin-id\",\"authorN…","service":"stargem-manager","timestamp":"2026-05-04 02:27:29"}
{"level":"info","message":"GET /api/todos 304 in 298ms :: [{\"id\":1,\"text\":\"Implementare verifica SMS/Whats…","service":"stargem-manager","timestamp":"2026-05-04 02:27:29"}
{"level":"info","message":"GET /api/users/presence/active 304 in 548ms :: [{\"id\":\"admin-id\",\"username\":\"ad…","service":"stargem-manager","timestamp":"2026-05-04 02:27:35"}
{"level":"info","message":"GET /api/team-comments 304 in 301ms :: [{\"id\":20,\"authorId\":\"admin-id\",\"authorN…","service":"stargem-manager","timestamp":"2026-05-04 02:27:39"}
{"level":"info","message":"GET /api/todos 304 in 301ms :: [{\"id\":1,\"text\":\"Implementare verifica SMS/Whats…","service":"stargem-manager","timestamp":"2026-05-04 02:27:39"}
{"level":"info","message":"GET /api/team-comments 304 in 313ms :: [{\"id\":20,\"authorId\":\"admin-id\",\"authorN…","service":"stargem-manager","timestamp":"2026-05-04 02:27:50"}
{"level":"info","message":"GET /api/todos 304 in 316ms :: [{\"id\":1,\"text\":\"Implementare verifica SMS/Whats…","service":"stargem-manager","timestamp":"2026-05-04 02:27:50"}
{"level":"info","message":"GET /api/users/presence/active 200 in 414ms :: [{\"id\":\"admin-id\",\"username\":\"ad…","service":"stargem-manager","timestamp":"2026-05-04 02:27:50"}
{"level":"info","message":"POST /api/users/presence/heartbeat 200 in 368ms :: {\"success\":true}","service":"stargem-manager","timestamp":"2026-05-04 02:27:54"}
{"level":"info","message":"GET /api/team-comments 304 in 301ms :: [{\"id\":20,\"authorId\":\"admin-id\",\"authorN…","service":"stargem-manager","timestamp":"2026-05-04 02:28:00"}
{"level":"info","message":"GET /api/todos 304 in 302ms :: [{\"id\":1,\"text\":\"Implementare verifica SMS/Whats…","service":"stargem-manager","timestamp":"2026-05-04 02:28:00"}
{"level":"info","message":"GET /api/workshops 200 in 276ms","service":"stargem-manager","timestamp":"2026-05-04 02:28:06"}
{"level":"info","message":"GET /api/recitals 200 in 276ms","service":"stargem-manager","timestamp":"2026-05-04 02:28:06"}
{"level":"info","message":"GET /api/campus 200 in 324ms","service":"stargem-manager","timestamp":"2026-05-04 02:28:06"}
{"level":"info","message":"GET /api/vacation-studies 200 in 323ms","service":"stargem-manager","timestamp":"2026-05-04 02:28:06"}
{"level":"info","message":"GET /api/sunday-activities 200 in 326ms","service":"stargem-manager","timestamp":"2026-05-04 02:28:06"}
{"level":"info","message":"GET /api/team-notes 304 in 347ms :: []","service":"stargem-manager","timestamp":"2026-05-04 02:28:06"}
{"level":"info","message":"GET /api/users/presence/active 200 in 452ms :: [{\"id\":\"admin-id\",\"username\":\"ad…","service":"stargem-manager","timestamp":"2026-05-04 02:28:07"}
{"level":"info","message":"GET /api/team-comments 304 in 300ms :: [{\"id\":20,\"authorId\":\"admin-id\",\"authorN…","service":"stargem-manager","timestamp":"2026-05-04 02:28:10"}
{"level":"info","message":"GET /api/todos 304 in 303ms :: [{\"id\":1,\"text\":\"Implementare verifica SMS/Whats…","service":"stargem-manager","timestamp":"2026-05-04 02:28:10"}
{"level":"info","message":"GET /api/campus 200 in 214ms","service":"stargem-manager","timestamp":"2026-05-04 02:28:11"}
{"level":"info","message":"GET /api/vacation-studies 200 in 214ms","service":"stargem-manager","timestamp":"2026-05-04 02:28:11"}
{"level":"info","message":"GET /api/recitals 200 in 238ms","service":"stargem-manager","timestamp":"2026-05-04 02:28:11"}
{"level":"info","message":"GET /api/workshops 200 in 240ms","service":"stargem-manager","timestamp":"2026-05-04 02:28:11"}
{"level":"info","message":"GET /api/sunday-activities 200 in 264ms","service":"stargem-manager","timestamp":"2026-05-04 02:28:11"}
{"level":"info","message":"GET /api/gemteam/permessi/pending-count 304 in 234ms :: {\"count\":0}","service":"stargem-manager","timestamp":"2026-05-04 02:28:16"}
{"level":"info","message":"GET /api/team-comments 304 in 303ms :: [{\"id\":20,\"authorId\":\"admin-id\",\"authorN…","service":"stargem-manager","timestamp":"2026-05-04 02:28:21"}
{"level":"info","message":"GET /api/todos 304 in 301ms :: [{\"id\":1,\"text\":\"Implementare verifica SMS/Whats…","service":"stargem-manager","timestamp":"2026-05-04 02:28:21"}
{"level":"info","message":"GET /api/users/presence/active 304 in 497ms :: [{\"id\":\"admin-id\",\"username\":\"ad…","service":"stargem-manager","timestamp":"2026-05-04 02:28:22"}
{"level":"info","message":"POST /api/users/presence/heartbeat 200 in 345ms :: {\"success\":true}","service":"stargem-manager","timestamp":"2026-05-04 02:28:24"}
{"level":"info","message":"GET /api/workshop-attendances 200 in 263ms","service":"stargem-manager","timestamp":"2026-05-04 02:28:29"}
{"level":"info","message":"GET /api/workshops 200 in 264ms","service":"stargem-manager","timestamp":"2026-05-04 02:28:29"}
{"level":"info","message":"GET /api/team-notes 304 in 301ms :: []","service":"stargem-manager","timestamp":"2026-05-04 02:28:29"}
{"level":"info","message":"GET /api/workshops 200 in 281ms","service":"stargem-manager","timestamp":"2026-05-04 02:28:29"}
{"level":"info","message":"GET /api/payment-methods 500 in 316ms :: {\"message\":\"Failed to fetch payment me…","service":"stargem-manager","timestamp":"2026-05-04 02:28:29"}
{"level":"info","message":"GET /api/courses 304 in 358ms :: [{\"id\":849,\"sku\":\"2627ALMEIDALUN19\",\"name\":\"Fu…","service":"stargem-manager","timestamp":"2026-05-04 02:28:29"}
{"level":"info","message":"GET /api/strategic-events/closed-days 304 in 296ms :: {\"closedDays\":[\"2026-11-0…","service":"stargem-manager","timestamp":"2026-05-04 02:28:29"}
{"level":"info","message":"GET /api/courses 304 in 275ms :: [{\"id\":849,\"sku\":\"2627ALMEIDALUN19\",\"name\":\"Fu…","service":"stargem-manager","timestamp":"2026-05-04 02:28:29"}
{"level":"info","message":"GET /api/courses 304 in 208ms :: [{\"id\":849,\"sku\":\"2627ALMEIDALUN19\",\"name\":\"Fu…","service":"stargem-manager","timestamp":"2026-05-04 02:28:29"}
{"level":"info","message":"GET /api/team-comments 304 in 226ms :: [{\"id\":20,\"authorId\":\"admin-id\",\"authorN…","service":"stargem-manager","timestamp":"2026-05-04 02:28:31"}
{"level":"info","message":"GET /api/todos 304 in 202ms :: [{\"id\":1,\"text\":\"Implementare verifica SMS/Whats…","service":"stargem-manager","timestamp":"2026-05-04 02:28:31"}
{"level":"info","message":"GET /api/workshops 200 in 178ms","service":"stargem-manager","timestamp":"2026-05-04 02:28:31"}
{"level":"info","message":"GET /api/courses 304 in 229ms :: [{\"id\":849,\"sku\":\"2627ALMEIDALUN19\",\"name\":\"Fu…","service":"stargem-manager","timestamp":"2026-05-04 02:28:31"}
{"level":"info","message":"GET /api/users/presence/active 200 in 570ms :: [{\"id\":\"admin-id\",\"username\":\"ad…","service":"stargem-manager","timestamp":"2026-05-04 02:28:38"}
{"level":"info","message":"GET /api/team-comments 304 in 307ms :: [{\"id\":20,\"authorId\":\"admin-id\",\"authorN…","service":"stargem-manager","timestamp":"2026-05-04 02:28:41"}
{"level":"info","message":"GET /api/todos 304 in 330ms :: [{\"id\":1,\"text\":\"Implementare verifica SMS/Whats…","service":"stargem-manager","timestamp":"2026-05-04 02:28:41"}
{"level":"info","message":"GET /api/team-comments 304 in 310ms :: [{\"id\":20,\"authorId\":\"admin-id\",\"authorN…","service":"stargem-manager","timestamp":"2026-05-04 02:28:51"}
{"level":"info","message":"GET /api/todos 304 in 314ms :: [{\"id\":1,\"text\":\"Implementare verifica SMS/Whats…","service":"stargem-manager","timestamp":"2026-05-04 02:28:51"}
{"level":"info","message":"GET /api/users/presence/active 304 in 516ms :: [{\"id\":\"admin-id\",\"username\":\"ad…","service":"stargem-manager","timestamp":"2026-05-04 02:28:53"}
{"level":"info","message":"GET /api/team-comments 304 in 298ms :: [{\"id\":20,\"authorId\":\"admin-id\",\"authorN…","service":"stargem-manager","timestamp":"2026-05-04 02:29:02"}
{"level":"info","message":"GET /api/todos 304 in 300ms :: [{\"id\":1,\"text\":\"Implementare verifica SMS/Whats…","service":"stargem-manager","timestamp":"2026-05-04 02:29:02"}
{"level":"info","message":"POST /api/users/presence/heartbeat 200 in 336ms :: {\"success\":true}","service":"stargem-manager","timestamp":"2026-05-04 02:29:03"}
{"level":"info","message":"GET /api/users/presence/active 200 in 534ms :: [{\"id\":\"admin-id\",\"username\":\"ad…","service":"stargem-manager","timestamp":"2026-05-04 02:29:09"}
{"level":"info","message":"GET /api/team-comments 304 in 302ms :: [{\"id\":20,\"authorId\":\"admin-id\",\"authorN…","service":"stargem-manager","timestamp":"2026-05-04 02:29:12"}
{"level":"info","message":"GET /api/todos 304 in 302ms :: [{\"id\":1,\"text\":\"Implementare verifica SMS/Whats…","service":"stargem-manager","timestamp":"2026-05-04 02:29:12"}
{"level":"info","message":"GET /api/gemteam/permessi/pending-count 304 in 236ms :: {\"count\":0}","service":"stargem-manager","timestamp":"2026-05-04 02:29:16"}
{"level":"info","message":"GET /api/team-comments 304 in 299ms :: [{\"id\":20,\"authorId\":\"admin-id\",\"authorN…","service":"stargem-manager","timestamp":"2026-05-04 02:29:22"}
{"level":"info","message":"GET /api/todos 304 in 299ms :: [{\"id\":1,\"text\":\"Implementare verifica SMS/Whats…","service":"stargem-manager","timestamp":"2026-05-04 02:29:22"}
{"level":"info","message":"GET /api/users/presence/active 200 in 587ms :: [{\"id\":\"admin-id\",\"username\":\"ad…","service":"stargem-manager","timestamp":"2026-05-04 02:29:24"}
{"level":"info","message":"GET /api/team-comments 304 in 297ms :: [{\"id\":20,\"authorId\":\"admin-id\",\"authorN…","service":"stargem-manager","timestamp":"2026-05-04 02:29:33"}
{"level":"info","message":"GET /api/todos 304 in 299ms :: [{\"id\":1,\"text\":\"Implementare verifica SMS/Whats…","service":"stargem-manager","timestamp":"2026-05-04 02:29:33"}
{"level":"info","message":"GET /api/users/presence/active 304 in 538ms :: [{\"id\":\"admin-id\",\"username\":\"ad…","service":"stargem-manager","timestamp":"2026-05-04 02:29:40"}
{"level":"info","message":"GET /api/team-comments 304 in 304ms :: [{\"id\":20,\"authorId\":\"admin-id\",\"authorN…","service":"stargem-manager","timestamp":"2026-05-04 02:29:43"}
{"level":"info","message":"GET /api/todos 304 in 307ms :: [{\"id\":1,\"text\":\"Implementare verifica SMS/Whats…","service":"stargem-manager","timestamp":"2026-05-04 02:29:43"}
{"level":"info","message":"GET /api/team-comments 304 in 300ms :: [{\"id\":20,\"authorId\":\"admin-id\",\"authorN…","service":"stargem-manager","timestamp":"2026-05-04 02:29:53"}
{"level":"info","message":"GET /api/todos 304 in 300ms :: [{\"id\":1,\"text\":\"Implementare verifica SMS/Whats…","service":"stargem-manager","timestamp":"2026-05-04 02:29:53"}
{"level":"info","message":"GET /api/users/presence/active 304 in 562ms :: [{\"id\":\"admin-id\",\"username\":\"ad…","service":"stargem-manager","timestamp":"2026-05-04 02:29:55"}
{"level":"info","message":"GET /api/team-comments 304 in 300ms :: [{\"id\":20,\"authorId\":\"admin-id\",\"authorN…","service":"stargem-manager","timestamp":"2026-05-04 02:30:04"}
{"level":"info","message":"GET /api/todos 304 in 306ms :: [{\"id\":1,\"text\":\"Implementare verifica SMS/Whats…","service":"stargem-manager","timestamp":"2026-05-04 02:30:04"}
{"level":"info","message":"GET /api/users/presence/active 304 in 575ms :: [{\"id\":\"admin-id\",\"username\":\"ad…","service":"stargem-manager","timestamp":"2026-05-04 02:30:11"}
{"level":"info","message":"GET /api/team-comments 304 in 305ms :: [{\"id\":20,\"authorId\":\"admin-id\",\"authorN…","service":"stargem-manager","timestamp":"2026-05-04 02:30:14"}
{"level":"info","message":"GET /api/todos 304 in 306ms :: [{\"id\":1,\"text\":\"Implementare verifica SMS/Whats…","service":"stargem-manager","timestamp":"2026-05-04 02:30:14"}
{"level":"info","message":"GET /api/gemteam/permessi/pending-count 304 in 233ms :: {\"count\":0}","service":"stargem-manager","timestamp":"2026-05-04 02:30:16"}
{"level":"info","message":"GET /api/team-comments 304 in 304ms :: [{\"id\":20,\"authorId\":\"admin-id\",\"authorN…","service":"stargem-manager","timestamp":"2026-05-04 02:30:24"}
{"level":"info","message":"GET /api/todos 304 in 307ms :: [{\"id\":1,\"text\":\"Implementare verifica SMS/Whats…","service":"stargem-manager","timestamp":"2026-05-04 02:30:24"}
{"level":"info","message":"GET /api/users/presence/active 200 in 534ms :: [{\"id\":\"admin-id\",\"username\":\"ad…","service":"stargem-manager","timestamp":"2026-05-04 02:30:27"}
{"level":"info","message":"POST /api/users/presence/heartbeat 200 in 346ms :: {\"success\":true}","service":"stargem-manager","timestamp":"2026-05-04 02:30:32"}
{"level":"info","message":"GET /api/team-notes 304 in 222ms :: []","service":"stargem-manager","timestamp":"2026-05-04 02:30:32"}
{"level":"info","message":"GET /api/courses/17/enrolled-members 200 in 255ms :: [{\"enrollment_id\":158,\"mem…","service":"stargem-manager","timestamp":"2026-05-04 02:30:32"}
{"level":"info","message":"GET /api/payments 304 in 256ms :: []","service":"stargem-manager","timestamp":"2026-05-04 02:30:32"}
{"level":"info","message":"GET /api/courses 304 in 280ms :: [{\"id\":849,\"sku\":\"2627ALMEIDALUN19\",\"name\":\"Fu…","service":"stargem-manager","timestamp":"2026-05-04 02:30:32"}
{"level":"info","message":"GET /api/custom-lists/pacchetti_prenotazioni 304 in 166ms :: {\"items\":[]}","service":"stargem-manager","timestamp":"2026-05-04 02:30:33"}
{"level":"info","message":"GET /api/custom-lists/fascia_eta 304 in 197ms :: {\"id\":6,\"name\":\"Fascia età\",\"s…","service":"stargem-manager","timestamp":"2026-05-04 02:30:33"}
{"level":"info","message":"GET /api/custom-lists/posti_disponibili 304 in 199ms :: {\"id\":14,\"name\":\"Posti …","service":"stargem-manager","timestamp":"2026-05-04 02:30:33"}
{"level":"info","message":"GET /api/custom-lists/categorie 304 in 220ms :: {\"id\":23,\"name\":\"Categorie\",\"sy…","service":"stargem-manager","timestamp":"2026-05-04 02:30:33"}
{"level":"info","message":"GET /api/custom-lists/nomi_corsi 304 in 223ms :: {\"id\":15,\"name\":\"Generi Corsi\"…","service":"stargem-manager","timestamp":"2026-05-04 02:30:33"}
{"level":"info","message":"GET /api/custom-lists/livello 304 in 223ms :: {\"id\":5,\"name\":\"Livello\",\"systemN…","service":"stargem-manager","timestamp":"2026-05-04 02:30:33"}
{"level":"info","message":"GET /api/custom-lists/numero_persone 304 in 247ms :: {\"id\":25,\"name\":\"Numero Pe…","service":"stargem-manager","timestamp":"2026-05-04 02:30:33"}
{"level":"info","message":"GET /api/custom-lists/campus 304 in 268ms :: {\"id\":22,\"name\":\"Campus\",\"systemNa…","service":"stargem-manager","timestamp":"2026-05-04 02:30:33"}
{"level":"info","message":"GET /api/team-comments 304 in 249ms :: [{\"id\":20,\"authorId\":\"admin-id\",\"authorN…","service":"stargem-manager","timestamp":"2026-05-04 02:30:34"}
{"level":"info","message":"GET /api/todos 304 in 250ms :: [{\"id\":1,\"text\":\"Implementare verifica SMS/Whats…","service":"stargem-manager","timestamp":"2026-05-04 02:30:34"}
{"level":"info","message":"GET /api/workshop-attendances 200 in 261ms","service":"stargem-manager","timestamp":"2026-05-04 02:30:41"}
{"level":"info","message":"GET /api/workshops 200 in 288ms","service":"stargem-manager","timestamp":"2026-05-04 02:30:41"}
{"level":"info","message":"GET /api/team-notes 304 in 314ms :: []","service":"stargem-manager","timestamp":"2026-05-04 02:30:41"}
{"level":"info","message":"GET /api/payment-methods 500 in 319ms :: {\"message\":\"Failed to fetch payment me…","service":"stargem-manager","timestamp":"2026-05-04 02:30:41"}
{"level":"info","message":"GET /api/courses 200 in 363ms :: [{\"id\":813,\"sku\":\"2526CAMPUSDANZAS2\",\"name\":\"C…","service":"stargem-manager","timestamp":"2026-05-04 02:30:41"}
{"level":"info","message":"GET /api/custom-lists/genere 304 in 361ms :: {\"id\":21,\"name\":\"Generi Workshop\",…","service":"stargem-manager","timestamp":"2026-05-04 02:30:41"}
{"level":"info","message":"GET /api/strategic-events 304 in 204ms :: [{\"id\":48,\"title\":\"Ferragosto\",\"descr…","service":"stargem-manager","timestamp":"2026-05-04 02:30:41"}
{"level":"info","message":"GET /api/courses 304 in 292ms :: [{\"id\":849,\"sku\":\"2627ALMEIDALUN19\",\"name\":\"Fu…","service":"stargem-manager","timestamp":"2026-05-04 02:30:41"}
{"level":"info","message":"GET /api/strategic-events/closed-days 304 in 283ms :: {\"closedDays\":[\"2026-11-0…","service":"stargem-manager","timestamp":"2026-05-04 02:30:41"}
{"level":"info","message":"GET /api/users/presence/active 200 in 441ms :: [{\"id\":\"admin-id\",\"username\":\"ad…","service":"stargem-manager","timestamp":"2026-05-04 02:30:42"}
{"level":"info","message":"GET /api/team-comments 304 in 303ms :: [{\"id\":20,\"authorId\":\"admin-id\",\"authorN…","service":"stargem-manager","timestamp":"2026-05-04 02:30:45"}
{"level":"info","message":"GET /api/todos 304 in 304ms :: [{\"id\":1,\"text\":\"Implementare verifica SMS/Whats…","service":"stargem-manager","timestamp":"2026-05-04 02:30:45"}
{"level":"info","message":"GET /api/team-comments 304 in 306ms :: [{\"id\":20,\"authorId\":\"admin-id\",\"authorN…","service":"stargem-manager","timestamp":"2026-05-04 02:30:55"}
{"level":"info","message":"GET /api/todos 304 in 307ms :: [{\"id\":1,\"text\":\"Implementare verifica SMS/Whats…","service":"stargem-manager","timestamp":"2026-05-04 02:30:55"}
{"level":"info","message":"GET /api/users/presence/active 304 in 524ms :: [{\"id\":\"admin-id\",\"username\":\"ad…","service":"stargem-manager","timestamp":"2026-05-04 02:30:58"}
{"level":"info","message":"GET /api/team-comments 304 in 300ms :: [{\"id\":20,\"authorId\":\"admin-id\",\"authorN…","service":"stargem-manager","timestamp":"2026-05-04 02:31:05"}
{"level":"info","message":"GET /api/todos 304 in 300ms :: [{\"id\":1,\"text\":\"Implementare verifica SMS/Whats…","service":"stargem-manager","timestamp":"2026-05-04 02:31:05"}
{"level":"info","message":"GET /api/users/presence/active 200 in 673ms :: [{\"id\":\"admin-id\",\"username\":\"ad…","service":"stargem-manager","timestamp":"2026-05-04 02:31:13"}
{"level":"info","message":"GET /api/team-comments 304 in 307ms :: [{\"id\":20,\"authorId\":\"admin-id\",\"authorN…","service":"stargem-manager","timestamp":"2026-05-04 02:31:16"}
{"level":"info","message":"GET /api/todos 304 in 312ms :: [{\"id\":1,\"text\":\"Implementare verifica SMS/Whats…","service":"stargem-manager","timestamp":"2026-05-04 02:31:16"}
{"level":"info","message":"GET /api/gemteam/permessi/pending-count 304 in 165ms :: {\"count\":0}","service":"stargem-manager","timestamp":"2026-05-04 02:31:16"}
{"level":"info","message":"GET /api/team-comments 304 in 303ms :: [{\"id\":20,\"authorId\":\"admin-id\",\"authorN…","service":"stargem-manager","timestamp":"2026-05-04 02:31:26"}
{"level":"info","message":"GET /api/todos 304 in 302ms :: [{\"id\":1,\"text\":\"Implementare verifica SMS/Whats…","service":"stargem-manager","timestamp":"2026-05-04 02:31:26"}
{"level":"info","message":"GET /api/users/presence/active 304 in 597ms :: [{\"id\":\"admin-id\",\"username\":\"ad…","service":"stargem-manager","timestamp":"2026-05-04 02:31:29"}
{"level":"info","message":"GET /api/team-comments 304 in 304ms :: [{\"id\":20,\"authorId\":\"admin-id\",\"authorN…","service":"stargem-manager","timestamp":"2026-05-04 02:31:36"}
{"level":"info","message":"GET /api/todos 304 in 307ms :: [{\"id\":1,\"text\":\"Implementare verifica SMS/Whats…","service":"stargem-manager","timestamp":"2026-05-04 02:31:36"}
{"level":"info","message":"GET /api/users/presence/active 304 in 521ms :: [{\"id\":\"admin-id\",\"username\":\"ad…","service":"stargem-manager","timestamp":"2026-05-04 02:31:44"}
{"level":"info","message":"GET /api/team-comments 304 in 349ms :: [{\"id\":20,\"authorId\":\"admin-id\",\"authorN…","service":"stargem-manager","timestamp":"2026-05-04 02:31:47"}
{"level":"info","message":"GET /api/todos 304 in 349ms :: [{\"id\":1,\"text\":\"Implementare verifica SMS/Whats…","service":"stargem-manager","timestamp":"2026-05-04 02:31:47"}
{"level":"info","message":"GET /api/team-comments 304 in 334ms :: [{\"id\":20,\"authorId\":\"admin-id\",\"authorN…","service":"stargem-manager","timestamp":"2026-05-04 02:31:57"}
{"level":"info","message":"GET /api/todos 304 in 336ms :: [{\"id\":1,\"text\":\"Implementare verifica SMS/Whats…","service":"stargem-manager","timestamp":"2026-05-04 02:31:57"}
{"level":"info","message":"GET /api/users/presence/active 304 in 528ms :: [{\"id\":\"admin-id\",\"username\":\"ad…","service":"stargem-manager","timestamp":"2026-05-04 02:32:00"}
{"level":"info","message":"GET /api/team-comments 304 in 304ms :: [{\"id\":20,\"authorId\":\"admin-id\",\"authorN…","service":"stargem-manager","timestamp":"2026-05-04 02:32:07"}
{"level":"info","message":"GET /api/todos 304 in 308ms :: [{\"id\":1,\"text\":\"Implementare verifica SMS/Whats…","service":"stargem-manager","timestamp":"2026-05-04 02:32:07"}
{"level":"info","message":"GET /api/users/presence/active 200 in 522ms :: [{\"id\":\"admin-id\",\"username\":\"ad…","service":"stargem-manager","timestamp":"2026-05-04 02:32:15"}
{"level":"info","message":"GET /api/gemteam/permessi/pending-count 304 in 157ms :: {\"count\":0}","service":"stargem-manager","timestamp":"2026-05-04 02:32:16"}
{"level":"info","message":"GET /api/team-comments 304 in 273ms :: [{\"id\":20,\"authorId\":\"admin-id\",\"authorN…","service":"stargem-manager","timestamp":"2026-05-04 02:32:18"}
{"level":"info","message":"GET /api/todos 304 in 273ms :: [{\"id\":1,\"text\":\"Implementare verifica SMS/Whats…","service":"stargem-manager","timestamp":"2026-05-04 02:32:18"}
{"level":"info","message":"GET /api/team-comments 304 in 302ms :: [{\"id\":20,\"authorId\":\"admin-id\",\"authorN…","service":"stargem-manager","timestamp":"2026-05-04 02:32:28"}
{"level":"info","message":"GET /api/todos 304 in 302ms :: [{\"id\":1,\"text\":\"Implementare verifica SMS/Whats…","service":"stargem-manager","timestamp":"2026-05-04 02:32:28"}
{"level":"info","message":"GET /api/users/presence/active 304 in 558ms :: [{\"id\":\"admin-id\",\"username\":\"ad…","service":"stargem-manager","timestamp":"2026-05-04 02:32:31"}
{"level":"info","message":"GET /api/team-comments 304 in 320ms :: [{\"id\":20,\"authorId\":\"admin-id\",\"authorN…","service":"stargem-manager","timestamp":"2026-05-04 02:32:38"}
{"level":"info","message":"GET /api/todos 304 in 320ms :: [{\"id\":1,\"text\":\"Implementare verifica SMS/Whats…","service":"stargem-manager","timestamp":"2026-05-04 02:32:38"}
{"level":"info","message":"GET /api/users/presence/active 304 in 523ms :: [{\"id\":\"admin-id\",\"username\":\"ad…","service":"stargem-manager","timestamp":"2026-05-04 02:32:47"}
{"level":"info","message":"GET /api/team-comments 304 in 301ms :: [{\"id\":20,\"authorId\":\"admin-id\",\"authorN…","service":"stargem-manager","timestamp":"2026-05-04 02:32:49"}
{"level":"info","message":"GET /api/todos 304 in 314ms :: [{\"id\":1,\"text\":\"Implementare verifica SMS/Whats…","service":"stargem-manager","timestamp":"2026-05-04 02:32:49"}
{"level":"info","message":"GET /api/team-comments 304 in 343ms :: [{\"id\":20,\"authorId\":\"admin-id\",\"authorN…","service":"stargem-manager","timestamp":"2026-05-04 02:32:59"}
{"level":"info","message":"GET /api/todos 304 in 333ms :: [{\"id\":1,\"text\":\"Implementare verifica SMS/Whats…","service":"stargem-manager","timestamp":"2026-05-04 02:32:59"}
{"level":"info","message":"GET /api/users/presence/active 304 in 557ms :: [{\"id\":\"admin-id\",\"username\":\"ad…","service":"stargem-manager","timestamp":"2026-05-04 02:33:02"}
{"level":"info","message":"GET /api/team-comments 304 in 298ms :: [{\"id\":20,\"authorId\":\"admin-id\",\"authorN…","service":"stargem-manager","timestamp":"2026-05-04 02:33:09"}
{"level":"info","message":"GET /api/todos 304 in 298ms :: [{\"id\":1,\"text\":\"Implementare verifica SMS/Whats…","service":"stargem-manager","timestamp":"2026-05-04 02:33:09"}
{"level":"info","message":"GET /api/gemteam/permessi/pending-count 304 in 242ms :: {\"count\":0}","service":"stargem-manager","timestamp":"2026-05-04 02:33:17"}
{"level":"info","message":"GET /api/users/presence/active 200 in 451ms :: [{\"id\":\"admin-id\",\"username\":\"ad…","service":"stargem-manager","timestamp":"2026-05-04 02:33:18"}
{"level":"info","message":"GET /api/team-comments 304 in 324ms :: [{\"id\":20,\"authorId\":\"admin-id\",\"authorN…","service":"stargem-manager","timestamp":"2026-05-04 02:33:20"}
{"level":"info","message":"GET /api/todos 304 in 324ms :: [{\"id\":1,\"text\":\"Implementare verifica SMS/Whats…","service":"stargem-manager","timestamp":"2026-05-04 02:33:20"}
{"level":"info","message":"GET /api/team-comments 304 in 218ms :: [{\"id\":20,\"authorId\":\"admin-id\",\"authorN…","service":"stargem-manager","timestamp":"2026-05-04 02:33:30"}
{"level":"info","message":"GET /api/todos 304 in 230ms :: [{\"id\":1,\"text\":\"Implementare verifica SMS/Whats…","service":"stargem-manager","timestamp":"2026-05-04 02:33:30"}
{"level":"info","message":"GET /api/users/presence/active 304 in 529ms :: [{\"id\":\"admin-id\",\"username\":\"ad…","service":"stargem-manager","timestamp":"2026-05-04 02:33:33"}
{"level":"info","message":"GET /api/team-comments 304 in 340ms :: [{\"id\":20,\"authorId\":\"admin-id\",\"authorN…","service":"stargem-manager","timestamp":"2026-05-04 02:33:40"}
{"level":"info","message":"GET /api/todos 304 in 340ms :: [{\"id\":1,\"text\":\"Implementare verifica SMS/Whats…","service":"stargem-manager","timestamp":"2026-05-04 02:33:40"}
{"level":"info","message":"GET /api/users/presence/active 304 in 569ms :: [{\"id\":\"admin-id\",\"username\":\"ad…","service":"stargem-manager","timestamp":"2026-05-04 02:33:49"}
{"level":"info","message":"GET /api/team-comments 304 in 324ms :: [{\"id\":20,\"authorId\":\"admin-id\",\"authorN…","service":"stargem-manager","timestamp":"2026-05-04 02:33:50"}
{"level":"info","message":"GET /api/todos 304 in 327ms :: [{\"id\":1,\"text\":\"Implementare verifica SMS/Whats…","service":"stargem-manager","timestamp":"2026-05-04 02:33:50"}
{"level":"info","message":"GET /api/team-comments 304 in 323ms :: [{\"id\":20,\"authorId\":\"admin-id\",\"authorN…","service":"stargem-manager","timestamp":"2026-05-04 02:34:01"}
{"level":"info","message":"GET /api/todos 304 in 320ms :: [{\"id\":1,\"text\":\"Implementare verifica SMS/Whats…","service":"stargem-manager","timestamp":"2026-05-04 02:34:01"}
{"level":"info","message":"GET /api/users/presence/active 304 in 592ms :: [{\"id\":\"admin-id\",\"username\":\"ad…","service":"stargem-manager","timestamp":"2026-05-04 02:34:04"}
{"level":"info","message":"GET /api/team-comments 304 in 305ms :: [{\"id\":20,\"authorId\":\"admin-id\",\"authorN…","service":"stargem-manager","timestamp":"2026-05-04 02:34:11"}
{"level":"info","message":"GET /api/todos 304 in 306ms :: [{\"id\":1,\"text\":\"Implementare verifica SMS/Whats…","service":"stargem-manager","timestamp":"2026-05-04 02:34:11"}
{"level":"info","message":"GET /api/gemteam/permessi/pending-count 304 in 233ms :: {\"count\":0}","service":"stargem-manager","timestamp":"2026-05-04 02:34:17"}
{"level":"info","message":"GET /api/users/presence/active 200 in 559ms :: [{\"id\":\"admin-id\",\"username\":\"ad…","service":"stargem-manager","timestamp":"2026-05-04 02:34:20"}
{"level":"info","message":"GET /api/team-comments 304 in 265ms :: [{\"id\":20,\"authorId\":\"admin-id\",\"authorN…","service":"stargem-manager","timestamp":"2026-05-04 02:34:21"}
{"level":"info","message":"GET /api/todos 304 in 266ms :: [{\"id\":1,\"text\":\"Implementare verifica SMS/Whats…","service":"stargem-manager","timestamp":"2026-05-04 02:34:21"}
{"level":"info","message":"GET /api/team-comments 304 in 304ms :: [{\"id\":20,\"authorId\":\"admin-id\",\"authorN…","service":"stargem-manager","timestamp":"2026-05-04 02:34:32"}
{"level":"info","message":"GET /api/todos 304 in 305ms :: [{\"id\":1,\"text\":\"Implementare verifica SMS/Whats…","service":"stargem-manager","timestamp":"2026-05-04 02:34:32"}
{"level":"info","message":"GET /api/users/presence/active 304 in 524ms :: [{\"id\":\"admin-id\",\"username\":\"ad…","service":"stargem-manager","timestamp":"2026-05-04 02:34:35"}
{"level":"info","message":"GET /api/team-comments 304 in 303ms :: [{\"id\":20,\"authorId\":\"admin-id\",\"authorN…","service":"stargem-manager","timestamp":"2026-05-04 02:34:42"}
{"level":"info","message":"GET /api/todos 304 in 306ms :: [{\"id\":1,\"text\":\"Implementare verifica SMS/Whats…","service":"stargem-manager","timestamp":"2026-05-04 02:34:42"}
{"level":"info","message":"GET /api/users/presence/active 304 in 589ms :: [{\"id\":\"admin-id\",\"username\":\"ad…","service":"stargem-manager","timestamp":"2026-05-04 02:34:51"}
{"level":"info","message":"GET /api/team-comments 304 in 224ms :: [{\"id\":20,\"authorId\":\"admin-id\",\"authorN…","service":"stargem-manager","timestamp":"2026-05-04 02:34:52"}
{"level":"info","message":"GET /api/todos 304 in 225ms :: [{\"id\":1,\"text\":\"Implementare verifica SMS/Whats…","service":"stargem-manager","timestamp":"2026-05-04 02:34:52"}
{"level":"info","message":"POST /api/users/presence/heartbeat 200 in 368ms :: {\"success\":true}","service":"stargem-manager","timestamp":"2026-05-04 02:35:01"}
{"level":"info","message":"GET /api/team-comments 304 in 300ms :: [{\"id\":20,\"authorId\":\"admin-id\",\"authorN…","service":"stargem-manager","timestamp":"2026-05-04 02:35:02"}
{"level":"info","message":"GET /api/todos 304 in 303ms :: [{\"id\":1,\"text\":\"Implementare verifica SMS/Whats…","service":"stargem-manager","timestamp":"2026-05-04 02:35:03"}
{"level":"info","message":"GET /api/user 200 in 129ms :: {\"id\":\"admin-id\",\"username\":\"admin\",\"password\":\"d…","service":"stargem-manager","timestamp":"2026-05-04 02:35:07"}
{"level":"info","message":"GET /api/gemteam/permessi/pending-count 304 in 169ms :: {\"count\":0}","service":"stargem-manager","timestamp":"2026-05-04 02:35:07"}
{"level":"info","message":"GET /api/activities-summary 304 in 402ms :: {\"corsi\":{\"total\":289,\"active\":289}…","service":"stargem-manager","timestamp":"2026-05-04 02:35:08"}
{"level":"info","message":"GET /api/users/presence/active 200 in 430ms :: [{\"id\":\"admin-id\",\"username\":\"ad…","service":"stargem-manager","timestamp":"2026-05-04 02:35:08"}
{"level":"info","message":"GET /api/team-notes 304 in 331ms :: []","service":"stargem-manager","timestamp":"2026-05-04 02:35:08"}
{"level":"info","message":"GET /api/latest-activity 304 in 373ms :: {\"id\":2618,\"userId\":\"admin-id\",\"action…","service":"stargem-manager","timestamp":"2026-05-04 02:35:08"}
{"level":"info","message":"GET /api/todos 304 in 356ms :: [{\"id\":1,\"text\":\"Implementare verifica SMS/Whats…","service":"stargem-manager","timestamp":"2026-05-04 02:35:08"}
{"level":"info","message":"GET /api/team-comments 304 in 183ms :: [{\"id\":20,\"authorId\":\"admin-id\",\"authorN…","service":"stargem-manager","timestamp":"2026-05-04 02:35:08"}
{"level":"info","message":"POST /api/users/presence/heartbeat 200 in 487ms :: {\"success\":true}","service":"stargem-manager","timestamp":"2026-05-04 02:35:08"}
{"level":"info","message":"GET /api/studios 304 in 195ms :: [{\"id\":10,\"name\":\"STUDIO 01 (80mq)\",\"floor\":\"\"…","service":"stargem-manager","timestamp":"2026-05-04 02:35:09"}
{"level":"info","message":"GET /api/custom-lists/genere 304 in 197ms :: {\"id\":21,\"name\":\"Generi Workshop\",…","service":"stargem-manager","timestamp":"2026-05-04 02:35:09"}
{"level":"info","message":"GET /api/config/center-hours 304 in 197ms :: {\"start\":\"07:00\",\"end\":\"23:30\",\"da…","service":"stargem-manager","timestamp":"2026-05-04 02:35:09"}
{"level":"info","message":"GET /api/courses 304 in 220ms :: [{\"id\":813,\"sku\":\"2526CAMPUSDANZAS2\",\"name\":\"C…","service":"stargem-manager","timestamp":"2026-05-04 02:35:09"}
{"level":"info","message":"GET /api/custom-lists/categorie 304 in 245ms :: {\"id\":23,\"name\":\"Categorie\",\"sy…","service":"stargem-manager","timestamp":"2026-05-04 02:35:09"}
{"level":"info","message":"GET /api/workshops 200 in 152ms","service":"stargem-manager","timestamp":"2026-05-04 02:35:09"}
{"level":"info","message":"GET /api/instructors 304 in 374ms :: [{\"id\":2336,\"userId\":null,\"firstName\":\"ANT…","service":"stargem-manager","timestamp":"2026-05-04 02:35:09"}
{"level":"info","message":"GET /api/workshop-attendances 200 in 176ms","service":"stargem-manager","timestamp":"2026-05-04 02:35:09"}
{"level":"info","message":"GET /api/payment-methods 500 in 202ms :: {\"message\":\"Failed to fetch payment me…","service":"stargem-manager","timestamp":"2026-05-04 02:35:09"}
{"level":"info","message":"GET /api/quotes 304 in 194ms :: [{\"id\":34,\"name\":\"1 OPEN BALLO\",\"amount\":\"1300.…","service":"stargem-manager","timestamp":"2026-05-04 02:35:09"}
{"level":"info","message":"GET /api/booking-services 304 in 160ms :: [{\"id\":8,\"name\":\"Lezione Zaccaria\",\"d…","service":"stargem-manager","timestamp":"2026-05-04 02:35:09"}
{"level":"info","message":"GET /api/studio-bookings 304 in 230ms :: []","service":"stargem-manager","timestamp":"2026-05-04 02:35:09"}
{"level":"info","message":"GET /api/enrollments 304 in 414ms :: [{\"id\":256,\"memberId\":14240,\"courseId\":385…","service":"stargem-manager","timestamp":"2026-05-04 02:35:09"}
{"level":"info","message":"GET /api/strategic-events 304 in 243ms :: [{\"id\":48,\"title\":\"Ferragosto\",\"descr…","service":"stargem-manager","timestamp":"2026-05-04 02:35:09"}
{"level":"info","message":"GET /api/custom-lists/tag_interni 304 in 245ms :: {\"id\":35,\"name\":\"Interno Cors…","service":"stargem-manager","timestamp":"2026-05-04 02:35:09"}
{"level":"info","message":"GET /api/members 304 in 257ms :: {\"members\":[{\"id\":15616,\"firstName\":\"LIA\",\"las…","service":"stargem-manager","timestamp":"2026-05-04 02:35:09"}
{"level":"info","message":"GET /api/custom-lists/stato_corso 304 in 209ms :: {\"id\":34,\"name\":\"Stato Corso\"…","service":"stargem-manager","timestamp":"2026-05-04 02:35:09"}
{"level":"info","message":"GET /api/seasons 304 in 201ms :: [{\"id\":2,\"name\":\"2026/2027\",\"description\":null…","service":"stargem-manager","timestamp":"2026-05-04 02:35:09"}
{"level":"info","message":"GET /api/courses 304 in 201ms :: [{\"id\":517,\"sku\":\"2526STANISCIMAR13\",\"name\":\"P…","service":"stargem-manager","timestamp":"2026-05-04 02:35:09"}
{"level":"info","message":"GET /api/custom-lists/nomi_corsi 304 in 204ms :: {\"id\":15,\"name\":\"Generi Corsi\"…","service":"stargem-manager","timestamp":"2026-05-04 02:35:09"}
{"level":"info","message":"GET /api/custom-lists/posti_disponibili 304 in 220ms :: {\"id\":14,\"name\":\"Posti …","service":"stargem-manager","timestamp":"2026-05-04 02:35:09"}
{"level":"info","message":"GET /api/custom-lists/livello 304 in 211ms :: {\"id\":5,\"name\":\"Livello\",\"systemN…","service":"stargem-manager","timestamp":"2026-05-04 02:35:09"}
{"level":"info","message":"GET /api/custom-lists/numero_persone 304 in 192ms :: {\"id\":25,\"name\":\"Numero Pe…","service":"stargem-manager","timestamp":"2026-05-04 02:35:09"}
{"level":"info","message":"GET /api/custom-lists/fascia_eta 304 in 200ms :: {\"id\":6,\"name\":\"Fascia età\",\"s…","service":"stargem-manager","timestamp":"2026-05-04 02:35:09"}
{"level":"info","message":"GET /api/custom-lists/pacchetti_prenotazioni 304 in 212ms :: {\"items\":[]}","service":"stargem-manager","timestamp":"2026-05-04 02:35:10"}
{"level":"info","message":"GET /api/custom-lists/campus 304 in 216ms :: {\"id\":22,\"name\":\"Campus\",\"systemNa…","service":"stargem-manager","timestamp":"2026-05-04 02:35:10"}
{"level":"info","message":"GET /api/activity-statuses 304 in 198ms :: [{\"id\":5,\"name\":\"APERTO\",\"color\":\"#2…","service":"stargem-manager","timestamp":"2026-05-04 02:35:10"}
{"level":"info","message":"GET /api/courses 304 in 259ms :: [{\"id\":849,\"sku\":\"2627ALMEIDALUN19\",\"name\":\"Fu…","service":"stargem-manager","timestamp":"2026-05-04 02:35:10"}
{"level":"info","message":"GET /api/strategic-events/closed-days 304 in 253ms :: {\"closedDays\":[\"2026-11-0…","service":"stargem-manager","timestamp":"2026-05-04 02:35:10"}
{"level":"info","message":"GET /api/courses 304 in 229ms :: [{\"id\":849,\"sku\":\"2627ALMEIDALUN19\",\"name\":\"Fu…","service":"stargem-manager","timestamp":"2026-05-04 02:35:10"}
{"level":"info","message":"GET /api/todos 304 in 281ms :: [{\"id\":1,\"text\":\"Implementare verifica SMS/Whats…","service":"stargem-manager","timestamp":"2026-05-04 02:35:18"}
{"level":"info","message":"GET /api/team-comments 304 in 267ms :: [{\"id\":20,\"authorId\":\"admin-id\",\"authorN…","service":"stargem-manager","timestamp":"2026-05-04 02:35:18"}
{"level":"info","message":"GET /api/users/presence/active 200 in 527ms :: [{\"id\":\"admin-id\",\"username\":\"ad…","service":"stargem-manager","timestamp":"2026-05-04 02:35:23"}
{"level":"info","message":"GET /api/todos 304 in 280ms :: [{\"id\":1,\"text\":\"Implementare verifica SMS/Whats…","service":"stargem-manager","timestamp":"2026-05-04 02:35:28"}
{"level":"info","message":"GET /api/team-comments 304 in 281ms :: [{\"id\":20,\"authorId\":\"admin-id\",\"authorN…","service":"stargem-manager","timestamp":"2026-05-04 02:35:28"}
{"level":"info","message":"GET /api/todos 304 in 214ms :: [{\"id\":1,\"text\":\"Implementare verifica SMS/Whats…","service":"stargem-manager","timestamp":"2026-05-04 02:35:39"}
{"level":"info","message":"GET /api/team-comments 304 in 188ms :: [{\"id\":20,\"authorId\":\"admin-id\",\"authorN…","service":"stargem-manager","timestamp":"2026-05-04 02:35:39"}
{"level":"info","message":"GET /api/users/presence/active 200 in 581ms :: [{\"id\":\"admin-id\",\"username\":\"ad…","service":"stargem-manager","timestamp":"2026-05-04 02:35:39"}
{"level":"info","message":"GET /api/todos 304 in 306ms :: [{\"id\":1,\"text\":\"Implementare verifica SMS/Whats…","service":"stargem-manager","timestamp":"2026-05-04 02:35:49"}
{"level":"info","message":"GET /api/team-comments 304 in 304ms :: [{\"id\":20,\"authorId\":\"admin-id\",\"authorN…","service":"stargem-manager","timestamp":"2026-05-04 02:35:49"}
{"level":"info","message":"GET /api/users/presence/active 304 in 594ms :: [{\"id\":\"admin-id\",\"username\":\"ad…","service":"stargem-manager","timestamp":"2026-05-04 02:35:54"}
{"level":"info","message":"GET /api/todos 304 in 310ms :: [{\"id\":1,\"text\":\"Implementare verifica SMS/Whats…","service":"stargem-manager","timestamp":"2026-05-04 02:35:59"}
{"level":"info","message":"GET /api/team-comments 304 in 310ms :: [{\"id\":20,\"authorId\":\"admin-id\",\"authorN…","service":"stargem-manager","timestamp":"2026-05-04 02:35:59"}
{"level":"info","message":"GET /api/gemteam/permessi/pending-count 304 in 232ms :: {\"count\":0}","service":"stargem-manager","timestamp":"2026-05-04 02:36:08"}
{"level":"info","message":"POST /api/users/presence/heartbeat 200 in 293ms :: {\"success\":true}","service":"stargem-manager","timestamp":"2026-05-04 02:36:08"}
{"level":"info","message":"GET /api/todos 304 in 262ms :: [{\"id\":1,\"text\":\"Implementare verifica SMS/Whats…","service":"stargem-manager","timestamp":"2026-05-04 02:36:09"}
{"level":"info","message":"GET /api/team-comments 304 in 262ms :: [{\"id\":20,\"authorId\":\"admin-id\",\"authorN…","service":"stargem-manager","timestamp":"2026-05-04 02:36:10"}
{"level":"info","message":"GET /api/users/presence/active 200 in 498ms :: [{\"id\":\"admin-id\",\"username\":\"ad…","service":"stargem-manager","timestamp":"2026-05-04 02:36:10"}
{"level":"info","message":"GET /api/todos 304 in 303ms :: [{\"id\":1,\"text\":\"Implementare verifica SMS/Whats…","service":"stargem-manager","timestamp":"2026-05-04 02:36:20"}
{"level":"info","message":"GET /api/team-comments 304 in 305ms :: [{\"id\":20,\"authorId\":\"admin-id\",\"authorN…","service":"stargem-manager","timestamp":"2026-05-04 02:36:20"}
{"level":"info","message":"GET /api/users/presence/active 304 in 530ms :: [{\"id\":\"admin-id\",\"username\":\"ad…","service":"stargem-manager","timestamp":"2026-05-04 02:36:25"}
{"level":"info","message":"GET /api/todos 304 in 299ms :: [{\"id\":1,\"text\":\"Implementare verifica SMS/Whats…","service":"stargem-manager","timestamp":"2026-05-04 02:36:30"}
{"level":"info","message":"GET /api/team-comments 304 in 300ms :: [{\"id\":20,\"authorId\":\"admin-id\",\"authorN…","service":"stargem-manager","timestamp":"2026-05-04 02:36:30"}
{"level":"info","message":"GET /api/todos 304 in 307ms :: [{\"id\":1,\"text\":\"Implementare verifica SMS/Whats…","service":"stargem-manager","timestamp":"2026-05-04 02:36:40"}
{"level":"info","message":"GET /api/team-comments 304 in 310ms :: [{\"id\":20,\"authorId\":\"admin-id\",\"authorN…","service":"stargem-manager","timestamp":"2026-05-04 02:36:40"}
{"level":"info","message":"GET /api/users/presence/active 200 in 436ms :: [{\"id\":\"admin-id\",\"username\":\"ad…","service":"stargem-manager","timestamp":"2026-05-04 02:36:41"}
{"level":"info","message":"GET /api/todos 304 in 307ms :: [{\"id\":1,\"text\":\"Implementare verifica SMS/Whats…","service":"stargem-manager","timestamp":"2026-05-04 02:36:51"}
{"level":"info","message":"GET /api/team-comments 304 in 305ms :: [{\"id\":20,\"authorId\":\"admin-id\",\"authorN…","service":"stargem-manager","timestamp":"2026-05-04 02:36:51"}
{"level":"info","message":"GET /api/users/presence/active 304 in 578ms :: [{\"id\":\"admin-id\",\"username\":\"ad…","service":"stargem-manager","timestamp":"2026-05-04 02:36:57"}
{"level":"info","message":"GET /api/todos 304 in 298ms :: [{\"id\":1,\"text\":\"Implementare verifica SMS/Whats…","service":"stargem-manager","timestamp":"2026-05-04 02:37:01"}
{"level":"info","message":"GET /api/team-comments 304 in 300ms :: [{\"id\":20,\"authorId\":\"admin-id\",\"authorN…","service":"stargem-manager","timestamp":"2026-05-04 02:37:01"}
{"level":"info","message":"GET /api/gemteam/permessi/pending-count 304 in 238ms :: {\"count\":0}","service":"stargem-manager","timestamp":"2026-05-04 02:37:08"}
{"level":"info","message":"GET /api/todos 304 in 309ms :: [{\"id\":1,\"text\":\"Implementare verifica SMS/Whats…","service":"stargem-manager","timestamp":"2026-05-04 02:37:11"}
{"level":"info","message":"GET /api/team-comments 304 in 309ms :: [{\"id\":20,\"authorId\":\"admin-id\",\"authorN…","service":"stargem-manager","timestamp":"2026-05-04 02:37:11"}
{"level":"info","message":"GET /api/users/presence/active 304 in 422ms :: [{\"id\":\"admin-id\",\"username\":\"ad…","service":"stargem-manager","timestamp":"2026-05-04 02:37:12"}
{"level":"info","message":"GET /api/todos 304 in 302ms :: [{\"id\":1,\"text\":\"Implementare verifica SMS/Whats…","service":"stargem-manager","timestamp":"2026-05-04 02:37:22"}
{"level":"info","message":"GET /api/team-comments 304 in 306ms :: [{\"id\":20,\"authorId\":\"admin-id\",\"authorN…","service":"stargem-manager","timestamp":"2026-05-04 02:37:22"}
{"level":"info","message":"GET /api/users/presence/active 304 in 532ms :: [{\"id\":\"admin-id\",\"username\":\"ad…","service":"stargem-manager","timestamp":"2026-05-04 02:37:28"}
{"level":"info","message":"GET /api/todos 304 in 303ms :: [{\"id\":1,\"text\":\"Implementare verifica SMS/Whats…","service":"stargem-manager","timestamp":"2026-05-04 02:37:32"}
{"level":"info","message":"GET /api/team-comments 304 in 306ms :: [{\"id\":20,\"authorId\":\"admin-id\",\"authorN…","service":"stargem-manager","timestamp":"2026-05-04 02:37:32"}
{"level":"info","message":"GET /api/todos 304 in 309ms :: [{\"id\":1,\"text\":\"Implementare verifica SMS/Whats…","service":"stargem-manager","timestamp":"2026-05-04 02:37:42"}
{"level":"info","message":"GET /api/team-comments 304 in 310ms :: [{\"id\":20,\"authorId\":\"admin-id\",\"authorN…","service":"stargem-manager","timestamp":"2026-05-04 02:37:42"}
{"level":"info","message":"GET /api/users/presence/active 200 in 475ms :: [{\"id\":\"admin-id\",\"username\":\"ad…","service":"stargem-manager","timestamp":"2026-05-04 02:37:43"}
{"level":"info","message":"GET /api/todos 304 in 308ms :: [{\"id\":1,\"text\":\"Implementare verifica SMS/Whats…","service":"stargem-manager","timestamp":"2026-05-04 02:37:53"}
{"level":"info","message":"GET /api/team-comments 304 in 311ms :: [{\"id\":20,\"authorId\":\"admin-id\",\"authorN…","service":"stargem-manager","timestamp":"2026-05-04 02:37:53"}
{"level":"info","message":"GET /api/users/presence/active 304 in 932ms :: [{\"id\":\"admin-id\",\"username\":\"ad…","service":"stargem-manager","timestamp":"2026-05-04 02:37:59"}
{"level":"info","message":"GET /api/todos 304 in 207ms :: [{\"id\":1,\"text\":\"Implementare verifica SMS/Whats…","service":"stargem-manager","timestamp":"2026-05-04 02:38:03"}
{"level":"info","message":"GET /api/team-comments 304 in 208ms :: [{\"id\":20,\"authorId\":\"admin-id\",\"authorN…","service":"stargem-manager","timestamp":"2026-05-04 02:38:03"}
{"level":"info","message":"GET /api/gemteam/permessi/pending-count 304 in 235ms :: {\"count\":0}","service":"stargem-manager","timestamp":"2026-05-04 02:38:08"}
{"level":"info","message":"GET /api/todos 304 in 307ms :: [{\"id\":1,\"text\":\"Implementare verifica SMS/Whats…","service":"stargem-manager","timestamp":"2026-05-04 02:38:13"}
{"level":"info","message":"GET /api/team-comments 304 in 309ms :: [{\"id\":20,\"authorId\":\"admin-id\",\"authorN…","service":"stargem-manager","timestamp":"2026-05-04 02:38:13"}
{"level":"info","message":"GET /api/users/presence/active 200 in 574ms :: [{\"id\":\"admin-id\",\"username\":\"ad…","service":"stargem-manager","timestamp":"2026-05-04 02:38:15"}
{"level":"info","message":"GET /api/todos 304 in 303ms :: [{\"id\":1,\"text\":\"Implementare verifica SMS/Whats…","service":"stargem-manager","timestamp":"2026-05-04 02:38:23"}
{"level":"info","message":"GET /api/team-comments 304 in 306ms :: [{\"id\":20,\"authorId\":\"admin-id\",\"authorN…","service":"stargem-manager","timestamp":"2026-05-04 02:38:23"}
{"level":"info","message":"GET /api/users/presence/active 304 in 527ms :: [{\"id\":\"admin-id\",\"username\":\"ad…","service":"stargem-manager","timestamp":"2026-05-04 02:38:30"}
{"level":"info","message":"GET /api/todos 304 in 308ms :: [{\"id\":1,\"text\":\"Implementare verifica SMS/Whats…","service":"stargem-manager","timestamp":"2026-05-04 02:38:34"}
{"level":"info","message":"GET /api/team-comments 304 in 308ms :: [{\"id\":20,\"authorId\":\"admin-id\",\"authorN…","service":"stargem-manager","timestamp":"2026-05-04 02:38:34"}
{"level":"info","message":"GET /api/todos 304 in 299ms :: [{\"id\":1,\"text\":\"Implementare verifica SMS/Whats…","service":"stargem-manager","timestamp":"2026-05-04 02:38:44"}
{"level":"info","message":"GET /api/team-comments 304 in 304ms :: [{\"id\":20,\"authorId\":\"admin-id\",\"authorN…","service":"stargem-manager","timestamp":"2026-05-04 02:38:44"}
{"level":"info","message":"GET /api/users/presence/active 304 in 533ms :: [{\"id\":\"admin-id\",\"username\":\"ad…","service":"stargem-manager","timestamp":"2026-05-04 02:38:46"}
{"level":"info","message":"GET /api/todos 304 in 302ms :: [{\"id\":1,\"text\":\"Implementare verifica SMS/Whats…","service":"stargem-manager","timestamp":"2026-05-04 02:38:54"}
{"level":"info","message":"GET /api/team-comments 304 in 303ms :: [{\"id\":20,\"authorId\":\"admin-id\",\"authorN…","service":"stargem-manager","timestamp":"2026-05-04 02:38:54"}
{"level":"info","message":"GET /api/users/presence/active 304 in 572ms :: [{\"id\":\"admin-id\",\"username\":\"ad…","service":"stargem-manager","timestamp":"2026-05-04 02:39:01"}
{"level":"info","message":"GET /api/todos 304 in 303ms :: [{\"id\":1,\"text\":\"Implementare verifica SMS/Whats…","service":"stargem-manager","timestamp":"2026-05-04 02:39:05"}
{"level":"info","message":"GET /api/team-comments 304 in 307ms :: [{\"id\":20,\"authorId\":\"admin-id\",\"authorN…","service":"stargem-manager","timestamp":"2026-05-04 02:39:05"}
{"level":"info","message":"GET /api/gemteam/permessi/pending-count 304 in 239ms :: {\"count\":0}","service":"stargem-manager","timestamp":"2026-05-04 02:39:08"}
{"level":"info","message":"GET /api/todos 304 in 299ms :: [{\"id\":1,\"text\":\"Implementare verifica SMS/Whats…","service":"stargem-manager","timestamp":"2026-05-04 02:39:15"}
{"level":"info","message":"GET /api/team-comments 304 in 299ms :: [{\"id\":20,\"authorId\":\"admin-id\",\"authorN…","service":"stargem-manager","timestamp":"2026-05-04 02:39:15"}
{"level":"info","message":"GET /api/users/presence/active 200 in 517ms :: [{\"id\":\"admin-id\",\"username\":\"ad…","service":"stargem-manager","timestamp":"2026-05-04 02:39:17"}
{"level":"info","message":"GET /api/todos 304 in 304ms :: [{\"id\":1,\"text\":\"Implementare verifica SMS/Whats…","service":"stargem-manager","timestamp":"2026-05-04 02:39:25"}
{"level":"info","message":"GET /api/team-comments 304 in 304ms :: [{\"id\":20,\"authorId\":\"admin-id\",\"authorN…","service":"stargem-manager","timestamp":"2026-05-04 02:39:25"}
{"level":"info","message":"GET /api/users/presence/active 304 in 570ms :: [{\"id\":\"admin-id\",\"username\":\"ad…","service":"stargem-manager","timestamp":"2026-05-04 02:39:32"}
{"level":"info","message":"GET /api/todos 304 in 308ms :: [{\"id\":1,\"text\":\"Implementare verifica SMS/Whats…","service":"stargem-manager","timestamp":"2026-05-04 02:39:36"}
{"level":"info","message":"GET /api/team-comments 304 in 303ms :: [{\"id\":20,\"authorId\":\"admin-id\",\"authorN…","service":"stargem-manager","timestamp":"2026-05-04 02:39:36"}
{"level":"info","message":"GET /api/todos 304 in 313ms :: [{\"id\":1,\"text\":\"Implementare verifica SMS/Whats…","service":"stargem-manager","timestamp":"2026-05-04 02:39:46"}
{"level":"info","message":"GET /api/team-comments 304 in 316ms :: [{\"id\":20,\"authorId\":\"admin-id\",\"authorN…","service":"stargem-manager","timestamp":"2026-05-04 02:39:46"}
{"level":"info","message":"GET /api/users/presence/active 304 in 531ms :: [{\"id\":\"admin-id\",\"username\":\"ad…","service":"stargem-manager","timestamp":"2026-05-04 02:39:48"}
{"level":"info","message":"GET /api/todos 304 in 301ms :: [{\"id\":1,\"text\":\"Implementare verifica SMS/Whats…","service":"stargem-manager","timestamp":"2026-05-04 02:39:56"}
{"level":"info","message":"GET /api/team-comments 304 in 304ms :: [{\"id\":20,\"authorId\":\"admin-id\",\"authorN…","service":"stargem-manager","timestamp":"2026-05-04 02:39:56"}
{"level":"info","message":"GET /api/users/presence/active 304 in 531ms :: [{\"id\":\"admin-id\",\"username\":\"ad…","service":"stargem-manager","timestamp":"2026-05-04 02:40:03"}
{"level":"info","message":"GET /api/todos 304 in 305ms :: [{\"id\":1,\"text\":\"Implementare verifica SMS/Whats…","service":"stargem-manager","timestamp":"2026-05-04 02:40:07"}
{"level":"info","message":"GET /api/team-comments 304 in 302ms :: [{\"id\":20,\"authorId\":\"admin-id\",\"authorN…","service":"stargem-manager","timestamp":"2026-05-04 02:40:07"}
{"level":"info","message":"GET /api/gemteam/permessi/pending-count 304 in 236ms :: {\"count\":0}","service":"stargem-manager","timestamp":"2026-05-04 02:40:09"}
{"level":"info","message":"GET /api/todos 304 in 302ms :: [{\"id\":1,\"text\":\"Implementare verifica SMS/Whats…","service":"stargem-manager","timestamp":"2026-05-04 02:40:17"}
{"level":"info","message":"GET /api/team-comments 304 in 309ms :: [{\"id\":20,\"authorId\":\"admin-id\",\"authorN…","service":"stargem-manager","timestamp":"2026-05-04 02:40:17"}
{"level":"info","message":"GET /api/users/presence/active 200 in 590ms :: [{\"id\":\"admin-id\",\"username\":\"ad…","service":"stargem-manager","timestamp":"2026-05-04 02:40:19"}
{"level":"info","message":"GET /api/todos 304 in 299ms :: [{\"id\":1,\"text\":\"Implementare verifica SMS/Whats…","service":"stargem-manager","timestamp":"2026-05-04 02:40:27"}
{"level":"info","message":"GET /api/team-comments 304 in 300ms :: [{\"id\":20,\"authorId\":\"admin-id\",\"authorN…","service":"stargem-manager","timestamp":"2026-05-04 02:40:27"}
{"level":"info","message":"GET /api/users/presence/active 304 in 552ms :: [{\"id\":\"admin-id\",\"username\":\"ad…","service":"stargem-manager","timestamp":"2026-05-04 02:40:35"}
{"level":"info","message":"GET /api/todos 304 in 303ms :: [{\"id\":1,\"text\":\"Implementare verifica SMS/Whats…","service":"stargem-manager","timestamp":"2026-05-04 02:40:37"}
{"level":"info","message":"GET /api/team-comments 304 in 304ms :: [{\"id\":20,\"authorId\":\"admin-id\",\"authorN…","service":"stargem-manager","timestamp":"2026-05-04 02:40:37"}
{"level":"info","message":"GET /api/todos 304 in 299ms :: [{\"id\":1,\"text\":\"Implementare verifica SMS/Whats…","service":"stargem-manager","timestamp":"2026-05-04 02:40:48"}
{"level":"info","message":"GET /api/team-comments 304 in 300ms :: [{\"id\":20,\"authorId\":\"admin-id\",\"authorN…","service":"stargem-manager","timestamp":"2026-05-04 02:40:48"}
{"level":"info","message":"GET /api/users/presence/active 304 in 548ms :: [{\"id\":\"admin-id\",\"username\":\"ad…","service":"stargem-manager","timestamp":"2026-05-04 02:40:50"}
{"level":"info","message":"GET /api/todos 304 in 305ms :: [{\"id\":1,\"text\":\"Implementare verifica SMS/Whats…","service":"stargem-manager","timestamp":"2026-05-04 02:40:58"}
{"level":"info","message":"GET /api/team-comments 304 in 310ms :: [{\"id\":20,\"authorId\":\"admin-id\",\"authorN…","service":"stargem-manager","timestamp":"2026-05-04 02:40:58"}
{"level":"info","message":"GET /api/users/presence/active 200 in 576ms :: [{\"id\":\"admin-id\",\"username\":\"ad…","service":"stargem-manager","timestamp":"2026-05-04 02:41:06"}
{"level":"info","message":"GET /api/todos 304 in 311ms :: [{\"id\":1,\"text\":\"Implementare verifica SMS/Whats…","service":"stargem-manager","timestamp":"2026-05-04 02:41:08"}
{"level":"info","message":"GET /api/team-comments 304 in 312ms :: [{\"id\":20,\"authorId\":\"admin-id\",\"authorN…","service":"stargem-manager","timestamp":"2026-05-04 02:41:08"}
{"level":"info","message":"GET /api/gemteam/permessi/pending-count 304 in 155ms :: {\"count\":0}","service":"stargem-manager","timestamp":"2026-05-04 02:41:09"}
{"level":"info","message":"GET /api/users/presence/active 200 in 599ms :: [{\"id\":\"admin-id\",\"username\":\"ad…","service":"stargem-manager","timestamp":"2026-05-04 02:42:06"}
{"level":"info","message":"GET /api/todos 304 in 305ms :: [{\"id\":1,\"text\":\"Implementare verifica SMS/Whats…","service":"stargem-manager","timestamp":"2026-05-04 02:42:09"}
{"level":"info","message":"GET /api/team-comments 304 in 308ms :: [{\"id\":20,\"authorId\":\"admin-id\",\"authorN…","service":"stargem-manager","timestamp":"2026-05-04 02:42:09"}
{"level":"info","message":"GET /api/gemteam/permessi/pending-count 304 in 156ms :: {\"count\":0}","service":"stargem-manager","timestamp":"2026-05-04 02:42:09"}
{"level":"info","message":"GET /api/todos 304 in 304ms :: [{\"id\":1,\"text\":\"Implementare verifica SMS/Whats…","service":"stargem-manager","timestamp":"2026-05-04 02:42:19"}
{"level":"info","message":"GET /api/team-comments 304 in 304ms :: [{\"id\":20,\"authorId\":\"admin-id\",\"authorN…","service":"stargem-manager","timestamp":"2026-05-04 02:42:19"}
{"level":"info","message":"GET /api/users/presence/active 304 in 568ms :: [{\"id\":\"admin-id\",\"username\":\"ad…","service":"stargem-manager","timestamp":"2026-05-04 02:42:22"}
{"level":"info","message":"GET /api/todos 304 in 306ms :: [{\"id\":1,\"text\":\"Implementare verifica SMS/Whats…","service":"stargem-manager","timestamp":"2026-05-04 02:42:29"}
{"level":"info","message":"GET /api/team-comments 304 in 309ms :: [{\"id\":20,\"authorId\":\"admin-id\",\"authorN…","service":"stargem-manager","timestamp":"2026-05-04 02:42:29"}
{"level":"info","message":"GET /api/users/presence/active 304 in 585ms :: [{\"id\":\"admin-id\",\"username\":\"ad…","service":"stargem-manager","timestamp":"2026-05-04 02:42:37"}
{"level":"info","message":"GET /api/todos 304 in 301ms :: [{\"id\":1,\"text\":\"Implementare verifica SMS/Whats…","service":"stargem-manager","timestamp":"2026-05-04 02:42:40"}
{"level":"info","message":"GET /api/team-comments 304 in 302ms :: [{\"id\":20,\"authorId\":\"admin-id\",\"authorN…","service":"stargem-manager","timestamp":"2026-05-04 02:42:40"}
{"level":"info","message":"GET /api/todos 304 in 298ms :: [{\"id\":1,\"text\":\"Implementare verifica SMS/Whats…","service":"stargem-manager","timestamp":"2026-05-04 02:42:50"}
{"level":"info","message":"GET /api/team-comments 304 in 300ms :: [{\"id\":20,\"authorId\":\"admin-id\",\"authorN…","service":"stargem-manager","timestamp":"2026-05-04 02:42:50"}
{"level":"info","message":"GET /api/users/presence/active 304 in 554ms :: [{\"id\":\"admin-id\",\"username\":\"ad…","service":"stargem-manager","timestamp":"2026-05-04 02:42:53"}
{"level":"info","message":"GET /api/user 200 in 130ms :: {\"id\":\"admin-id\",\"username\":\"admin\",\"password\":\"d…","service":"stargem-manager","timestamp":"2026-05-04 02:42:58"}
{"level":"info","message":"GET /api/activities-summary 304 in 224ms :: {\"corsi\":{\"total\":289,\"active\":289}…","service":"stargem-manager","timestamp":"2026-05-04 02:42:59"}
{"level":"info","message":"POST /api/users/presence/heartbeat 200 in 446ms :: {\"success\":true}","service":"stargem-manager","timestamp":"2026-05-04 02:42:59"}
{"level":"info","message":"GET /api/latest-activity 304 in 299ms :: {\"id\":2618,\"userId\":\"admin-id\",\"action…","service":"stargem-manager","timestamp":"2026-05-04 02:42:59"}
{"level":"info","message":"GET /api/todos 304 in 301ms :: [{\"id\":1,\"text\":\"Implementare verifica SMS/Whats…","service":"stargem-manager","timestamp":"2026-05-04 02:42:59"}
{"level":"info","message":"GET /api/users/presence/active 200 in 493ms :: [{\"id\":\"admin-id\",\"username\":\"ad…","service":"stargem-manager","timestamp":"2026-05-04 02:42:59"}
{"level":"info","message":"GET /api/gemteam/permessi/pending-count 304 in 350ms :: {\"count\":0}","service":"stargem-manager","timestamp":"2026-05-04 02:42:59"}
{"level":"info","message":"GET /api/team-comments 304 in 359ms :: [{\"id\":20,\"authorId\":\"admin-id\",\"authorN…","service":"stargem-manager","timestamp":"2026-05-04 02:42:59"}
{"level":"info","message":"GET /api/team-notes 304 in 197ms :: []","service":"stargem-manager","timestamp":"2026-05-04 02:42:59"}
{"level":"info","message":"GET /api/instructors 304 in 176ms :: [{\"id\":2336,\"userId\":null,\"firstName\":\"ANT…","service":"stargem-manager","timestamp":"2026-05-04 02:43:00"}
{"level":"info","message":"GET /api/studios 304 in 177ms :: [{\"id\":10,\"name\":\"STUDIO 01 (80mq)\",\"floor\":\"\"…","service":"stargem-manager","timestamp":"2026-05-04 02:43:00"}
{"level":"info","message":"GET /api/config/center-hours 304 in 178ms :: {\"start\":\"07:00\",\"end\":\"23:30\",\"da…","service":"stargem-manager","timestamp":"2026-05-04 02:43:00"}
{"level":"info","message":"GET /api/courses 304 in 202ms :: [{\"id\":813,\"sku\":\"2526CAMPUSDANZAS2\",\"name\":\"C…","service":"stargem-manager","timestamp":"2026-05-04 02:43:00"}
{"level":"info","message":"GET /api/custom-lists/categorie 304 in 225ms :: {\"id\":23,\"name\":\"Categorie\",\"sy…","service":"stargem-manager","timestamp":"2026-05-04 02:43:00"}
{"level":"info","message":"GET /api/custom-lists/genere 304 in 228ms :: {\"id\":21,\"name\":\"Generi Workshop\",…","service":"stargem-manager","timestamp":"2026-05-04 02:43:00"}
{"level":"info","message":"GET /api/payment-methods 500 in 198ms :: {\"message\":\"Failed to fetch payment me…","service":"stargem-manager","timestamp":"2026-05-04 02:43:00"}
{"level":"info","message":"GET /api/quotes 304 in 198ms :: [{\"id\":34,\"name\":\"1 OPEN BALLO\",\"amount\":\"1300.…","service":"stargem-manager","timestamp":"2026-05-04 02:43:00"}
{"level":"info","message":"GET /api/workshops 200 in 149ms","service":"stargem-manager","timestamp":"2026-05-04 02:43:00"}
{"level":"info","message":"GET /api/booking-services 304 in 177ms :: [{\"id\":8,\"name\":\"Lezione Zaccaria\",\"d…","service":"stargem-manager","timestamp":"2026-05-04 02:43:00"}
{"level":"info","message":"GET /api/studio-bookings 304 in 208ms :: []","service":"stargem-manager","timestamp":"2026-05-04 02:43:00"}
{"level":"info","message":"GET /api/enrollments 304 in 359ms :: [{\"id\":256,\"memberId\":14240,\"courseId\":385…","service":"stargem-manager","timestamp":"2026-05-04 02:43:00"}
{"level":"info","message":"GET /api/workshop-attendances 200 in 183ms","service":"stargem-manager","timestamp":"2026-05-04 02:43:00"}
{"level":"info","message":"GET /api/seasons 304 in 205ms :: [{\"id\":2,\"name\":\"2026/2027\",\"description\":null…","service":"stargem-manager","timestamp":"2026-05-04 02:43:00"}
{"level":"info","message":"GET /api/custom-lists/stato_corso 304 in 208ms :: {\"id\":34,\"name\":\"Stato Corso\"…","service":"stargem-manager","timestamp":"2026-05-04 02:43:00"}
{"level":"info","message":"GET /api/members 304 in 284ms :: {\"members\":[{\"id\":15616,\"firstName\":\"LIA\",\"las…","service":"stargem-manager","timestamp":"2026-05-04 02:43:00"}
{"level":"info","message":"GET /api/custom-lists/tag_interni 304 in 300ms :: {\"id\":35,\"name\":\"Interno Cors…","service":"stargem-manager","timestamp":"2026-05-04 02:43:00"}
{"level":"info","message":"GET /api/strategic-events 304 in 233ms :: [{\"id\":48,\"title\":\"Ferragosto\",\"descr…","service":"stargem-manager","timestamp":"2026-05-04 02:43:00"}
{"level":"info","message":"GET /api/custom-lists/livello 304 in 171ms :: {\"id\":5,\"name\":\"Livello\",\"systemN…","service":"stargem-manager","timestamp":"2026-05-04 02:43:01"}
{"level":"info","message":"GET /api/custom-lists/posti_disponibili 304 in 224ms :: {\"id\":14,\"name\":\"Posti …","service":"stargem-manager","timestamp":"2026-05-04 02:43:01"}
{"level":"info","message":"GET /api/custom-lists/fascia_eta 304 in 224ms :: {\"id\":6,\"name\":\"Fascia età\",\"s…","service":"stargem-manager","timestamp":"2026-05-04 02:43:01"}
{"level":"info","message":"GET /api/custom-lists/nomi_corsi 304 in 226ms :: {\"id\":15,\"name\":\"Generi Corsi\"…","service":"stargem-manager","timestamp":"2026-05-04 02:43:01"}
{"level":"info","message":"GET /api/courses 304 in 227ms :: [{\"id\":517,\"sku\":\"2526STANISCIMAR13\",\"name\":\"P…","service":"stargem-manager","timestamp":"2026-05-04 02:43:01"}
{"level":"info","message":"GET /api/custom-lists/numero_persone 304 in 246ms :: {\"id\":25,\"name\":\"Numero Pe…","service":"stargem-manager","timestamp":"2026-05-04 02:43:01"}
{"level":"info","message":"GET /api/activity-statuses 304 in 182ms :: [{\"id\":5,\"name\":\"APERTO\",\"color\":\"#2…","service":"stargem-manager","timestamp":"2026-05-04 02:43:01"}
{"level":"info","message":"GET /api/custom-lists/pacchetti_prenotazioni 304 in 195ms :: {\"items\":[]}","service":"stargem-manager","timestamp":"2026-05-04 02:43:01"}
{"level":"info","message":"GET /api/strategic-events/closed-days 304 in 238ms :: {\"closedDays\":[\"2026-11-0…","service":"stargem-manager","timestamp":"2026-05-04 02:43:01"}
{"level":"info","message":"GET /api/custom-lists/campus 304 in 243ms :: {\"id\":22,\"name\":\"Campus\",\"systemNa…","service":"stargem-manager","timestamp":"2026-05-04 02:43:01"}
{"level":"info","message":"GET /api/courses 304 in 261ms :: [{\"id\":849,\"sku\":\"2627ALMEIDALUN19\",\"name\":\"Fu…","service":"stargem-manager","timestamp":"2026-05-04 02:43:01"}
{"level":"info","message":"GET /api/courses 304 in 214ms :: [{\"id\":849,\"sku\":\"2627ALMEIDALUN19\",\"name\":\"Fu…","service":"stargem-manager","timestamp":"2026-05-04 02:43:01"}
{"level":"info","message":"GET /api/todos 304 in 290ms :: [{\"id\":1,\"text\":\"Implementare verifica SMS/Whats…","service":"stargem-manager","timestamp":"2026-05-04 02:43:09"}
{"level":"info","message":"GET /api/team-comments 304 in 206ms :: [{\"id\":20,\"authorId\":\"admin-id\",\"authorN…","service":"stargem-manager","timestamp":"2026-05-04 02:43:09"}
{"level":"info","message":"GET /api/user 200 in 153ms :: {\"id\":\"admin-id\",\"username\":\"admin\",\"password\":\"d…","service":"stargem-manager","timestamp":"2026-05-04 02:43:14"}
{"level":"info","message":"GET /api/latest-activity 304 in 169ms :: {\"id\":2618,\"userId\":\"admin-id\",\"action…","service":"stargem-manager","timestamp":"2026-05-04 02:43:14"}
{"level":"info","message":"GET /api/activities-summary 304 in 225ms :: {\"corsi\":{\"total\":289,\"active\":289}…","service":"stargem-manager","timestamp":"2026-05-04 02:43:14"}
{"level":"info","message":"GET /api/gemteam/permessi/pending-count 304 in 225ms :: {\"count\":0}","service":"stargem-manager","timestamp":"2026-05-04 02:43:14"}
{"level":"info","message":"GET /api/users/presence/active 200 in 531ms :: [{\"id\":\"admin-id\",\"username\":\"ad…","service":"stargem-manager","timestamp":"2026-05-04 02:43:15"}
{"level":"info","message":"GET /api/todos 304 in 382ms :: [{\"id\":1,\"text\":\"Implementare verifica SMS/Whats…","service":"stargem-manager","timestamp":"2026-05-04 02:43:15"}
{"level":"info","message":"GET /api/team-notes 304 in 403ms :: []","service":"stargem-manager","timestamp":"2026-05-04 02:43:15"}
{"level":"info","message":"GET /api/team-comments 304 in 413ms :: [{\"id\":20,\"authorId\":\"admin-id\",\"authorN…","service":"stargem-manager","timestamp":"2026-05-04 02:43:15"}
{"level":"info","message":"POST /api/users/presence/heartbeat 200 in 525ms :: {\"success\":true}","service":"stargem-manager","timestamp":"2026-05-04 02:43:15"}
{"level":"info","message":"GET /api/custom-lists/genere 304 in 176ms :: {\"id\":21,\"name\":\"Generi Workshop\",…","service":"stargem-manager","timestamp":"2026-05-04 02:43:16"}
{"level":"info","message":"GET /api/studios 304 in 176ms :: [{\"id\":10,\"name\":\"STUDIO 01 (80mq)\",\"floor\":\"\"…","service":"stargem-manager","timestamp":"2026-05-04 02:43:16"}
{"level":"info","message":"GET /api/instructors 304 in 175ms :: [{\"id\":2336,\"userId\":null,\"firstName\":\"ANT…","service":"stargem-manager","timestamp":"2026-05-04 02:43:16"}
{"level":"info","message":"GET /api/config/center-hours 304 in 179ms :: {\"start\":\"07:00\",\"end\":\"23:30\",\"da…","service":"stargem-manager","timestamp":"2026-05-04 02:43:16"}
{"level":"info","message":"GET /api/courses 304 in 200ms :: [{\"id\":813,\"sku\":\"2526CAMPUSDANZAS2\",\"name\":\"C…","service":"stargem-manager","timestamp":"2026-05-04 02:43:16"}
{"level":"info","message":"GET /api/custom-lists/categorie 304 in 209ms :: {\"id\":23,\"name\":\"Categorie\",\"sy…","service":"stargem-manager","timestamp":"2026-05-04 02:43:16"}
{"level":"info","message":"GET /api/workshops 200 in 126ms","service":"stargem-manager","timestamp":"2026-05-04 02:43:16"}
{"level":"info","message":"GET /api/workshop-attendances 200 in 148ms","service":"stargem-manager","timestamp":"2026-05-04 02:43:16"}
{"level":"info","message":"GET /api/payment-methods 500 in 181ms :: {\"message\":\"Failed to fetch payment me…","service":"stargem-manager","timestamp":"2026-05-04 02:43:16"}
{"level":"info","message":"GET /api/quotes 304 in 172ms :: [{\"id\":34,\"name\":\"1 OPEN BALLO\",\"amount\":\"1300.…","service":"stargem-manager","timestamp":"2026-05-04 02:43:16"}
{"level":"info","message":"GET /api/studio-bookings 304 in 186ms :: []","service":"stargem-manager","timestamp":"2026-05-04 02:43:16"}
{"level":"info","message":"GET /api/booking-services 304 in 192ms :: [{\"id\":8,\"name\":\"Lezione Zaccaria\",\"d…","service":"stargem-manager","timestamp":"2026-05-04 02:43:16"}
{"level":"info","message":"GET /api/enrollments 304 in 347ms :: [{\"id\":256,\"memberId\":14240,\"courseId\":385…","service":"stargem-manager","timestamp":"2026-05-04 02:43:16"}
{"level":"info","message":"GET /api/custom-lists/stato_corso 304 in 214ms :: {\"id\":34,\"name\":\"Stato Corso\"…","service":"stargem-manager","timestamp":"2026-05-04 02:43:16"}
{"level":"info","message":"GET /api/seasons 304 in 184ms :: [{\"id\":2,\"name\":\"2026/2027\",\"description\":null…","service":"stargem-manager","timestamp":"2026-05-04 02:43:16"}
{"level":"info","message":"GET /api/custom-lists/tag_interni 304 in 234ms :: {\"id\":35,\"name\":\"Interno Cors…","service":"stargem-manager","timestamp":"2026-05-04 02:43:16"}
{"level":"info","message":"GET /api/strategic-events 304 in 241ms :: [{\"id\":48,\"title\":\"Ferragosto\",\"descr…","service":"stargem-manager","timestamp":"2026-05-04 02:43:16"}
{"level":"info","message":"GET /api/members 304 in 256ms :: {\"members\":[{\"id\":15616,\"firstName\":\"LIA\",\"las…","service":"stargem-manager","timestamp":"2026-05-04 02:43:16"}
{"level":"info","message":"GET /api/custom-lists/nomi_corsi 304 in 164ms :: {\"id\":15,\"name\":\"Generi Corsi\"…","service":"stargem-manager","timestamp":"2026-05-04 02:43:16"}
{"level":"info","message":"GET /api/custom-lists/livello 304 in 183ms :: {\"id\":5,\"name\":\"Livello\",\"systemN…","service":"stargem-manager","timestamp":"2026-05-04 02:43:16"}
{"level":"info","message":"GET /api/custom-lists/posti_disponibili 304 in 224ms :: {\"id\":14,\"name\":\"Posti …","service":"stargem-manager","timestamp":"2026-05-04 02:43:16"}
{"level":"info","message":"GET /api/courses 304 in 226ms :: [{\"id\":517,\"sku\":\"2526STANISCIMAR13\",\"name\":\"P…","service":"stargem-manager","timestamp":"2026-05-04 02:43:16"}
{"level":"info","message":"GET /api/custom-lists/fascia_eta 304 in 228ms :: {\"id\":6,\"name\":\"Fascia età\",\"s…","service":"stargem-manager","timestamp":"2026-05-04 02:43:16"}
{"level":"info","message":"GET /api/custom-lists/numero_persone 304 in 203ms :: {\"id\":25,\"name\":\"Numero Pe…","service":"stargem-manager","timestamp":"2026-05-04 02:43:16"}
{"level":"info","message":"GET /api/activity-statuses 304 in 196ms :: [{\"id\":5,\"name\":\"APERTO\",\"color\":\"#2…","service":"stargem-manager","timestamp":"2026-05-04 02:43:16"}
{"level":"info","message":"GET /api/custom-lists/campus 304 in 246ms :: {\"id\":22,\"name\":\"Campus\",\"systemNa…","service":"stargem-manager","timestamp":"2026-05-04 02:43:16"}
{"level":"info","message":"GET /api/custom-lists/pacchetti_prenotazioni 304 in 227ms :: {\"items\":[]}","service":"stargem-manager","timestamp":"2026-05-04 02:43:16"}
{"level":"info","message":"GET /api/courses 304 in 252ms :: [{\"id\":849,\"sku\":\"2627ALMEIDALUN19\",\"name\":\"Fu…","service":"stargem-manager","timestamp":"2026-05-04 02:43:17"}
{"level":"info","message":"GET /api/strategic-events/closed-days 304 in 275ms :: {\"closedDays\":[\"2026-11-0…","service":"stargem-manager","timestamp":"2026-05-04 02:43:17"}
{"level":"info","message":"GET /api/courses 304 in 233ms :: [{\"id\":849,\"sku\":\"2627ALMEIDALUN19\",\"name\":\"Fu…","service":"stargem-manager","timestamp":"2026-05-04 02:43:17"}
{"level":"info","message":"GET /api/todos 304 in 297ms :: [{\"id\":1,\"text\":\"Implementare verifica SMS/Whats…","service":"stargem-manager","timestamp":"2026-05-04 02:43:25"}
{"level":"info","message":"GET /api/team-comments 304 in 265ms :: [{\"id\":20,\"authorId\":\"admin-id\",\"authorN…","service":"stargem-manager","timestamp":"2026-05-04 02:43:25"}
{"level":"info","message":"GET /api/users/presence/active 200 in 533ms :: [{\"id\":\"admin-id\",\"username\":\"ad…","service":"stargem-manager","timestamp":"2026-05-04 02:43:30"}
{"level":"info","message":"GET /api/todos 304 in 280ms :: [{\"id\":1,\"text\":\"Implementare verifica SMS/Whats…","service":"stargem-manager","timestamp":"2026-05-04 02:43:35"}
{"level":"info","message":"GET /api/team-comments 304 in 282ms :: [{\"id\":20,\"authorId\":\"admin-id\",\"authorN…","service":"stargem-manager","timestamp":"2026-05-04 02:43:35"}
{"level":"info","message":"GET /api/todos 304 in 239ms :: [{\"id\":1,\"text\":\"Implementare verifica SMS/Whats…","service":"stargem-manager","timestamp":"2026-05-04 02:43:46"}
{"level":"info","message":"GET /api/team-comments 304 in 195ms :: [{\"id\":20,\"authorId\":\"admin-id\",\"authorN…","service":"stargem-manager","timestamp":"2026-05-04 02:43:46"}
{"level":"info","message":"GET /api/users/presence/active 200 in 547ms :: [{\"id\":\"admin-id\",\"username\":\"ad…","service":"stargem-manager","timestamp":"2026-05-04 02:43:46"}
{"level":"info","message":"GET /api/todos 304 in 305ms :: [{\"id\":1,\"text\":\"Implementare verifica SMS/Whats…","service":"stargem-manager","timestamp":"2026-05-04 02:43:56"}
{"level":"info","message":"GET /api/team-comments 304 in 329ms :: [{\"id\":20,\"authorId\":\"admin-id\",\"authorN…","service":"stargem-manager","timestamp":"2026-05-04 02:43:56"}
{"level":"info","message":"POST /api/users/presence/heartbeat 200 in 349ms :: {\"success\":true}","service":"stargem-manager","timestamp":"2026-05-04 02:43:58"}
{"level":"info","message":"GET /api/todos 304 in 305ms :: [{\"id\":1,\"text\":\"Implementare verifica SMS/Whats…","service":"stargem-manager","timestamp":"2026-05-04 02:45:42"}
{"level":"info","message":"GET /api/team-comments 304 in 327ms :: [{\"id\":20,\"authorId\":\"admin-id\",\"authorN…","service":"stargem-manager","timestamp":"2026-05-04 02:45:42"}
{"level":"info","message":"POST /api/users/presence/heartbeat 200 in 262ms :: {\"success\":true}","service":"stargem-manager","timestamp":"2026-05-04 02:45:42"}
{"level":"info","message":"GET /api/users/presence/active 200 in 529ms :: [{\"id\":\"admin-id\",\"username\":\"ad…","service":"stargem-manager","timestamp":"2026-05-04 02:45:46"}
{"level":"info","message":"GET /api/todos 304 in 340ms :: [{\"id\":1,\"text\":\"Implementare verifica SMS/Whats…","service":"stargem-manager","timestamp":"2026-05-04 02:45:52"}
{"level":"info","message":"GET /api/team-comments 304 in 341ms :: [{\"id\":20,\"authorId\":\"admin-id\",\"authorN…","service":"stargem-manager","timestamp":"2026-05-04 02:45:52"}
{"level":"info","message":"GET /api/users/presence/active 304 in 584ms :: [{\"id\":\"admin-id\",\"username\":\"ad…","service":"stargem-manager","timestamp":"2026-05-04 02:46:02"}
{"level":"info","message":"GET /api/todos 304 in 223ms :: [{\"id\":1,\"text\":\"Implementare verifica SMS/Whats…","service":"stargem-manager","timestamp":"2026-05-04 02:46:02"}
{"level":"info","message":"GET /api/team-comments 304 in 224ms :: [{\"id\":20,\"authorId\":\"admin-id\",\"authorN…","service":"stargem-manager","timestamp":"2026-05-04 02:46:02"}
{"level":"info","message":"GET /api/todos 304 in 305ms :: [{\"id\":1,\"text\":\"Implementare verifica SMS/Whats…","service":"stargem-manager","timestamp":"2026-05-04 02:46:13"}
{"level":"info","message":"GET /api/team-comments 304 in 308ms :: [{\"id\":20,\"authorId\":\"admin-id\",\"authorN…","service":"stargem-manager","timestamp":"2026-05-04 02:46:13"}
{"level":"info","message":"GET /api/gemteam/permessi/pending-count 304 in 234ms :: {\"count\":0}","service":"stargem-manager","timestamp":"2026-05-04 02:46:15"}
{"level":"info","message":"GET /api/users/presence/active 304 in 691ms :: [{\"id\":\"admin-id\",\"username\":\"ad…","service":"stargem-manager","timestamp":"2026-05-04 02:46:18"}
{"level":"info","message":"GET /api/todos 304 in 302ms :: [{\"id\":1,\"text\":\"Implementare verifica SMS/Whats…","service":"stargem-manager","timestamp":"2026-05-04 02:46:23"}
{"level":"info","message":"GET /api/team-comments 304 in 304ms :: [{\"id\":20,\"authorId\":\"admin-id\",\"authorN…","service":"stargem-manager","timestamp":"2026-05-04 02:46:23"}
{"level":"info","message":"GET /api/users/presence/active 304 in 530ms :: [{\"id\":\"admin-id\",\"username\":\"ad…","service":"stargem-manager","timestamp":"2026-05-04 02:46:33"}
{"level":"info","message":"GET /api/team-comments 304 in 220ms :: [{\"id\":20,\"authorId\":\"admin-id\",\"authorN…","service":"stargem-manager","timestamp":"2026-05-04 02:46:33"}
{"level":"info","message":"GET /api/todos 304 in 244ms :: [{\"id\":1,\"text\":\"Implementare verifica SMS/Whats…","service":"stargem-manager","timestamp":"2026-05-04 02:46:33"}
{"level":"info","message":"GET /api/team-comments 304 in 305ms :: [{\"id\":20,\"authorId\":\"admin-id\",\"authorN…","service":"stargem-manager","timestamp":"2026-05-04 02:46:44"}
{"level":"info","message":"GET /api/todos 304 in 306ms :: [{\"id\":1,\"text\":\"Implementare verifica SMS/Whats…","service":"stargem-manager","timestamp":"2026-05-04 02:46:44"}
{"level":"info","message":"GET /api/users/presence/active 200 in 546ms :: [{\"id\":\"admin-id\",\"username\":\"ad…","service":"stargem-manager","timestamp":"2026-05-04 02:46:49"}
{"level":"info","message":"GET /api/team-comments 304 in 300ms :: [{\"id\":20,\"authorId\":\"admin-id\",\"authorN…","service":"stargem-manager","timestamp":"2026-05-04 02:46:54"}
{"level":"info","message":"GET /api/todos 304 in 303ms :: [{\"id\":1,\"text\":\"Implementare verifica SMS/Whats…","service":"stargem-manager","timestamp":"2026-05-04 02:46:54"}
{"level":"info","message":"GET /api/users/presence/active 304 in 551ms :: [{\"id\":\"admin-id\",\"username\":\"ad…","service":"stargem-manager","timestamp":"2026-05-04 02:47:04"}
{"level":"info","message":"GET /api/todos 304 in 351ms :: [{\"id\":1,\"text\":\"Implementare verifica SMS/Whats…","service":"stargem-manager","timestamp":"2026-05-04 02:47:04"}
{"level":"info","message":"GET /api/team-comments 304 in 401ms :: [{\"id\":20,\"authorId\":\"admin-id\",\"authorN…","service":"stargem-manager","timestamp":"2026-05-04 02:47:04"}
{"level":"info","message":"GET /api/todos 304 in 302ms :: [{\"id\":1,\"text\":\"Implementare verifica SMS/Whats…","service":"stargem-manager","timestamp":"2026-05-04 02:47:15"}
{"level":"info","message":"GET /api/team-comments 304 in 309ms :: [{\"id\":20,\"authorId\":\"admin-id\",\"authorN…","service":"stargem-manager","timestamp":"2026-05-04 02:47:15"}
{"level":"info","message":"GET /api/gemteam/permessi/pending-count 304 in 170ms :: {\"count\":0}","service":"stargem-manager","timestamp":"2026-05-04 02:47:15"}
{"level":"info","message":"GET /api/users/presence/active 304 in 568ms :: [{\"id\":\"admin-id\",\"username\":\"ad…","service":"stargem-manager","timestamp":"2026-05-04 02:47:20"}
{"level":"info","message":"GET /api/todos 304 in 306ms :: [{\"id\":1,\"text\":\"Implementare verifica SMS/Whats…","service":"stargem-manager","timestamp":"2026-05-04 02:47:25"}
{"level":"info","message":"GET /api/team-comments 304 in 307ms :: [{\"id\":20,\"authorId\":\"admin-id\",\"authorN…","service":"stargem-manager","timestamp":"2026-05-04 02:47:25"}
{"level":"info","message":"GET /api/team-comments 304 in 193ms :: [{\"id\":20,\"authorId\":\"admin-id\",\"authorN…","service":"stargem-manager","timestamp":"2026-05-04 02:47:35"}
{"level":"info","message":"GET /api/todos 304 in 241ms :: [{\"id\":1,\"text\":\"Implementare verifica SMS/Whats…","service":"stargem-manager","timestamp":"2026-05-04 02:47:35"}
{"level":"info","message":"GET /api/users/presence/active 304 in 568ms :: [{\"id\":\"admin-id\",\"username\":\"ad…","service":"stargem-manager","timestamp":"2026-05-04 02:47:35"}
{"level":"info","message":"GET /api/team-comments 304 in 304ms :: [{\"id\":20,\"authorId\":\"admin-id\",\"authorN…","service":"stargem-manager","timestamp":"2026-05-04 02:47:46"}
{"level":"info","message":"GET /api/todos 304 in 302ms :: [{\"id\":1,\"text\":\"Implementare verifica SMS/Whats…","service":"stargem-manager","timestamp":"2026-05-04 02:47:46"}
{"level":"info","message":"GET /api/users/presence/active 200 in 572ms :: [{\"id\":\"admin-id\",\"username\":\"ad…","service":"stargem-manager","timestamp":"2026-05-04 02:47:51"}
{"level":"info","message":"GET /api/team-comments 304 in 307ms :: [{\"id\":20,\"authorId\":\"admin-id\",\"authorN…","service":"stargem-manager","timestamp":"2026-05-04 02:47:56"}
{"level":"info","message":"GET /api/todos 304 in 310ms :: [{\"id\":1,\"text\":\"Implementare verifica SMS/Whats…","service":"stargem-manager","timestamp":"2026-05-04 02:47:56"}
{"level":"info","message":"GET /api/team-comments 304 in 303ms :: [{\"id\":20,\"authorId\":\"admin-id\",\"authorN…","service":"stargem-manager","timestamp":"2026-05-04 02:48:06"}
{"level":"info","message":"GET /api/todos 304 in 282ms :: [{\"id\":1,\"text\":\"Implementare verifica SMS/Whats…","service":"stargem-manager","timestamp":"2026-05-04 02:48:06"}
{"level":"info","message":"GET /api/users/presence/active 200 in 480ms :: [{\"id\":\"admin-id\",\"username\":\"ad…","service":"stargem-manager","timestamp":"2026-05-04 02:48:07"}
{"level":"info","message":"GET /api/gemteam/permessi/pending-count 304 in 235ms :: {\"count\":0}","service":"stargem-manager","timestamp":"2026-05-04 02:48:15"}
{"level":"info","message":"GET /api/team-comments 304 in 296ms :: [{\"id\":20,\"authorId\":\"admin-id\",\"authorN…","service":"stargem-manager","timestamp":"2026-05-04 02:48:16"}
{"level":"info","message":"GET /api/todos 304 in 319ms :: [{\"id\":1,\"text\":\"Implementare verifica SMS/Whats…","service":"stargem-manager","timestamp":"2026-05-04 02:48:16"}
{"level":"info","message":"GET /api/users/presence/active 304 in 524ms :: [{\"id\":\"admin-id\",\"username\":\"ad…","service":"stargem-manager","timestamp":"2026-05-04 02:48:22"}
{"level":"info","message":"GET /api/team-comments 304 in 303ms :: [{\"id\":20,\"authorId\":\"admin-id\",\"authorN…","service":"stargem-manager","timestamp":"2026-05-04 02:48:27"}
{"level":"info","message":"GET /api/todos 304 in 304ms :: [{\"id\":1,\"text\":\"Implementare verifica SMS/Whats…","service":"stargem-manager","timestamp":"2026-05-04 02:48:27"}
{"level":"info","message":"GET /api/team-comments 304 in 300ms :: [{\"id\":20,\"authorId\":\"admin-id\",\"authorN…","service":"stargem-manager","timestamp":"2026-05-04 02:48:37"}
{"level":"info","message":"GET /api/todos 304 in 302ms :: [{\"id\":1,\"text\":\"Implementare verifica SMS/Whats…","service":"stargem-manager","timestamp":"2026-05-04 02:48:37"}
{"level":"info","message":"GET /api/users/presence/active 304 in 513ms :: [{\"id\":\"admin-id\",\"username\":\"ad…","service":"stargem-manager","timestamp":"2026-05-04 02:48:38"}
{"level":"info","message":"GET /api/team-comments 304 in 303ms :: [{\"id\":20,\"authorId\":\"admin-id\",\"authorN…","service":"stargem-manager","timestamp":"2026-05-04 02:48:47"}
{"level":"info","message":"GET /api/todos 304 in 306ms :: [{\"id\":1,\"text\":\"Implementare verifica SMS/Whats…","service":"stargem-manager","timestamp":"2026-05-04 02:48:47"}
{"level":"info","message":"GET /api/users/presence/active 304 in 537ms :: [{\"id\":\"admin-id\",\"username\":\"ad…","service":"stargem-manager","timestamp":"2026-05-04 02:48:53"}
{"level":"info","message":"GET /api/team-comments 304 in 310ms :: [{\"id\":20,\"authorId\":\"admin-id\",\"authorN…","service":"stargem-manager","timestamp":"2026-05-04 02:48:58"}
{"level":"info","message":"GET /api/todos 304 in 313ms :: [{\"id\":1,\"text\":\"Implementare verifica SMS/Whats…","service":"stargem-manager","timestamp":"2026-05-04 02:48:58"}
{"level":"info","message":"GET /api/team-comments 304 in 303ms :: [{\"id\":20,\"authorId\":\"admin-id\",\"authorN…","service":"stargem-manager","timestamp":"2026-05-04 02:49:08"}
{"level":"info","message":"GET /api/todos 304 in 304ms :: [{\"id\":1,\"text\":\"Implementare verifica SMS/Whats…","service":"stargem-manager","timestamp":"2026-05-04 02:49:08"}
{"level":"info","message":"GET /api/users/presence/active 200 in 473ms :: [{\"id\":\"admin-id\",\"username\":\"ad…","service":"stargem-manager","timestamp":"2026-05-04 02:49:09"}
{"level":"info","message":"GET /api/gemteam/permessi/pending-count 304 in 233ms :: {\"count\":0}","service":"stargem-manager","timestamp":"2026-05-04 02:49:15"}
{"level":"info","message":"GET /api/team-comments 304 in 299ms :: [{\"id\":20,\"authorId\":\"admin-id\",\"authorN…","service":"stargem-manager","timestamp":"2026-05-04 02:49:18"}
{"level":"info","message":"GET /api/todos 304 in 302ms :: [{\"id\":1,\"text\":\"Implementare verifica SMS/Whats…","service":"stargem-manager","timestamp":"2026-05-04 02:49:18"}
{"level":"info","message":"GET /api/users/presence/active 304 in 687ms :: [{\"id\":\"admin-id\",\"username\":\"ad…","service":"stargem-manager","timestamp":"2026-05-04 02:49:24"}
{"level":"info","message":"GET /api/team-comments 304 in 302ms :: [{\"id\":20,\"authorId\":\"admin-id\",\"authorN…","service":"stargem-manager","timestamp":"2026-05-04 02:49:29"}
{"level":"info","message":"GET /api/todos 304 in 303ms :: [{\"id\":1,\"text\":\"Implementare verifica SMS/Whats…","service":"stargem-manager","timestamp":"2026-05-04 02:49:29"}
{"level":"info","message":"GET /api/team-comments 304 in 301ms :: [{\"id\":20,\"authorId\":\"admin-id\",\"authorN…","service":"stargem-manager","timestamp":"2026-05-04 02:49:39"}
{"level":"info","message":"GET /api/todos 304 in 305ms :: [{\"id\":1,\"text\":\"Implementare verifica SMS/Whats…","service":"stargem-manager","timestamp":"2026-05-04 02:49:39"}
{"level":"info","message":"GET /api/users/presence/active 304 in 437ms :: [{\"id\":\"admin-id\",\"username\":\"ad…","service":"stargem-manager","timestamp":"2026-05-04 02:49:40"}
{"level":"info","message":"GET /api/team-comments 304 in 300ms :: [{\"id\":20,\"authorId\":\"admin-id\",\"authorN…","service":"stargem-manager","timestamp":"2026-05-04 02:49:49"}
{"level":"info","message":"GET /api/todos 304 in 302ms :: [{\"id\":1,\"text\":\"Implementare verifica SMS/Whats…","service":"stargem-manager","timestamp":"2026-05-04 02:49:49"}
{"level":"info","message":"GET /api/users/presence/active 304 in 552ms :: [{\"id\":\"admin-id\",\"username\":\"ad…","service":"stargem-manager","timestamp":"2026-05-04 02:49:55"}
{"level":"info","message":"GET /api/team-comments 304 in 303ms :: [{\"id\":20,\"authorId\":\"admin-id\",\"authorN…","service":"stargem-manager","timestamp":"2026-05-04 02:50:00"}
{"level":"info","message":"GET /api/todos 304 in 302ms :: [{\"id\":1,\"text\":\"Implementare verifica SMS/Whats…","service":"stargem-manager","timestamp":"2026-05-04 02:50:00"}
{"level":"info","message":"GET /api/team-comments 304 in 301ms :: [{\"id\":20,\"authorId\":\"admin-id\",\"authorN…","service":"stargem-manager","timestamp":"2026-05-04 02:50:10"}
{"level":"info","message":"GET /api/todos 304 in 303ms :: [{\"id\":1,\"text\":\"Implementare verifica SMS/Whats…","service":"stargem-manager","timestamp":"2026-05-04 02:50:10"}
{"level":"info","message":"GET /api/users/presence/active 200 in 447ms :: [{\"id\":\"admin-id\",\"username\":\"ad…","service":"stargem-manager","timestamp":"2026-05-04 02:50:11"}
{"level":"info","message":"GET /api/gemteam/permessi/pending-count 304 in 246ms :: {\"count\":0}","service":"stargem-manager","timestamp":"2026-05-04 02:50:16"}
{"level":"info","message":"GET /api/team-comments 304 in 298ms :: [{\"id\":20,\"authorId\":\"admin-id\",\"authorN…","service":"stargem-manager","timestamp":"2026-05-04 02:50:20"}
{"level":"info","message":"GET /api/todos 304 in 298ms :: [{\"id\":1,\"text\":\"Implementare verifica SMS/Whats…","service":"stargem-manager","timestamp":"2026-05-04 02:50:20"}
{"level":"info","message":"GET /api/users/presence/active 304 in 526ms :: [{\"id\":\"admin-id\",\"username\":\"ad…","service":"stargem-manager","timestamp":"2026-05-04 02:50:26"}
{"level":"info","message":"GET /api/team-comments 304 in 305ms :: [{\"id\":20,\"authorId\":\"admin-id\",\"authorN…","service":"stargem-manager","timestamp":"2026-05-04 02:50:30"}
{"level":"info","message":"GET /api/todos 304 in 304ms :: [{\"id\":1,\"text\":\"Implementare verifica SMS/Whats…","service":"stargem-manager","timestamp":"2026-05-04 02:50:30"}
{"level":"info","message":"GET /api/team-comments 304 in 301ms :: [{\"id\":20,\"authorId\":\"admin-id\",\"authorN…","service":"stargem-manager","timestamp":"2026-05-04 02:50:41"}
{"level":"info","message":"GET /api/todos 304 in 301ms :: [{\"id\":1,\"text\":\"Implementare verifica SMS/Whats…","service":"stargem-manager","timestamp":"2026-05-04 02:50:41"}
{"level":"info","message":"GET /api/users/presence/active 200 in 445ms :: [{\"id\":\"admin-id\",\"username\":\"ad…","service":"stargem-manager","timestamp":"2026-05-04 02:50:42"}
{"level":"info","message":"GET /api/team-comments 304 in 305ms :: [{\"id\":20,\"authorId\":\"admin-id\",\"authorN…","service":"stargem-manager","timestamp":"2026-05-04 02:50:51"}
{"level":"info","message":"GET /api/todos 304 in 308ms :: [{\"id\":1,\"text\":\"Implementare verifica SMS/Whats…","service":"stargem-manager","timestamp":"2026-05-04 02:50:51"}
{"level":"info","message":"GET /api/users/presence/active 304 in 607ms :: [{\"id\":\"admin-id\",\"username\":\"ad…","service":"stargem-manager","timestamp":"2026-05-04 02:50:57"}
{"level":"info","message":"GET /api/team-comments 304 in 304ms :: [{\"id\":20,\"authorId\":\"admin-id\",\"authorN…","service":"stargem-manager","timestamp":"2026-05-04 02:51:01"}
{"level":"info","message":"GET /api/todos 304 in 306ms :: [{\"id\":1,\"text\":\"Implementare verifica SMS/Whats…","service":"stargem-manager","timestamp":"2026-05-04 02:51:01"}
{"level":"info","message":"GET /api/team-comments 304 in 312ms :: [{\"id\":20,\"authorId\":\"admin-id\",\"authorN…","service":"stargem-manager","timestamp":"2026-05-04 02:51:12"}
{"level":"info","message":"GET /api/todos 304 in 316ms :: [{\"id\":1,\"text\":\"Implementare verifica SMS/Whats…","service":"stargem-manager","timestamp":"2026-05-04 02:51:12"}
{"level":"info","message":"GET /api/users/presence/active 200 in 507ms :: [{\"id\":\"admin-id\",\"username\":\"ad…","service":"stargem-manager","timestamp":"2026-05-04 02:51:13"}
{"level":"info","message":"GET /api/gemteam/permessi/pending-count 304 in 241ms :: {\"count\":0}","service":"stargem-manager","timestamp":"2026-05-04 02:51:16"}
{"level":"info","message":"GET /api/team-comments 304 in 302ms :: [{\"id\":20,\"authorId\":\"admin-id\",\"authorN…","service":"stargem-manager","timestamp":"2026-05-04 02:51:22"}
{"level":"info","message":"GET /api/todos 304 in 304ms :: [{\"id\":1,\"text\":\"Implementare verifica SMS/Whats…","service":"stargem-manager","timestamp":"2026-05-04 02:51:22"}
{"level":"info","message":"GET /api/users/presence/active 304 in 562ms :: [{\"id\":\"admin-id\",\"username\":\"ad…","service":"stargem-manager","timestamp":"2026-05-04 02:51:28"}
{"level":"info","message":"GET /api/team-comments 304 in 311ms :: [{\"id\":20,\"authorId\":\"admin-id\",\"authorN…","service":"stargem-manager","timestamp":"2026-05-04 02:51:32"}
{"level":"info","message":"GET /api/todos 304 in 315ms :: [{\"id\":1,\"text\":\"Implementare verifica SMS/Whats…","service":"stargem-manager","timestamp":"2026-05-04 02:51:32"}
{"level":"info","message":"GET /api/team-comments 304 in 299ms :: [{\"id\":20,\"authorId\":\"admin-id\",\"authorN…","service":"stargem-manager","timestamp":"2026-05-04 02:51:43"}
{"level":"info","message":"GET /api/todos 304 in 301ms :: [{\"id\":1,\"text\":\"Implementare verifica SMS/Whats…","service":"stargem-manager","timestamp":"2026-05-04 02:51:43"}
{"level":"info","message":"GET /api/users/presence/active 304 in 522ms :: [{\"id\":\"admin-id\",\"username\":\"ad…","service":"stargem-manager","timestamp":"2026-05-04 02:51:44"}
{"level":"info","message":"GET /api/team-comments 304 in 305ms :: [{\"id\":20,\"authorId\":\"admin-id\",\"authorN…","service":"stargem-manager","timestamp":"2026-05-04 02:51:53"}
{"level":"info","message":"GET /api/todos 304 in 306ms :: [{\"id\":1,\"text\":\"Implementare verifica SMS/Whats…","service":"stargem-manager","timestamp":"2026-05-04 02:51:53"}
{"level":"info","message":"GET /api/users/presence/active 304 in 540ms :: [{\"id\":\"admin-id\",\"username\":\"ad…","service":"stargem-manager","timestamp":"2026-05-04 02:52:00"}
{"level":"info","message":"GET /api/team-comments 304 in 307ms :: [{\"id\":20,\"authorId\":\"admin-id\",\"authorN…","service":"stargem-manager","timestamp":"2026-05-04 02:52:03"}
{"level":"info","message":"GET /api/todos 304 in 311ms :: [{\"id\":1,\"text\":\"Implementare verifica SMS/Whats…","service":"stargem-manager","timestamp":"2026-05-04 02:52:03"}
{"level":"info","message":"GET /api/team-comments 304 in 305ms :: [{\"id\":20,\"authorId\":\"admin-id\",\"authorN…","service":"stargem-manager","timestamp":"2026-05-04 02:52:14"}
{"level":"info","message":"GET /api/todos 304 in 304ms :: [{\"id\":1,\"text\":\"Implementare verifica SMS/Whats…","service":"stargem-manager","timestamp":"2026-05-04 02:52:14"}
{"level":"info","message":"GET /api/users/presence/active 200 in 506ms :: [{\"id\":\"admin-id\",\"username\":\"ad…","service":"stargem-manager","timestamp":"2026-05-04 02:52:15"}
{"level":"info","message":"GET /api/gemteam/permessi/pending-count 304 in 154ms :: {\"count\":0}","service":"stargem-manager","timestamp":"2026-05-04 02:52:16"}
{"level":"info","message":"GET /api/team-comments 304 in 299ms :: [{\"id\":20,\"authorId\":\"admin-id\",\"authorN…","service":"stargem-manager","timestamp":"2026-05-04 02:52:24"}
{"level":"info","message":"GET /api/todos 304 in 299ms :: [{\"id\":1,\"text\":\"Implementare verifica SMS/Whats…","service":"stargem-manager","timestamp":"2026-05-04 02:52:24"}
{"level":"info","message":"GET /api/users/presence/active 304 in 594ms :: [{\"id\":\"admin-id\",\"username\":\"ad…","service":"stargem-manager","timestamp":"2026-05-04 02:52:31"}
{"level":"info","message":"GET /api/team-comments 304 in 303ms :: [{\"id\":20,\"authorId\":\"admin-id\",\"authorN…","service":"stargem-manager","timestamp":"2026-05-04 02:52:34"}
{"level":"info","message":"GET /api/todos 304 in 305ms :: [{\"id\":1,\"text\":\"Implementare verifica SMS/Whats…","service":"stargem-manager","timestamp":"2026-05-04 02:52:34"}
{"level":"info","message":"GET /api/team-comments 304 in 305ms :: [{\"id\":20,\"authorId\":\"admin-id\",\"authorN…","service":"stargem-manager","timestamp":"2026-05-04 02:52:44"}
{"level":"info","message":"GET /api/todos 304 in 308ms :: [{\"id\":1,\"text\":\"Implementare verifica SMS/Whats…","service":"stargem-manager","timestamp":"2026-05-04 02:52:45"}
{"level":"info","message":"GET /api/users/presence/active 304 in 562ms :: [{\"id\":\"admin-id\",\"username\":\"ad…","service":"stargem-manager","timestamp":"2026-05-04 02:52:46"}
{"level":"info","message":"GET /api/team-comments 304 in 306ms :: [{\"id\":20,\"authorId\":\"admin-id\",\"authorN…","service":"stargem-manager","timestamp":"2026-05-04 02:52:55"}
{"level":"info","message":"GET /api/todos 304 in 309ms :: [{\"id\":1,\"text\":\"Implementare verifica SMS/Whats…","service":"stargem-manager","timestamp":"2026-05-04 02:52:55"}
{"level":"info","message":"GET /api/users/presence/active 304 in 588ms :: [{\"id\":\"admin-id\",\"username\":\"ad…","service":"stargem-manager","timestamp":"2026-05-04 02:53:02"}
{"level":"info","message":"GET /api/team-comments 304 in 302ms :: [{\"id\":20,\"authorId\":\"admin-id\",\"authorN…","service":"stargem-manager","timestamp":"2026-05-04 02:53:05"}
{"level":"info","message":"GET /api/todos 304 in 302ms :: [{\"id\":1,\"text\":\"Implementare verifica SMS/Whats…","service":"stargem-manager","timestamp":"2026-05-04 02:53:05"}
{"level":"info","message":"GET /api/team-comments 304 in 306ms :: [{\"id\":20,\"authorId\":\"admin-id\",\"authorN…","service":"stargem-manager","timestamp":"2026-05-04 02:53:15"}
{"level":"info","message":"GET /api/todos 304 in 308ms :: [{\"id\":1,\"text\":\"Implementare verifica SMS/Whats…","service":"stargem-manager","timestamp":"2026-05-04 02:53:15"}
{"level":"info","message":"GET /api/gemteam/permessi/pending-count 304 in 165ms :: {\"count\":0}","service":"stargem-manager","timestamp":"2026-05-04 02:53:16"}
{"level":"info","message":"GET /api/users/presence/active 200 in 482ms :: [{\"id\":\"admin-id\",\"username\":\"ad…","service":"stargem-manager","timestamp":"2026-05-04 02:53:17"}
{"level":"info","message":"GET /api/team-comments 304 in 302ms :: [{\"id\":20,\"authorId\":\"admin-id\",\"authorN…","service":"stargem-manager","timestamp":"2026-05-04 02:53:26"}
{"level":"info","message":"GET /api/todos 304 in 304ms :: [{\"id\":1,\"text\":\"Implementare verifica SMS/Whats…","service":"stargem-manager","timestamp":"2026-05-04 02:53:26"}
{"level":"info","message":"GET /api/users/presence/active 304 in 621ms :: [{\"id\":\"admin-id\",\"username\":\"ad…","service":"stargem-manager","timestamp":"2026-05-04 02:53:33"}
{"level":"info","message":"GET /api/team-comments 304 in 302ms :: [{\"id\":20,\"authorId\":\"admin-id\",\"authorN…","service":"stargem-manager","timestamp":"2026-05-04 02:53:36"}
{"level":"info","message":"GET /api/todos 304 in 303ms :: [{\"id\":1,\"text\":\"Implementare verifica SMS/Whats…","service":"stargem-manager","timestamp":"2026-05-04 02:53:36"}
{"level":"info","message":"POST /api/users/presence/heartbeat 200 in 368ms :: {\"success\":true}","service":"stargem-manager","timestamp":"2026-05-04 02:53:42"}
{"level":"info","message":"GET /api/team-notes 304 in 326ms :: []","service":"stargem-manager","timestamp":"2026-05-04 02:53:45"}
{"level":"info","message":"GET /api/campus-categories 200 in 138ms","service":"stargem-manager","timestamp":"2026-05-04 02:53:46"}
{"level":"info","message":"GET /api/rental-categories 200 in 163ms","service":"stargem-manager","timestamp":"2026-05-04 02:53:46"}
{"level":"info","message":"GET /api/training-categories 200 in 164ms","service":"stargem-manager","timestamp":"2026-05-04 02:53:46"}
{"level":"info","message":"GET /api/sunday-categories 200 in 164ms","service":"stargem-manager","timestamp":"2026-05-04 02:53:46"}
{"level":"info","message":"GET /api/individual-lesson-categories 200 in 165ms","service":"stargem-manager","timestamp":"2026-05-04 02:53:46"}
{"level":"info","message":"GET /api/recital-categories 200 in 189ms","service":"stargem-manager","timestamp":"2026-05-04 02:53:46"}
{"level":"info","message":"GET /api/booking-service-categories 200 in 141ms","service":"stargem-manager","timestamp":"2026-05-04 02:53:46"}
{"level":"info","message":"GET /api/workshop-categories 200 in 124ms","service":"stargem-manager","timestamp":"2026-05-04 02:53:46"}
{"level":"info","message":"GET /api/vacation-categories 200 in 149ms","service":"stargem-manager","timestamp":"2026-05-04 02:53:46"}
{"level":"info","message":"GET /api/merchandising-categories 200 in 150ms","service":"stargem-manager","timestamp":"2026-05-04 02:53:46"}
{"level":"info","message":"GET /api/custom-lists/categorie 304 in 203ms :: {\"id\":23,\"name\":\"Categorie\",\"sy…","service":"stargem-manager","timestamp":"2026-05-04 02:53:46"}
{"level":"info","message":"GET /api/courses 304 in 244ms :: [{\"id\":802,\"sku\":\"2526AMBER-ALDRIN15MA\",\"name\"…","service":"stargem-manager","timestamp":"2026-05-04 02:53:46"}
{"level":"info","message":"GET /api/courses 200 in 259ms :: [{\"id\":813,\"sku\":\"2526CAMPUSDANZAS2\",\"name\":\"C…","service":"stargem-manager","timestamp":"2026-05-04 02:53:46"}
{"level":"info","message":"GET /api/team-comments 304 in 216ms :: [{\"id\":20,\"authorId\":\"admin-id\",\"authorN…","service":"stargem-manager","timestamp":"2026-05-04 02:53:46"}
{"level":"info","message":"GET /api/todos 304 in 217ms :: [{\"id\":1,\"text\":\"Implementare verifica SMS/Whats…","service":"stargem-manager","timestamp":"2026-05-04 02:53:46"}
{"level":"info","message":"GET /api/users/presence/active 200 in 523ms :: [{\"id\":\"admin-id\",\"username\":\"ad…","service":"stargem-manager","timestamp":"2026-05-04 02:53:49"}
{"level":"info","message":"GET /api/team-comments 304 in 303ms :: [{\"id\":20,\"authorId\":\"admin-id\",\"authorN…","service":"stargem-manager","timestamp":"2026-05-04 02:53:57"}
{"level":"info","message":"GET /api/todos 304 in 305ms :: [{\"id\":1,\"text\":\"Implementare verifica SMS/Whats…","service":"stargem-manager","timestamp":"2026-05-04 02:53:57"}
{"level":"info","message":"GET /api/users/presence/active 304 in 529ms :: [{\"id\":\"admin-id\",\"username\":\"ad…","service":"stargem-manager","timestamp":"2026-05-04 02:54:04"}
{"level":"info","message":"GET /api/team-comments 304 in 300ms :: [{\"id\":20,\"authorId\":\"admin-id\",\"authorN…","service":"stargem-manager","timestamp":"2026-05-04 02:54:07"}
{"level":"info","message":"GET /api/todos 304 in 299ms :: [{\"id\":1,\"text\":\"Implementare verifica SMS/Whats…","service":"stargem-manager","timestamp":"2026-05-04 02:54:07"}
{"level":"info","message":"POST /api/users/presence/heartbeat 200 in 381ms :: {\"success\":true}","service":"stargem-manager","timestamp":"2026-05-04 02:54:13"}
{"level":"info","message":"GET /api/gemteam/permessi/pending-count 304 in 236ms :: {\"count\":0}","service":"stargem-manager","timestamp":"2026-05-04 02:54:16"}
{"level":"info","message":"GET /api/team-comments 304 in 251ms :: [{\"id\":20,\"authorId\":\"admin-id\",\"authorN…","service":"stargem-manager","timestamp":"2026-05-04 02:54:17"}
{"level":"info","message":"GET /api/todos 304 in 253ms :: [{\"id\":1,\"text\":\"Implementare verifica SMS/Whats…","service":"stargem-manager","timestamp":"2026-05-04 02:54:17"}
{"level":"info","message":"GET /api/users/presence/active 200 in 791ms :: [{\"id\":\"admin-id\",\"username\":\"ad…","service":"stargem-manager","timestamp":"2026-05-04 02:54:20"}
{"level":"info","message":"GET /api/team-comments 304 in 264ms :: [{\"id\":20,\"authorId\":\"admin-id\",\"authorN…","service":"stargem-manager","timestamp":"2026-05-04 02:54:27"}
{"level":"info","message":"GET /api/todos 304 in 294ms :: [{\"id\":1,\"text\":\"Implementare verifica SMS/Whats…","service":"stargem-manager","timestamp":"2026-05-04 02:54:27"}
{"level":"info","message":"GET /api/users/presence/active 304 in 652ms :: [{\"id\":\"admin-id\",\"username\":\"ad…","service":"stargem-manager","timestamp":"2026-05-04 02:54:35"}
{"level":"info","message":"GET /api/team-comments 304 in 273ms :: [{\"id\":20,\"authorId\":\"admin-id\",\"authorN…","service":"stargem-manager","timestamp":"2026-05-04 02:54:38"}
{"level":"info","message":"GET /api/todos 304 in 276ms :: [{\"id\":1,\"text\":\"Implementare verifica SMS/Whats…","service":"stargem-manager","timestamp":"2026-05-04 02:54:38"}
{"level":"info","message":"GET /api/team-comments 304 in 293ms :: [{\"id\":20,\"authorId\":\"admin-id\",\"authorN…","service":"stargem-manager","timestamp":"2026-05-04 02:54:48"}
{"level":"info","message":"GET /api/todos 304 in 266ms :: [{\"id\":1,\"text\":\"Implementare verifica SMS/Whats…","service":"stargem-manager","timestamp":"2026-05-04 02:54:48"}
{"level":"info","message":"GET /api/users/presence/active 304 in 610ms :: [{\"id\":\"admin-id\",\"username\":\"ad…","service":"stargem-manager","timestamp":"2026-05-04 02:54:51"}
{"level":"info","message":"GET /api/team-comments 304 in 309ms :: [{\"id\":20,\"authorId\":\"admin-id\",\"authorN…","service":"stargem-manager","timestamp":"2026-05-04 02:54:58"}
{"level":"info","message":"GET /api/todos 304 in 311ms :: [{\"id\":1,\"text\":\"Implementare verifica SMS/Whats…","service":"stargem-manager","timestamp":"2026-05-04 02:54:58"}
{"level":"info","message":"GET /api/sunday-categories 200 in 262ms","service":"stargem-manager","timestamp":"2026-05-04 02:55:02"}
{"level":"info","message":"GET /api/training-categories 200 in 261ms","service":"stargem-manager","timestamp":"2026-05-04 02:55:02"}
{"level":"info","message":"GET /api/individual-lesson-categories 200 in 263ms","service":"stargem-manager","timestamp":"2026-05-04 02:55:02"}
{"level":"info","message":"GET /api/rental-categories 200 in 260ms","service":"stargem-manager","timestamp":"2026-05-04 02:55:02"}
{"level":"info","message":"GET /api/recital-categories 200 in 281ms","service":"stargem-manager","timestamp":"2026-05-04 02:55:02"}
{"level":"info","message":"GET /api/campus-categories 200 in 307ms","service":"stargem-manager","timestamp":"2026-05-04 02:55:02"}
{"level":"info","message":"GET /api/booking-service-categories 200 in 210ms","service":"stargem-manager","timestamp":"2026-05-04 02:55:02"}
{"level":"info","message":"GET /api/merchandising-categories 200 in 211ms","service":"stargem-manager","timestamp":"2026-05-04 02:55:02"}
{"level":"info","message":"GET /api/vacation-categories 200 in 234ms","service":"stargem-manager","timestamp":"2026-05-04 02:55:02"}
{"level":"info","message":"GET /api/workshop-categories 200 in 257ms","service":"stargem-manager","timestamp":"2026-05-04 02:55:02"}
{"level":"info","message":"GET /api/users/presence/active 304 in 605ms :: [{\"id\":\"admin-id\",\"username\":\"ad…","service":"stargem-manager","timestamp":"2026-05-04 02:55:07"}
{"level":"info","message":"GET /api/team-comments 304 in 303ms :: [{\"id\":20,\"authorId\":\"admin-id\",\"authorN…","service":"stargem-manager","timestamp":"2026-05-04 02:55:09"}
{"level":"info","message":"GET /api/todos 304 in 304ms :: [{\"id\":1,\"text\":\"Implementare verifica SMS/Whats…","service":"stargem-manager","timestamp":"2026-05-04 02:55:09"}
{"level":"info","message":"GET /api/gemteam/permessi/pending-count 304 in 235ms :: {\"count\":0}","service":"stargem-manager","timestamp":"2026-05-04 02:55:17"}
{"level":"info","message":"GET /api/team-comments 304 in 259ms :: [{\"id\":20,\"authorId\":\"admin-id\",\"authorN…","service":"stargem-manager","timestamp":"2026-05-04 02:55:19"}
{"level":"info","message":"GET /api/todos 304 in 285ms :: [{\"id\":1,\"text\":\"Implementare verifica SMS/Whats…","service":"stargem-manager","timestamp":"2026-05-04 02:55:19"}
{"level":"info","message":"GET /api/users/presence/active 200 in 587ms :: [{\"id\":\"admin-id\",\"username\":\"ad…","service":"stargem-manager","timestamp":"2026-05-04 02:55:22"}
{"level":"info","message":"GET /api/team-comments 304 in 285ms :: [{\"id\":20,\"authorId\":\"admin-id\",\"authorN…","service":"stargem-manager","timestamp":"2026-05-04 02:55:29"}
{"level":"info","message":"GET /api/todos 304 in 287ms :: [{\"id\":1,\"text\":\"Implementare verifica SMS/Whats…","service":"stargem-manager","timestamp":"2026-05-04 02:55:29"}
{"level":"info","message":"GET /api/users/presence/active 304 in 606ms :: [{\"id\":\"admin-id\",\"username\":\"ad…","service":"stargem-manager","timestamp":"2026-05-04 02:55:38"}
{"level":"info","message":"GET /api/team-comments 304 in 290ms :: [{\"id\":20,\"authorId\":\"admin-id\",\"authorN…","service":"stargem-manager","timestamp":"2026-05-04 02:55:39"}
{"level":"info","message":"GET /api/todos 304 in 291ms :: [{\"id\":1,\"text\":\"Implementare verifica SMS/Whats…","service":"stargem-manager","timestamp":"2026-05-04 02:55:40"}
{"level":"info","message":"GET /api/team-comments 304 in 260ms :: [{\"id\":20,\"authorId\":\"admin-id\",\"authorN…","service":"stargem-manager","timestamp":"2026-05-04 02:55:50"}
{"level":"info","message":"GET /api/todos 304 in 262ms :: [{\"id\":1,\"text\":\"Implementare verifica SMS/Whats…","service":"stargem-manager","timestamp":"2026-05-04 02:55:50"}
{"level":"info","message":"GET /api/users/presence/active 304 in 663ms :: [{\"id\":\"admin-id\",\"username\":\"ad…","service":"stargem-manager","timestamp":"2026-05-04 02:55:54"}
{"level":"info","message":"GET /api/team-comments 304 in 279ms :: [{\"id\":20,\"authorId\":\"admin-id\",\"authorN…","service":"stargem-manager","timestamp":"2026-05-04 02:56:00"}
{"level":"info","message":"GET /api/todos 304 in 280ms :: [{\"id\":1,\"text\":\"Implementare verifica SMS/Whats…","service":"stargem-manager","timestamp":"2026-05-04 02:56:00"}
{"level":"info","message":"GET /api/users/presence/active 304 in 599ms :: [{\"id\":\"admin-id\",\"username\":\"ad…","service":"stargem-manager","timestamp":"2026-05-04 02:56:09"}
{"level":"info","message":"GET /api/team-comments 304 in 266ms :: [{\"id\":20,\"authorId\":\"admin-id\",\"authorN…","service":"stargem-manager","timestamp":"2026-05-04 02:56:10"}
{"level":"info","message":"GET /api/todos 304 in 271ms :: [{\"id\":1,\"text\":\"Implementare verifica SMS/Whats…","service":"stargem-manager","timestamp":"2026-05-04 02:56:10"}
{"level":"info","message":"GET /api/gemteam/permessi/pending-count 304 in 237ms :: {\"count\":0}","service":"stargem-manager","timestamp":"2026-05-04 02:56:17"}
{"level":"info","message":"GET /api/team-comments 304 in 281ms :: [{\"id\":20,\"authorId\":\"admin-id\",\"authorN…","service":"stargem-manager","timestamp":"2026-05-04 02:56:21"}
{"level":"info","message":"GET /api/todos 304 in 284ms :: [{\"id\":1,\"text\":\"Implementare verifica SMS/Whats…","service":"stargem-manager","timestamp":"2026-05-04 02:56:21"}
{"level":"info","message":"GET /api/users/presence/active 200 in 602ms :: [{\"id\":\"admin-id\",\"username\":\"ad…","service":"stargem-manager","timestamp":"2026-05-04 02:56:25"}
{"level":"info","message":"GET /api/team-comments 304 in 309ms :: [{\"id\":20,\"authorId\":\"admin-id\",\"authorN…","service":"stargem-manager","timestamp":"2026-05-04 02:56:31"}
{"level":"info","message":"GET /api/todos 304 in 309ms :: [{\"id\":1,\"text\":\"Implementare verifica SMS/Whats…","service":"stargem-manager","timestamp":"2026-05-04 02:56:31"}
{"level":"info","message":"GET /api/users/presence/active 304 in 630ms :: [{\"id\":\"admin-id\",\"username\":\"ad…","service":"stargem-manager","timestamp":"2026-05-04 02:56:40"}
{"level":"info","message":"GET /api/team-comments 304 in 241ms :: [{\"id\":20,\"authorId\":\"admin-id\",\"authorN…","service":"stargem-manager","timestamp":"2026-05-04 02:56:41"}
{"level":"info","message":"GET /api/todos 304 in 241ms :: [{\"id\":1,\"text\":\"Implementare verifica SMS/Whats…","service":"stargem-manager","timestamp":"2026-05-04 02:56:41"}
{"level":"info","message":"POST /api/users/presence/heartbeat 200 in 299ms :: {\"success\":true}","service":"stargem-manager","timestamp":"2026-05-04 02:56:42"}
{"level":"info","message":"GET /api/workshop-attendances 200 in 342ms","service":"stargem-manager","timestamp":"2026-05-04 02:56:51"}
{"level":"info","message":"GET /api/workshops 200 in 363ms","service":"stargem-manager","timestamp":"2026-05-04 02:56:51"}
{"level":"info","message":"GET /api/payment-methods 500 in 369ms :: {\"message\":\"Failed to fetch payment me…","service":"stargem-manager","timestamp":"2026-05-04 02:56:51"}
{"level":"info","message":"GET /api/workshops 200 in 368ms","service":"stargem-manager","timestamp":"2026-05-04 02:56:51"}
{"level":"info","message":"GET /api/team-notes 304 in 389ms :: []","service":"stargem-manager","timestamp":"2026-05-04 02:56:51"}
{"level":"info","message":"GET /api/custom-lists/genere 304 in 413ms :: {\"id\":21,\"name\":\"Generi Workshop\",…","service":"stargem-manager","timestamp":"2026-05-04 02:56:51"}
{"level":"info","message":"GET /api/team-comments 304 in 246ms :: [{\"id\":20,\"authorId\":\"admin-id\",\"authorN…","service":"stargem-manager","timestamp":"2026-05-04 02:56:52"}
{"level":"info","message":"GET /api/todos 304 in 223ms :: [{\"id\":1,\"text\":\"Implementare verifica SMS/Whats…","service":"stargem-manager","timestamp":"2026-05-04 02:56:52"}
{"level":"info","message":"GET /api/strategic-events 304 in 313ms :: [{\"id\":48,\"title\":\"Ferragosto\",\"descr…","service":"stargem-manager","timestamp":"2026-05-04 02:56:52"}
{"level":"info","message":"GET /api/courses 304 in 313ms :: [{\"id\":849,\"sku\":\"2627ALMEIDALUN19\",\"name\":\"Fu…","service":"stargem-manager","timestamp":"2026-05-04 02:56:52"}
{"level":"info","message":"GET /api/strategic-events 304 in 337ms :: [{\"id\":61,\"title\":\"Ferragosto\",\"descr…","service":"stargem-manager","timestamp":"2026-05-04 02:56:52"}
{"level":"info","message":"GET /api/custom-lists/livello 304 in 303ms :: {\"id\":5,\"name\":\"Livello\",\"systemN…","service":"stargem-manager","timestamp":"2026-05-04 02:56:52"}
{"level":"info","message":"GET /api/custom-lists/pacchetti_prenotazioni 304 in 304ms :: {\"items\":[]}","service":"stargem-manager","timestamp":"2026-05-04 02:56:52"}
{"level":"info","message":"GET /api/custom-lists/posti_disponibili 304 in 305ms :: {\"id\":14,\"name\":\"Posti …","service":"stargem-manager","timestamp":"2026-05-04 02:56:52"}
{"level":"info","message":"GET /api/custom-lists/nomi_corsi 304 in 328ms :: {\"id\":15,\"name\":\"Generi Corsi\"…","service":"stargem-manager","timestamp":"2026-05-04 02:56:52"}
{"level":"info","message":"GET /api/courses 304 in 329ms :: [{\"id\":849,\"sku\":\"2627ALMEIDALUN19\",\"name\":\"Fu…","service":"stargem-manager","timestamp":"2026-05-04 02:56:52"}
{"level":"info","message":"GET /api/custom-lists/fascia_eta 304 in 375ms :: {\"id\":6,\"name\":\"Fascia età\",\"s…","service":"stargem-manager","timestamp":"2026-05-04 02:56:52"}
{"level":"info","message":"GET /api/custom-lists/campus 304 in 317ms :: {\"id\":22,\"name\":\"Campus\",\"systemNa…","service":"stargem-manager","timestamp":"2026-05-04 02:56:52"}
{"level":"info","message":"GET /api/courses 304 in 373ms :: []","service":"stargem-manager","timestamp":"2026-05-04 02:56:52"}
{"level":"info","message":"GET /api/custom-lists/numero_persone 304 in 426ms :: {\"id\":25,\"name\":\"Numero Pe…","service":"stargem-manager","timestamp":"2026-05-04 02:56:52"}
{"level":"info","message":"GET /api/strategic-events/closed-days 304 in 471ms :: {\"closedDays\":[]}","service":"stargem-manager","timestamp":"2026-05-04 02:56:53"}
{"level":"info","message":"GET /api/courses 304 in 306ms :: []","service":"stargem-manager","timestamp":"2026-05-04 02:56:53"}
{"level":"info","message":"GET /api/users/presence/active 200 in 621ms :: [{\"id\":\"admin-id\",\"username\":\"ad…","service":"stargem-manager","timestamp":"2026-05-04 02:56:56"}
{"level":"info","message":"GET /api/team-comments 304 in 306ms :: [{\"id\":20,\"authorId\":\"admin-id\",\"authorN…","service":"stargem-manager","timestamp":"2026-05-04 02:57:02"}
{"level":"info","message":"GET /api/todos 304 in 331ms :: [{\"id\":1,\"text\":\"Implementare verifica SMS/Whats…","service":"stargem-manager","timestamp":"2026-05-04 02:57:02"}
{"level":"info","message":"GET /api/users/presence/active 200 in 598ms :: [{\"id\":\"admin-id\",\"username\":\"ad…","service":"stargem-manager","timestamp":"2026-05-04 02:57:12"}
{"level":"info","message":"POST /api/users/presence/heartbeat 200 in 306ms :: {\"success\":true}","service":"stargem-manager","timestamp":"2026-05-04 02:57:12"}
{"level":"info","message":"GET /api/team-comments 304 in 246ms :: [{\"id\":20,\"authorId\":\"admin-id\",\"authorN…","service":"stargem-manager","timestamp":"2026-05-04 02:57:12"}
{"level":"info","message":"GET /api/todos 304 in 246ms :: [{\"id\":1,\"text\":\"Implementare verifica SMS/Whats…","service":"stargem-manager","timestamp":"2026-05-04 02:57:12"}
{"level":"info","message":"GET /api/workshops 200 in 291ms","service":"stargem-manager","timestamp":"2026-05-04 02:57:16"}
{"level":"info","message":"GET /api/courses 304 in 339ms :: []","service":"stargem-manager","timestamp":"2026-05-04 02:57:16"}
{"level":"info","message":"GET /api/gemteam/permessi/pending-count 304 in 236ms :: {\"count\":0}","service":"stargem-manager","timestamp":"2026-05-04 02:57:17"}
{"level":"info","message":"GET /api/team-comments 304 in 299ms :: [{\"id\":20,\"authorId\":\"admin-id\",\"authorN…","service":"stargem-manager","timestamp":"2026-05-04 02:57:23"}
{"level":"info","message":"GET /api/todos 304 in 302ms :: [{\"id\":1,\"text\":\"Implementare verifica SMS/Whats…","service":"stargem-manager","timestamp":"2026-05-04 02:57:23"}
{"level":"info","message":"GET /api/users/presence/active 200 in 626ms :: [{\"id\":\"admin-id\",\"username\":\"ad…","service":"stargem-manager","timestamp":"2026-05-04 02:57:27"}
{"level":"info","message":"GET /api/team-comments 304 in 302ms :: [{\"id\":20,\"authorId\":\"admin-id\",\"authorN…","service":"stargem-manager","timestamp":"2026-05-04 02:57:33"}
{"level":"info","message":"GET /api/todos 304 in 305ms :: [{\"id\":1,\"text\":\"Implementare verifica SMS/Whats…","service":"stargem-manager","timestamp":"2026-05-04 02:57:33"}
{"level":"info","message":"GET /api/users/presence/active 200 in 615ms :: [{\"id\":\"admin-id\",\"username\":\"ad…","service":"stargem-manager","timestamp":"2026-05-04 02:57:43"}
{"level":"info","message":"GET /api/todos 304 in 203ms :: [{\"id\":1,\"text\":\"Implementare verifica SMS/Whats…","service":"stargem-manager","timestamp":"2026-05-04 02:57:43"}
{"level":"info","message":"GET /api/team-comments 304 in 227ms :: [{\"id\":20,\"authorId\":\"admin-id\",\"authorN…","service":"stargem-manager","timestamp":"2026-05-04 02:57:43"}
{"level":"info","message":"POST /api/users/presence/heartbeat 200 in 715ms :: {\"success\":true}","service":"stargem-manager","timestamp":"2026-05-04 02:57:43"}
{"level":"info","message":"GET /api/team-notes 304 in 240ms :: []","service":"stargem-manager","timestamp":"2026-05-04 02:57:43"}
{"level":"info","message":"GET /api/courses 304 in 231ms :: [{\"id\":517,\"sku\":\"2526STANISCIMAR13\",\"name\":\"P…","service":"stargem-manager","timestamp":"2026-05-04 02:57:44"}
{"level":"info","message":"GET /api/attendances 304 in 296ms :: []","service":"stargem-manager","timestamp":"2026-05-04 02:57:44"}
{"level":"info","message":"GET /api/enrollments 304 in 626ms :: [{\"id\":65,\"memberId\":14194,\"courseId\":7,\"p…","service":"stargem-manager","timestamp":"2026-05-04 02:57:44"}
{"level":"info","message":"GET /api/team-notes 304 in 327ms :: []","service":"stargem-manager","timestamp":"2026-05-04 02:57:53"}
{"level":"info","message":"GET /api/team-comments 304 in 229ms :: [{\"id\":20,\"authorId\":\"admin-id\",\"authorN…","service":"stargem-manager","timestamp":"2026-05-04 02:57:53"}
{"level":"info","message":"GET /api/todos 304 in 255ms :: [{\"id\":1,\"text\":\"Implementare verifica SMS/Whats…","service":"stargem-manager","timestamp":"2026-05-04 02:57:53"}
{"level":"info","message":"GET /api/seasons/active 304 in 216ms :: {\"id\":1,\"name\":\"Stagione 2025/2026\",\"de…","service":"stargem-manager","timestamp":"2026-05-04 02:57:53"}
{"level":"info","message":"GET /api/courses 304 in 256ms :: [{\"id\":813,\"sku\":\"2526CAMPUSDANZAS2\",\"name\":\"C…","service":"stargem-manager","timestamp":"2026-05-04 02:57:53"}
{"level":"info","message":"GET /api/enrollments 304 in 259ms :: [{\"id\":12454,\"memberId\":18192,\"courseId\":5…","service":"stargem-manager","timestamp":"2026-05-04 02:57:54"}
{"level":"info","message":"GET /api/courses 304 in 290ms :: []","service":"stargem-manager","timestamp":"2026-05-04 02:57:54"}
{"level":"info","message":"GET /api/courses 304 in 240ms :: []","service":"stargem-manager","timestamp":"2026-05-04 02:57:54"}
{"level":"info","message":"GET /api/courses 304 in 262ms :: []","service":"stargem-manager","timestamp":"2026-05-04 02:57:54"}
{"level":"info","message":"GET /api/courses 304 in 211ms :: []","service":"stargem-manager","timestamp":"2026-05-04 02:57:54"}
{"level":"info","message":"GET /api/courses 304 in 220ms :: [{\"id\":560,\"sku\":\"2526LEZINDIVIDUALE\",\"name\":\"…","service":"stargem-manager","timestamp":"2026-05-04 02:57:54"}
{"level":"info","message":"GET /api/courses 304 in 269ms :: [{\"id\":807,\"sku\":\"2526KUQI15MAR - A\",\"name\":\"D…","service":"stargem-manager","timestamp":"2026-05-04 02:57:54"}
{"level":"info","message":"GET /api/courses 304 in 264ms :: []","service":"stargem-manager","timestamp":"2026-05-04 02:57:54"}
{"level":"info","message":"GET /api/enrollments 304 in 238ms :: []","service":"stargem-manager","timestamp":"2026-05-04 02:57:54"}
{"level":"info","message":"GET /api/courses 304 in 293ms :: [{\"id\":517,\"sku\":\"2526STANISCIMAR13\",\"name\":\"P…","service":"stargem-manager","timestamp":"2026-05-04 02:57:54"}
{"level":"info","message":"GET /api/courses 304 in 267ms :: [{\"id\":810,\"sku\":\"PROVA2526CRUZMAR12\",\"name\":\"…","service":"stargem-manager","timestamp":"2026-05-04 02:57:54"}
{"level":"info","message":"GET /api/enrollments 304 in 358ms :: [{\"id\":65,\"memberId\":14194,\"courseId\":7,\"p…","service":"stargem-manager","timestamp":"2026-05-04 02:57:54"}
{"level":"info","message":"GET /api/courses 304 in 269ms :: [{\"id\":529,\"sku\":\"2526ALLENAMENTO\",\"name\":\"All…","service":"stargem-manager","timestamp":"2026-05-04 02:57:54"}
{"level":"info","message":"GET /api/enrollments 304 in 330ms :: []","service":"stargem-manager","timestamp":"2026-05-04 02:57:54"}
{"level":"info","message":"GET /api/enrollments 304 in 268ms :: [{\"id\":6133,\"memberId\":18311,\"courseId\":53…","service":"stargem-manager","timestamp":"2026-05-04 02:57:54"}
{"level":"info","message":"GET /api/enrollments 304 in 224ms :: []","service":"stargem-manager","timestamp":"2026-05-04 02:57:54"}
{"level":"info","message":"GET /api/enrollments 304 in 276ms :: [{\"id\":7224,\"memberId\":14186,\"courseId\":56…","service":"stargem-manager","timestamp":"2026-05-04 02:57:54"}
{"level":"info","message":"GET /api/enrollments 304 in 262ms :: [{\"id\":6071,\"memberId\":15573,\"courseId\":52…","service":"stargem-manager","timestamp":"2026-05-04 02:57:54"}
{"level":"info","message":"GET /api/enrollments 304 in 304ms :: [{\"id\":6929,\"memberId\":17989,\"courseId\":56…","service":"stargem-manager","timestamp":"2026-05-04 02:57:54"}
{"level":"info","message":"GET /api/enrollments 304 in 244ms :: []","service":"stargem-manager","timestamp":"2026-05-04 02:57:54"}
{"level":"info","message":"GET /api/enrollments 304 in 239ms :: []","service":"stargem-manager","timestamp":"2026-05-04 02:57:54"}
{"level":"info","message":"GET /api/enrollments 304 in 242ms :: [{\"id\":10586,\"memberId\":14957,\"courseId\":7…","service":"stargem-manager","timestamp":"2026-05-04 02:57:54"}
{"level":"info","message":"GET /api/users/presence/active 200 in 604ms :: [{\"id\":\"admin-id\",\"username\":\"ad…","service":"stargem-manager","timestamp":"2026-05-04 02:57:59"}
{"level":"info","message":"GET /api/team-comments 304 in 322ms :: [{\"id\":20,\"authorId\":\"admin-id\",\"authorN…","service":"stargem-manager","timestamp":"2026-05-04 02:58:04"}
{"level":"info","message":"GET /api/todos 304 in 345ms :: [{\"id\":1,\"text\":\"Implementare verifica SMS/Whats…","service":"stargem-manager","timestamp":"2026-05-04 02:58:04"}
{"level":"info","message":"POST /api/users/presence/heartbeat 200 in 341ms :: {\"success\":true}","service":"stargem-manager","timestamp":"2026-05-04 02:58:13"}
{"level":"info","message":"GET /api/team-comments 304 in 272ms :: [{\"id\":20,\"authorId\":\"admin-id\",\"authorN…","service":"stargem-manager","timestamp":"2026-05-04 02:58:14"}
{"level":"info","message":"GET /api/todos 304 in 446ms :: [{\"id\":1,\"text\":\"Implementare verifica SMS/Whats…","service":"stargem-manager","timestamp":"2026-05-04 02:58:14"}
{"level":"info","message":"GET /api/users/presence/active 200 in 630ms :: [{\"id\":\"admin-id\",\"username\":\"ad…","service":"stargem-manager","timestamp":"2026-05-04 02:58:14"}
{"level":"info","message":"GET /api/gemteam/permessi/pending-count 304 in 234ms :: {\"count\":0}","service":"stargem-manager","timestamp":"2026-05-04 02:58:17"}
{"level":"info","message":"GET /api/team-comments 304 in 269ms :: [{\"id\":20,\"authorId\":\"admin-id\",\"authorN…","service":"stargem-manager","timestamp":"2026-05-04 02:58:24"}
{"level":"info","message":"GET /api/todos 304 in 178ms :: [{\"id\":1,\"text\":\"Implementare verifica SMS/Whats…","service":"stargem-manager","timestamp":"2026-05-04 02:58:24"}
{"level":"info","message":"GET /api/users/presence/active 304 in 623ms :: [{\"id\":\"admin-id\",\"username\":\"ad…","service":"stargem-manager","timestamp":"2026-05-04 02:58:30"}
{"level":"info","message":"GET /api/team-comments 304 in 284ms :: [{\"id\":20,\"authorId\":\"admin-id\",\"authorN…","service":"stargem-manager","timestamp":"2026-05-04 02:58:35"}
{"level":"info","message":"GET /api/todos 304 in 226ms :: [{\"id\":1,\"text\":\"Implementare verifica SMS/Whats…","service":"stargem-manager","timestamp":"2026-05-04 02:58:35"}
{"level":"info","message":"GET /api/team-comments 304 in 284ms :: [{\"id\":20,\"authorId\":\"admin-id\",\"authorN…","service":"stargem-manager","timestamp":"2026-05-04 02:58:45"}
{"level":"info","message":"GET /api/todos 304 in 310ms :: [{\"id\":1,\"text\":\"Implementare verifica SMS/Whats…","service":"stargem-manager","timestamp":"2026-05-04 02:58:45"}
{"level":"info","message":"GET /api/users/presence/active 304 in 526ms :: [{\"id\":\"admin-id\",\"username\":\"ad…","service":"stargem-manager","timestamp":"2026-05-04 02:58:45"}
{"level":"info","message":"GET /api/team-comments 304 in 284ms :: [{\"id\":20,\"authorId\":\"admin-id\",\"authorN…","service":"stargem-manager","timestamp":"2026-05-04 02:58:55"}
{"level":"info","message":"GET /api/todos 304 in 263ms :: [{\"id\":1,\"text\":\"Implementare verifica SMS/Whats…","service":"stargem-manager","timestamp":"2026-05-04 02:58:55"}
{"level":"info","message":"GET /api/users/presence/active 304 in 701ms :: [{\"id\":\"admin-id\",\"username\":\"ad…","service":"stargem-manager","timestamp":"2026-05-04 02:59:01"}
{"level":"info","message":"GET /api/team-comments 304 in 284ms :: [{\"id\":20,\"authorId\":\"admin-id\",\"authorN…","service":"stargem-manager","timestamp":"2026-05-04 02:59:05"}
{"level":"info","message":"GET /api/todos 304 in 280ms :: [{\"id\":1,\"text\":\"Implementare verifica SMS/Whats…","service":"stargem-manager","timestamp":"2026-05-04 02:59:05"}
{"level":"info","message":"POST /api/users/presence/heartbeat 200 in 340ms :: {\"success\":true}","service":"stargem-manager","timestamp":"2026-05-04 02:59:15"}
{"level":"info","message":"GET /api/team-comments 304 in 202ms :: [{\"id\":20,\"authorId\":\"admin-id\",\"authorN…","service":"stargem-manager","timestamp":"2026-05-04 02:59:16"}
{"level":"info","message":"GET /api/todos 304 in 202ms :: [{\"id\":1,\"text\":\"Implementare verifica SMS/Whats…","service":"stargem-manager","timestamp":"2026-05-04 02:59:16"}
{"level":"info","message":"GET /api/users/presence/active 200 in 498ms :: [{\"id\":\"admin-id\",\"username\":\"ad…","service":"stargem-manager","timestamp":"2026-05-04 02:59:17"}
{"level":"info","message":"GET /api/gemteam/permessi/pending-count 304 in 208ms :: {\"count\":0}","service":"stargem-manager","timestamp":"2026-05-04 02:59:18"}
{"level":"info","message":"Server started. Serving on port 5001","service":"stargem-manager","timestamp":"2026-05-04 03:03:59"}
{"level":"error","message":"Uncaught Exception: listen EADDRINUSE: address already in use :::5001\nError: listen EADDRINUSE: address already in use :::5001\n    at Server.setupListenHandle [as _listen2] (node:net:1940:16)\n    at listenInCluster (node:net:1997:12)\n    at node:net:2206:7\n    at process.processTicksAndRejections (node:internal/process/task_queues:89:21)","service":"stargem-manager","timestamp":"2026-05-04 03:03:59"}
{"level":"error","message":"Uncaught Exception: listen EADDRINUSE: address already in use :::5001\nError: listen EADDRINUSE: address already in use :::5001\n    at Server.setupListenHandle [as _listen2] (node:net:1940:16)\n    at listenInCluster (node:net:1997:12)\n    at node:net:2206:7\n    at process.processTicksAndRejections (node:internal/process/task_queues:89:21)","service":"stargem-manager","timestamp":"2026-05-04 03:03:59"}
{"level":"info","message":"Server started. Serving on port 5001","service":"stargem-manager","timestamp":"2026-05-04 03:04:10"}
{"level":"error","message":"Uncaught Exception: listen EADDRINUSE: address already in use :::5001\nError: listen EADDRINUSE: address already in use :::5001\n    at Server.setupListenHandle [as _listen2] (node:net:1940:16)\n    at listenInCluster (node:net:1997:12)\n    at node:net:2206:7\n    at process.processTicksAndRejections (node:internal/process/task_queues:89:21)","service":"stargem-manager","timestamp":"2026-05-04 03:04:10"}
{"level":"error","message":"Uncaught Exception: listen EADDRINUSE: address already in use :::5001\nError: listen EADDRINUSE: address already in use :::5001\n    at Server.setupListenHandle [as _listen2] (node:net:1940:16)\n    at listenInCluster (node:net:1997:12)\n    at node:net:2206:7\n    at process.processTicksAndRejections (node:internal/process/task_queues:89:21)","service":"stargem-manager","timestamp":"2026-05-04 03:04:10"}
{"level":"info","message":"GET /api/team-comments 304 in 376ms :: [{\"id\":20,\"authorId\":\"admin-id\",\"authorN…","service":"stargem-manager","timestamp":"2026-05-04 03:09:21"}
{"level":"info","message":"GET /api/gemteam/permessi/pending-count 304 in 390ms :: {\"count\":0}","service":"stargem-manager","timestamp":"2026-05-04 03:09:21"}
{"level":"info","message":"GET /api/todos 304 in 389ms :: [{\"id\":1,\"text\":\"Implementare verifica SMS/Whats…","service":"stargem-manager","timestamp":"2026-05-04 03:09:21"}
{"level":"info","message":"GET /api/user 200 in 133ms :: {\"id\":\"admin-id\",\"username\":\"admin\",\"password\":\"d…","service":"stargem-manager","timestamp":"2026-05-04 03:09:24"}
{"level":"info","message":"GET /api/gemteam/permessi/pending-count 304 in 250ms :: {\"count\":0}","service":"stargem-manager","timestamp":"2026-05-04 03:09:24"}
{"level":"info","message":"GET /api/latest-activity 304 in 269ms :: {\"id\":2618,\"userId\":\"admin-id\",\"action…","service":"stargem-manager","timestamp":"2026-05-04 03:09:24"}
{"level":"info","message":"GET /api/team-notes 304 in 429ms :: []","service":"stargem-manager","timestamp":"2026-05-04 03:09:25"}
{"level":"info","message":"GET /api/users/presence/active 200 in 634ms :: [{\"id\":\"admin-id\",\"username\":\"ad…","service":"stargem-manager","timestamp":"2026-05-04 03:09:25"}
{"level":"info","message":"GET /api/todos 304 in 425ms :: [{\"id\":1,\"text\":\"Implementare verifica SMS/Whats…","service":"stargem-manager","timestamp":"2026-05-04 03:09:25"}
{"level":"info","message":"GET /api/activities-summary 304 in 525ms :: {\"corsi\":{\"total\":289,\"active\":289}…","service":"stargem-manager","timestamp":"2026-05-04 03:09:25"}
{"level":"info","message":"GET /api/team-comments 304 in 447ms :: [{\"id\":20,\"authorId\":\"admin-id\",\"authorN…","service":"stargem-manager","timestamp":"2026-05-04 03:09:25"}
{"level":"info","message":"POST /api/users/presence/heartbeat 200 in 668ms :: {\"success\":true}","service":"stargem-manager","timestamp":"2026-05-04 03:09:25"}
{"level":"info","message":"GET /api/seasons 304 in 265ms :: [{\"id\":2,\"name\":\"2026/2027\",\"description\":null…","service":"stargem-manager","timestamp":"2026-05-04 03:09:25"}
{"level":"info","message":"GET /api/seasons/active 304 in 268ms :: {\"id\":1,\"name\":\"Stagione 2025/2026\",\"de…","service":"stargem-manager","timestamp":"2026-05-04 03:09:25"}
{"level":"info","message":"GET /api/courses 304 in 375ms :: [{\"id\":517,\"sku\":\"2526STANISCIMAR13\",\"name\":\"P…","service":"stargem-manager","timestamp":"2026-05-04 03:09:25"}
{"level":"info","message":"GET /api/enrollments 304 in 375ms :: [{\"id\":12454,\"memberId\":18192,\"courseId\":5…","service":"stargem-manager","timestamp":"2026-05-04 03:09:25"}
{"level":"info","message":"GET /api/courses 304 in 381ms :: [{\"id\":802,\"sku\":\"2526AMBER-ALDRIN15MA\",\"name\"…","service":"stargem-manager","timestamp":"2026-05-04 03:09:25"}
{"level":"info","message":"GET /api/enrollments 304 in 402ms :: [{\"id\":65,\"memberId\":14194,\"courseId\":7,\"p…","service":"stargem-manager","timestamp":"2026-05-04 03:09:26"}
{"level":"info","message":"GET /api/courses 304 in 321ms :: []","service":"stargem-manager","timestamp":"2026-05-04 03:09:26"}
{"level":"info","message":"GET /api/courses 304 in 346ms :: []","service":"stargem-manager","timestamp":"2026-05-04 03:09:26"}
{"level":"info","message":"GET /api/courses 304 in 260ms :: [{\"id\":807,\"sku\":\"2526KUQI15MAR - A\",\"name\":\"D…","service":"stargem-manager","timestamp":"2026-05-04 03:09:26"}
{"level":"info","message":"GET /api/courses 304 in 261ms :: [{\"id\":810,\"sku\":\"PROVA2526CRUZMAR12\",\"name\":\"…","service":"stargem-manager","timestamp":"2026-05-04 03:09:26"}
{"level":"info","message":"GET /api/courses 304 in 276ms :: []","service":"stargem-manager","timestamp":"2026-05-04 03:09:26"}
{"level":"info","message":"GET /api/enrollments 304 in 253ms :: []","service":"stargem-manager","timestamp":"2026-05-04 03:09:26"}
{"level":"info","message":"GET /api/courses 304 in 221ms :: []","service":"stargem-manager","timestamp":"2026-05-04 03:09:26"}
{"level":"info","message":"GET /api/courses 304 in 248ms :: [{\"id\":529,\"sku\":\"2526ALLENAMENTO\",\"name\":\"All…","service":"stargem-manager","timestamp":"2026-05-04 03:09:26"}
{"level":"info","message":"GET /api/courses 304 in 196ms :: [{\"id\":813,\"sku\":\"2526CAMPUSDANZAS2\",\"name\":\"C…","service":"stargem-manager","timestamp":"2026-05-04 03:09:26"}
{"level":"info","message":"GET /api/courses 304 in 243ms :: [{\"id\":560,\"sku\":\"2526LEZINDIVIDUALE\",\"name\":\"…","service":"stargem-manager","timestamp":"2026-05-04 03:09:26"}
{"level":"info","message":"GET /api/enrollments 304 in 250ms :: []","service":"stargem-manager","timestamp":"2026-05-04 03:09:26"}
{"level":"info","message":"GET /api/enrollments 304 in 265ms :: []","service":"stargem-manager","timestamp":"2026-05-04 03:09:26"}
{"level":"info","message":"GET /api/courses 304 in 241ms :: []","service":"stargem-manager","timestamp":"2026-05-04 03:09:26"}
{"level":"info","message":"GET /api/enrollments 304 in 243ms :: []","service":"stargem-manager","timestamp":"2026-05-04 03:09:26"}
{"level":"info","message":"GET /api/enrollments 304 in 240ms :: [{\"id\":7224,\"memberId\":14186,\"courseId\":56…","service":"stargem-manager","timestamp":"2026-05-04 03:09:26"}
{"level":"info","message":"GET /api/enrollments 304 in 226ms :: [{\"id\":6929,\"memberId\":17989,\"courseId\":56…","service":"stargem-manager","timestamp":"2026-05-04 03:09:26"}
{"level":"info","message":"GET /api/enrollments 304 in 244ms :: [{\"id\":6071,\"memberId\":15573,\"courseId\":52…","service":"stargem-manager","timestamp":"2026-05-04 03:09:26"}
{"level":"info","message":"GET /api/enrollments 304 in 238ms :: [{\"id\":10586,\"memberId\":14957,\"courseId\":7…","service":"stargem-manager","timestamp":"2026-05-04 03:09:26"}
{"level":"info","message":"GET /api/enrollments 304 in 251ms :: [{\"id\":6133,\"memberId\":18311,\"courseId\":53…","service":"stargem-manager","timestamp":"2026-05-04 03:09:26"}
{"level":"info","message":"GET /api/enrollments 304 in 281ms :: []","service":"stargem-manager","timestamp":"2026-05-04 03:09:26"}
{"level":"info","message":"GET /api/user 200 in 178ms :: {\"id\":\"admin-id\",\"username\":\"admin\",\"password\":\"d…","service":"stargem-manager","timestamp":"2026-05-04 03:09:33"}
{"level":"info","message":"GET /api/latest-activity 304 in 245ms :: {\"id\":2618,\"userId\":\"admin-id\",\"action…","service":"stargem-manager","timestamp":"2026-05-04 03:09:33"}
{"level":"info","message":"GET /api/activities-summary 304 in 329ms :: {\"corsi\":{\"total\":289,\"active\":289}…","service":"stargem-manager","timestamp":"2026-05-04 03:09:33"}
{"level":"info","message":"GET /api/users/presence/active 200 in 583ms :: [{\"id\":\"admin-id\",\"username\":\"ad…","service":"stargem-manager","timestamp":"2026-05-04 03:09:34"}
{"level":"info","message":"GET /api/team-notes 304 in 420ms :: []","service":"stargem-manager","timestamp":"2026-05-04 03:09:34"}
{"level":"info","message":"GET /api/gemteam/permessi/pending-count 304 in 447ms :: {\"count\":0}","service":"stargem-manager","timestamp":"2026-05-04 03:09:34"}
{"level":"info","message":"GET /api/todos 304 in 440ms :: [{\"id\":1,\"text\":\"Implementare verifica SMS/Whats…","service":"stargem-manager","timestamp":"2026-05-04 03:09:34"}
{"level":"info","message":"POST /api/users/presence/heartbeat 200 in 674ms :: {\"success\":true}","service":"stargem-manager","timestamp":"2026-05-04 03:09:34"}
{"level":"info","message":"GET /api/team-comments 304 in 380ms :: [{\"id\":20,\"authorId\":\"admin-id\",\"authorN…","service":"stargem-manager","timestamp":"2026-05-04 03:09:34"}
{"level":"info","message":"GET /api/seasons 304 in 214ms :: [{\"id\":2,\"name\":\"2026/2027\",\"description\":null…","service":"stargem-manager","timestamp":"2026-05-04 03:09:34"}
{"level":"info","message":"GET /api/seasons/active 304 in 236ms :: {\"id\":1,\"name\":\"Stagione 2025/2026\",\"de…","service":"stargem-manager","timestamp":"2026-05-04 03:09:34"}
{"level":"info","message":"GET /api/courses 304 in 270ms :: [{\"id\":802,\"sku\":\"2526AMBER-ALDRIN15MA\",\"name\"…","service":"stargem-manager","timestamp":"2026-05-04 03:09:34"}
{"level":"info","message":"GET /api/courses 304 in 299ms :: [{\"id\":517,\"sku\":\"2526STANISCIMAR13\",\"name\":\"P…","service":"stargem-manager","timestamp":"2026-05-04 03:09:34"}
{"level":"info","message":"GET /api/enrollments 304 in 315ms :: [{\"id\":12454,\"memberId\":18192,\"courseId\":5…","service":"stargem-manager","timestamp":"2026-05-04 03:09:34"}
{"level":"info","message":"GET /api/enrollments 304 in 382ms :: [{\"id\":65,\"memberId\":14194,\"courseId\":7,\"p…","service":"stargem-manager","timestamp":"2026-05-04 03:09:34"}
{"level":"info","message":"GET /api/courses 304 in 255ms :: []","service":"stargem-manager","timestamp":"2026-05-04 03:09:34"}
{"level":"info","message":"GET /api/courses 304 in 277ms :: []","service":"stargem-manager","timestamp":"2026-05-04 03:09:34"}
{"level":"info","message":"GET /api/courses 304 in 260ms :: []","service":"stargem-manager","timestamp":"2026-05-04 03:09:34"}
{"level":"info","message":"GET /api/courses 304 in 210ms :: [{\"id\":807,\"sku\":\"2526KUQI15MAR - A\",\"name\":\"D…","service":"stargem-manager","timestamp":"2026-05-04 03:09:34"}
{"level":"info","message":"GET /api/courses 304 in 296ms :: [{\"id\":810,\"sku\":\"PROVA2526CRUZMAR12\",\"name\":\"…","service":"stargem-manager","timestamp":"2026-05-04 03:09:34"}
{"level":"info","message":"GET /api/courses 304 in 224ms :: [{\"id\":529,\"sku\":\"2526ALLENAMENTO\",\"name\":\"All…","service":"stargem-manager","timestamp":"2026-05-04 03:09:35"}
{"level":"info","message":"GET /api/courses 304 in 233ms :: [{\"id\":560,\"sku\":\"2526LEZINDIVIDUALE\",\"name\":\"…","service":"stargem-manager","timestamp":"2026-05-04 03:09:35"}
{"level":"info","message":"GET /api/courses 304 in 219ms :: [{\"id\":813,\"sku\":\"2526CAMPUSDANZAS2\",\"name\":\"C…","service":"stargem-manager","timestamp":"2026-05-04 03:09:35"}
{"level":"info","message":"GET /api/enrollments 304 in 216ms :: []","service":"stargem-manager","timestamp":"2026-05-04 03:09:35"}
{"level":"info","message":"GET /api/courses 304 in 218ms :: []","service":"stargem-manager","timestamp":"2026-05-04 03:09:35"}
{"level":"info","message":"GET /api/courses 304 in 229ms :: []","service":"stargem-manager","timestamp":"2026-05-04 03:09:35"}
{"level":"info","message":"GET /api/enrollments 304 in 228ms :: []","service":"stargem-manager","timestamp":"2026-05-04 03:09:35"}
{"level":"info","message":"GET /api/enrollments 304 in 250ms :: [{\"id\":6133,\"memberId\":18311,\"courseId\":53…","service":"stargem-manager","timestamp":"2026-05-04 03:09:35"}
{"level":"info","message":"GET /api/enrollments 304 in 224ms :: []","service":"stargem-manager","timestamp":"2026-05-04 03:09:35"}
{"level":"info","message":"GET /api/enrollments 304 in 218ms :: [{\"id\":7224,\"memberId\":14186,\"courseId\":56…","service":"stargem-manager","timestamp":"2026-05-04 03:09:35"}
{"level":"info","message":"GET /api/enrollments 304 in 220ms :: [{\"id\":6929,\"memberId\":17989,\"courseId\":56…","service":"stargem-manager","timestamp":"2026-05-04 03:09:35"}
{"level":"info","message":"GET /api/enrollments 304 in 246ms :: [{\"id\":6071,\"memberId\":15573,\"courseId\":52…","service":"stargem-manager","timestamp":"2026-05-04 03:09:35"}
{"level":"info","message":"GET /api/enrollments 304 in 232ms :: [{\"id\":10586,\"memberId\":14957,\"courseId\":7…","service":"stargem-manager","timestamp":"2026-05-04 03:09:35"}
{"level":"info","message":"GET /api/enrollments 304 in 249ms :: []","service":"stargem-manager","timestamp":"2026-05-04 03:09:35"}
{"level":"info","message":"GET /api/enrollments 304 in 270ms :: []","service":"stargem-manager","timestamp":"2026-05-04 03:09:35"}
{"level":"info","message":"GET /api/todos 304 in 310ms :: [{\"id\":1,\"text\":\"Implementare verifica SMS/Whats…","service":"stargem-manager","timestamp":"2026-05-04 03:09:44"}
{"level":"info","message":"GET /api/team-comments 304 in 307ms :: [{\"id\":20,\"authorId\":\"admin-id\",\"authorN…","service":"stargem-manager","timestamp":"2026-05-04 03:09:44"}
{"level":"info","message":"GET /api/team-notes 304 in 230ms :: []","service":"stargem-manager","timestamp":"2026-05-04 03:09:45"}
{"level":"info","message":"GET /api/individual-lesson-categories 200 in 184ms","service":"stargem-manager","timestamp":"2026-05-04 03:09:45"}
{"level":"info","message":"GET /api/sunday-categories 200 in 186ms","service":"stargem-manager","timestamp":"2026-05-04 03:09:45"}
{"level":"info","message":"GET /api/campus-categories 200 in 184ms","service":"stargem-manager","timestamp":"2026-05-04 03:09:45"}
{"level":"info","message":"GET /api/training-categories 200 in 208ms","service":"stargem-manager","timestamp":"2026-05-04 03:09:45"}
{"level":"info","message":"GET /api/rental-categories 200 in 209ms","service":"stargem-manager","timestamp":"2026-05-04 03:09:45"}
{"level":"info","message":"GET /api/recital-categories 200 in 231ms","service":"stargem-manager","timestamp":"2026-05-04 03:09:45"}
{"level":"info","message":"GET /api/merchandising-categories 200 in 180ms","service":"stargem-manager","timestamp":"2026-05-04 03:09:45"}
{"level":"info","message":"GET /api/booking-service-categories 200 in 181ms","service":"stargem-manager","timestamp":"2026-05-04 03:09:45"}
{"level":"info","message":"GET /api/vacation-categories 200 in 205ms","service":"stargem-manager","timestamp":"2026-05-04 03:09:45"}
{"level":"info","message":"GET /api/workshop-categories 200 in 207ms","service":"stargem-manager","timestamp":"2026-05-04 03:09:45"}
{"level":"info","message":"GET /api/custom-lists/categorie 304 in 240ms :: {\"id\":23,\"name\":\"Categorie\",\"sy…","service":"stargem-manager","timestamp":"2026-05-04 03:09:45"}
{"level":"info","message":"GET /api/courses 304 in 273ms :: [{\"id\":813,\"sku\":\"2526CAMPUSDANZAS2\",\"name\":\"C…","service":"stargem-manager","timestamp":"2026-05-04 03:09:46"}
{"level":"info","message":"GET /api/studios 304 in 192ms :: [{\"id\":10,\"name\":\"STUDIO 01 (80mq)\",\"floor\":\"\"…","service":"stargem-manager","timestamp":"2026-05-04 03:09:46"}
{"level":"info","message":"GET /api/instructors 304 in 208ms :: [{\"id\":2336,\"userId\":null,\"firstName\":\"ANT…","service":"stargem-manager","timestamp":"2026-05-04 03:09:46"}
{"level":"info","message":"GET /api/enrollments 304 in 355ms :: [{\"id\":256,\"memberId\":14240,\"courseId\":385…","service":"stargem-manager","timestamp":"2026-05-04 03:09:46"}
{"level":"info","message":"GET /api/users/presence/active 200 in 562ms :: [{\"id\":\"admin-id\",\"username\":\"ad…","service":"stargem-manager","timestamp":"2026-05-04 03:09:49"}
{"level":"info","message":"GET /api/team-notes 304 in 335ms :: []","service":"stargem-manager","timestamp":"2026-05-04 03:09:54"}
{"level":"info","message":"GET /api/team-comments 304 in 227ms :: [{\"id\":20,\"authorId\":\"admin-id\",\"authorN…","service":"stargem-manager","timestamp":"2026-05-04 03:09:54"}
{"level":"info","message":"GET /api/todos 304 in 250ms :: [{\"id\":1,\"text\":\"Implementare verifica SMS/Whats…","service":"stargem-manager","timestamp":"2026-05-04 03:09:54"}
{"level":"info","message":"GET /api/custom-lists/pacchetti_prenotazioni 304 in 210ms :: {\"items\":[]}","service":"stargem-manager","timestamp":"2026-05-04 03:09:55"}
{"level":"info","message":"GET /api/custom-lists/livello 304 in 239ms :: {\"id\":5,\"name\":\"Livello\",\"systemN…","service":"stargem-manager","timestamp":"2026-05-04 03:09:55"}
{"level":"info","message":"GET /api/custom-lists/campus 304 in 258ms :: {\"id\":22,\"name\":\"Campus\",\"systemNa…","service":"stargem-manager","timestamp":"2026-05-04 03:09:55"}
{"level":"info","message":"GET /api/custom-lists/nomi_corsi 304 in 260ms :: {\"id\":15,\"name\":\"Generi Corsi\"…","service":"stargem-manager","timestamp":"2026-05-04 03:09:55"}
{"level":"info","message":"GET /api/custom-lists/posti_disponibili 304 in 265ms :: {\"id\":14,\"name\":\"Posti …","service":"stargem-manager","timestamp":"2026-05-04 03:09:55"}
{"level":"info","message":"GET /api/custom-lists/fascia_eta 304 in 294ms :: {\"id\":6,\"name\":\"Fascia età\",\"s…","service":"stargem-manager","timestamp":"2026-05-04 03:09:55"}
{"level":"info","message":"GET /api/activity-statuses 304 in 168ms :: [{\"id\":5,\"name\":\"APERTO\",\"color\":\"#2…","service":"stargem-manager","timestamp":"2026-05-04 03:09:55"}
{"level":"info","message":"GET /api/quotes 304 in 201ms :: [{\"id\":34,\"name\":\"1 OPEN BALLO\",\"amount\":\"1300.…","service":"stargem-manager","timestamp":"2026-05-04 03:09:55"}
{"level":"info","message":"GET /api/custom-lists/genere 304 in 209ms :: {\"id\":21,\"name\":\"Generi Workshop\",…","service":"stargem-manager","timestamp":"2026-05-04 03:09:55"}
{"level":"info","message":"GET /api/courses 304 in 232ms :: [{\"id\":517,\"sku\":\"2526STANISCIMAR13\",\"name\":\"P…","service":"stargem-manager","timestamp":"2026-05-04 03:09:55"}
{"level":"info","message":"GET /api/members 304 in 245ms :: {\"members\":[{\"id\":15616,\"firstName\":\"LIA\",\"las…","service":"stargem-manager","timestamp":"2026-05-04 03:09:55"}
{"level":"info","message":"GET /api/custom-lists/numero_persone 304 in 212ms :: {\"id\":25,\"name\":\"Numero Pe…","service":"stargem-manager","timestamp":"2026-05-04 03:09:55"}
{"level":"info","message":"GET /api/custom-lists/stato_corso 304 in 221ms :: {\"id\":34,\"name\":\"Stato Corso\"…","service":"stargem-manager","timestamp":"2026-05-04 03:09:55"}
{"level":"info","message":"GET /api/attendances 304 in 220ms :: []","service":"stargem-manager","timestamp":"2026-05-04 03:09:55"}
{"level":"info","message":"GET /api/enrollments 304 in 276ms :: [{\"id\":65,\"memberId\":14194,\"courseId\":7,\"p…","service":"stargem-manager","timestamp":"2026-05-04 03:09:55"}
{"level":"info","message":"GET /api/team-notes 304 in 304ms :: []","service":"stargem-manager","timestamp":"2026-05-04 03:10:03"}
{"level":"info","message":"GET /api/strategic-events 304 in 209ms :: [{\"id\":48,\"title\":\"Ferragosto\",\"descr…","service":"stargem-manager","timestamp":"2026-05-04 03:10:03"}
{"level":"info","message":"GET /api/courses 200 in 218ms :: [{\"id\":849,\"sku\":\"2627ALMEIDALUN19\",\"name\":\"Fu…","service":"stargem-manager","timestamp":"2026-05-04 03:10:03"}
{"level":"info","message":"POST /api/users/presence/heartbeat 200 in 348ms :: {\"success\":true}","service":"stargem-manager","timestamp":"2026-05-04 03:10:03"}
{"level":"info","message":"GET /api/courses/30/enrolled-members 304 in 259ms :: [{\"enrollment_id\":593,\"mem…","service":"stargem-manager","timestamp":"2026-05-04 03:10:03"}
{"level":"info","message":"GET /api/payments 304 in 284ms :: []","service":"stargem-manager","timestamp":"2026-05-04 03:10:04"}
{"level":"info","message":"GET /api/team-comments 304 in 218ms :: [{\"id\":20,\"authorId\":\"admin-id\",\"authorN…","service":"stargem-manager","timestamp":"2026-05-04 03:10:04"}
{"level":"info","message":"GET /api/todos 304 in 375ms :: [{\"id\":1,\"text\":\"Implementare verifica SMS/Whats…","service":"stargem-manager","timestamp":"2026-05-04 03:10:05"}
{"level":"info","message":"GET /api/users/presence/active 200 in 535ms :: [{\"id\":\"admin-id\",\"username\":\"ad…","service":"stargem-manager","timestamp":"2026-05-04 03:10:05"}
{"level":"info","message":"GET /api/enrollments 304 in 281ms :: [{\"id\":593,\"memberId\":14327,\"courseId\":30}…","service":"stargem-manager","timestamp":"2026-05-04 03:10:06"}
{"level":"info","message":"GET /api/custom-lists/stato_corso 304 in 345ms :: {\"id\":34,\"name\":\"Stato Corso\"…","service":"stargem-manager","timestamp":"2026-05-04 03:10:06"}
{"level":"info","message":"GET /api/custom-lists/tag_interni 304 in 368ms :: {\"id\":35,\"name\":\"Interno Cors…","service":"stargem-manager","timestamp":"2026-05-04 03:10:06"}
{"level":"info","message":"GET /api/custom-lists/stato_corso 304 in 258ms :: {\"id\":34,\"name\":\"Stato Corso\"…","service":"stargem-manager","timestamp":"2026-05-04 03:10:10"}
{"level":"info","message":"GET /api/team-comments 304 in 306ms :: [{\"id\":20,\"authorId\":\"admin-id\",\"authorN…","service":"stargem-manager","timestamp":"2026-05-04 03:10:15"}
{"level":"info","message":"GET /api/todos 304 in 195ms :: [{\"id\":1,\"text\":\"Implementare verifica SMS/Whats…","service":"stargem-manager","timestamp":"2026-05-04 03:10:15"}
{"level":"info","message":"GET /api/enrollments 304 in 222ms :: [{\"id\":593,\"memberId\":14327,\"courseId\":30}…","service":"stargem-manager","timestamp":"2026-05-04 03:10:15"}
{"level":"info","message":"GET /api/custom-lists/stato_corso 304 in 265ms :: {\"id\":34,\"name\":\"Stato Corso\"…","service":"stargem-manager","timestamp":"2026-05-04 03:10:15"}
{"level":"info","message":"GET /api/users/presence/active 304 in 561ms :: [{\"id\":\"admin-id\",\"username\":\"ad…","service":"stargem-manager","timestamp":"2026-05-04 03:10:20"}
{"level":"info","message":"GET /api/team-comments 304 in 304ms :: [{\"id\":20,\"authorId\":\"admin-id\",\"authorN…","service":"stargem-manager","timestamp":"2026-05-04 03:10:25"}
{"level":"info","message":"GET /api/todos 304 in 316ms :: [{\"id\":1,\"text\":\"Implementare verifica SMS/Whats…","service":"stargem-manager","timestamp":"2026-05-04 03:10:25"}
{"level":"info","message":"POST /api/users/presence/heartbeat 200 in 342ms :: {\"success\":true}","service":"stargem-manager","timestamp":"2026-05-04 03:10:34"}
{"level":"info","message":"GET /api/gemteam/permessi/pending-count 304 in 172ms :: {\"count\":0}","service":"stargem-manager","timestamp":"2026-05-04 03:10:34"}
{"level":"info","message":"GET /api/team-comments 304 in 293ms :: [{\"id\":20,\"authorId\":\"admin-id\",\"authorN…","service":"stargem-manager","timestamp":"2026-05-04 03:10:35"}
{"level":"info","message":"GET /api/todos 304 in 293ms :: [{\"id\":1,\"text\":\"Implementare verifica SMS/Whats…","service":"stargem-manager","timestamp":"2026-05-04 03:10:35"}
{"level":"info","message":"GET /api/users/presence/active 200 in 533ms :: [{\"id\":\"admin-id\",\"username\":\"ad…","service":"stargem-manager","timestamp":"2026-05-04 03:10:36"}
{"level":"info","message":"GET /api/team-comments 304 in 302ms :: [{\"id\":20,\"authorId\":\"admin-id\",\"authorN…","service":"stargem-manager","timestamp":"2026-05-04 03:10:46"}
{"level":"info","message":"GET /api/todos 304 in 305ms :: [{\"id\":1,\"text\":\"Implementare verifica SMS/Whats…","service":"stargem-manager","timestamp":"2026-05-04 03:10:46"}
{"level":"info","message":"GET /api/users/presence/active 304 in 543ms :: [{\"id\":\"admin-id\",\"username\":\"ad…","service":"stargem-manager","timestamp":"2026-05-04 03:10:51"}
{"level":"info","message":"GET /api/team-comments 304 in 302ms :: [{\"id\":20,\"authorId\":\"admin-id\",\"authorN…","service":"stargem-manager","timestamp":"2026-05-04 03:10:56"}
{"level":"info","message":"GET /api/todos 304 in 303ms :: [{\"id\":1,\"text\":\"Implementare verifica SMS/Whats…","service":"stargem-manager","timestamp":"2026-05-04 03:10:56"}
{"level":"info","message":"GET /api/enrollments 304 in 235ms :: [{\"id\":593,\"memberId\":14327,\"courseId\":30}…","service":"stargem-manager","timestamp":"2026-05-04 03:11:02"}
{"level":"info","message":"POST /api/users/presence/heartbeat 200 in 429ms :: {\"success\":true}","service":"stargem-manager","timestamp":"2026-05-04 03:11:06"}
{"level":"info","message":"GET /api/team-comments 304 in 240ms :: [{\"id\":20,\"authorId\":\"admin-id\",\"authorN…","service":"stargem-manager","timestamp":"2026-05-04 03:11:06"}
{"level":"info","message":"GET /api/todos 304 in 240ms :: [{\"id\":1,\"text\":\"Implementare verifica SMS/Whats…","service":"stargem-manager","timestamp":"2026-05-04 03:11:06"}
{"level":"info","message":"GET /api/users/presence/active 200 in 467ms :: [{\"id\":\"admin-id\",\"username\":\"ad…","service":"stargem-manager","timestamp":"2026-05-04 03:11:07"}
{"level":"info","message":"GET /api/team-comments 304 in 311ms :: [{\"id\":20,\"authorId\":\"admin-id\",\"authorN…","service":"stargem-manager","timestamp":"2026-05-04 03:11:17"}
{"level":"info","message":"GET /api/todos 304 in 318ms :: [{\"id\":1,\"text\":\"Implementare verifica SMS/Whats…","service":"stargem-manager","timestamp":"2026-05-04 03:11:17"}
{"level":"info","message":"GET /api/users/presence/active 304 in 567ms :: [{\"id\":\"admin-id\",\"username\":\"ad…","service":"stargem-manager","timestamp":"2026-05-04 03:11:22"}
{"level":"info","message":"GET /api/team-comments 304 in 307ms :: [{\"id\":20,\"authorId\":\"admin-id\",\"authorN…","service":"stargem-manager","timestamp":"2026-05-04 03:11:27"}
{"level":"info","message":"GET /api/todos 304 in 309ms :: [{\"id\":1,\"text\":\"Implementare verifica SMS/Whats…","service":"stargem-manager","timestamp":"2026-05-04 03:11:27"}
{"level":"info","message":"GET /api/gemteam/permessi/pending-count 304 in 238ms :: {\"count\":0}","service":"stargem-manager","timestamp":"2026-05-04 03:11:34"}
{"level":"info","message":"GET /api/team-comments 304 in 312ms :: [{\"id\":20,\"authorId\":\"admin-id\",\"authorN…","service":"stargem-manager","timestamp":"2026-05-04 03:11:37"}
{"level":"info","message":"GET /api/todos 304 in 314ms :: [{\"id\":1,\"text\":\"Implementare verifica SMS/Whats…","service":"stargem-manager","timestamp":"2026-05-04 03:11:37"}
{"level":"info","message":"GET /api/users/presence/active 304 in 464ms :: [{\"id\":\"admin-id\",\"username\":\"ad…","service":"stargem-manager","timestamp":"2026-05-04 03:11:38"}
{"level":"info","message":"GET /api/team-comments 304 in 308ms :: [{\"id\":20,\"authorId\":\"admin-id\",\"authorN…","service":"stargem-manager","timestamp":"2026-05-04 03:11:48"}
{"level":"info","message":"GET /api/todos 304 in 311ms :: [{\"id\":1,\"text\":\"Implementare verifica SMS/Whats…","service":"stargem-manager","timestamp":"2026-05-04 03:11:48"}
{"level":"info","message":"GET /api/users/presence/active 304 in 606ms :: [{\"id\":\"admin-id\",\"username\":\"ad…","service":"stargem-manager","timestamp":"2026-05-04 03:11:53"}
{"level":"info","message":"GET /api/team-comments 304 in 311ms :: [{\"id\":20,\"authorId\":\"admin-id\",\"authorN…","service":"stargem-manager","timestamp":"2026-05-04 03:11:58"}
{"level":"info","message":"GET /api/todos 304 in 314ms :: [{\"id\":1,\"text\":\"Implementare verifica SMS/Whats…","service":"stargem-manager","timestamp":"2026-05-04 03:11:58"}
{"level":"info","message":"POST /api/users/presence/heartbeat 200 in 347ms :: {\"success\":true}","service":"stargem-manager","timestamp":"2026-05-04 03:12:01"}
{"level":"info","message":"GET /api/team-comments 304 in 307ms :: [{\"id\":20,\"authorId\":\"admin-id\",\"authorN…","service":"stargem-manager","timestamp":"2026-05-04 03:12:08"}
{"level":"info","message":"GET /api/todos 304 in 311ms :: [{\"id\":1,\"text\":\"Implementare verifica SMS/Whats…","service":"stargem-manager","timestamp":"2026-05-04 03:12:08"}
{"level":"info","message":"GET /api/users/presence/active 200 in 434ms :: [{\"id\":\"admin-id\",\"username\":\"ad…","service":"stargem-manager","timestamp":"2026-05-04 03:12:09"}
{"level":"info","message":"GET /api/team-notes 304 in 334ms :: []","service":"stargem-manager","timestamp":"2026-05-04 03:12:11"}
{"level":"info","message":"GET /api/team-comments 304 in 310ms :: [{\"id\":20,\"authorId\":\"admin-id\",\"authorN…","service":"stargem-manager","timestamp":"2026-05-04 03:12:19"}
{"level":"info","message":"GET /api/todos 304 in 312ms :: [{\"id\":1,\"text\":\"Implementare verifica SMS/Whats…","service":"stargem-manager","timestamp":"2026-05-04 03:12:19"}
{"level":"info","message":"GET /api/users/presence/active 304 in 536ms :: [{\"id\":\"admin-id\",\"username\":\"ad…","service":"stargem-manager","timestamp":"2026-05-04 03:12:24"}
{"level":"info","message":"GET /api/team-notes 304 in 156ms :: []","service":"stargem-manager","timestamp":"2026-05-04 03:12:25"}
{"level":"info","message":"GET /api/team-comments 304 in 304ms :: [{\"id\":20,\"authorId\":\"admin-id\",\"authorN…","service":"stargem-manager","timestamp":"2026-05-04 03:12:29"}
{"level":"info","message":"GET /api/todos 304 in 309ms :: [{\"id\":1,\"text\":\"Implementare verifica SMS/Whats…","service":"stargem-manager","timestamp":"2026-05-04 03:12:29"}
{"level":"info","message":"GET /api/gemteam/permessi/pending-count 304 in 241ms :: {\"count\":0}","service":"stargem-manager","timestamp":"2026-05-04 03:12:34"}
{"level":"info","message":"GET /api/team-comments 304 in 307ms :: [{\"id\":20,\"authorId\":\"admin-id\",\"authorN…","service":"stargem-manager","timestamp":"2026-05-04 03:12:39"}
{"level":"info","message":"GET /api/todos 304 in 310ms :: [{\"id\":1,\"text\":\"Implementare verifica SMS/Whats…","service":"stargem-manager","timestamp":"2026-05-04 03:12:39"}
{"level":"info","message":"GET /api/users/presence/active 304 in 553ms :: [{\"id\":\"admin-id\",\"username\":\"ad…","service":"stargem-manager","timestamp":"2026-05-04 03:12:40"}
{"level":"info","message":"GET /api/team-comments 304 in 310ms :: [{\"id\":20,\"authorId\":\"admin-id\",\"authorN…","service":"stargem-manager","timestamp":"2026-05-04 03:12:49"}
{"level":"info","message":"GET /api/todos 304 in 312ms :: [{\"id\":1,\"text\":\"Implementare verifica SMS/Whats…","service":"stargem-manager","timestamp":"2026-05-04 03:12:49"}
{"level":"info","message":"GET /api/users/presence/active 304 in 533ms :: [{\"id\":\"admin-id\",\"username\":\"ad…","service":"stargem-manager","timestamp":"2026-05-04 03:12:56"}
{"level":"info","message":"GET /api/team-comments 304 in 303ms :: [{\"id\":20,\"authorId\":\"admin-id\",\"authorN…","service":"stargem-manager","timestamp":"2026-05-04 03:13:00"}
{"level":"info","message":"GET /api/todos 304 in 303ms :: [{\"id\":1,\"text\":\"Implementare verifica SMS/Whats…","service":"stargem-manager","timestamp":"2026-05-04 03:13:00"}
{"level":"info","message":"GET /api/enrollments 200 in 241ms :: [{\"id\":593,\"memberId\":14327,\"courseId\":30}…","service":"stargem-manager","timestamp":"2026-05-04 03:13:05"}
{"level":"info","message":"GET /api/team-comments 304 in 300ms :: [{\"id\":20,\"authorId\":\"admin-id\",\"authorN…","service":"stargem-manager","timestamp":"2026-05-04 03:13:10"}
{"level":"info","message":"GET /api/todos 304 in 300ms :: [{\"id\":1,\"text\":\"Implementare verifica SMS/Whats…","service":"stargem-manager","timestamp":"2026-05-04 03:13:10"}
{"level":"info","message":"GET /api/users/presence/active 200 in 559ms :: [{\"id\":\"admin-id\",\"username\":\"ad…","service":"stargem-manager","timestamp":"2026-05-04 03:13:11"}
{"level":"info","message":"POST /api/users/presence/heartbeat 200 in 262ms :: {\"success\":true}","service":"stargem-manager","timestamp":"2026-05-04 03:13:17"}
{"level":"info","message":"GET /api/team-comments 304 in 308ms :: [{\"id\":20,\"authorId\":\"admin-id\",\"authorN…","service":"stargem-manager","timestamp":"2026-05-04 03:13:20"}
{"level":"info","message":"GET /api/todos 304 in 310ms :: [{\"id\":1,\"text\":\"Implementare verifica SMS/Whats…","service":"stargem-manager","timestamp":"2026-05-04 03:13:20"}
{"level":"info","message":"GET /api/team-notes 304 in 235ms :: []","service":"stargem-manager","timestamp":"2026-05-04 03:13:21"}
{"level":"info","message":"GET /api/users/presence/active 200 in 539ms :: [{\"id\":\"admin-id\",\"username\":\"ad…","service":"stargem-manager","timestamp":"2026-05-04 03:13:27"}
{"level":"info","message":"GET /api/team-notes 304 in 310ms :: []","service":"stargem-manager","timestamp":"2026-05-04 03:13:29"}
{"level":"info","message":"GET /api/team-comments 304 in 272ms :: [{\"id\":20,\"authorId\":\"admin-id\",\"authorN…","service":"stargem-manager","timestamp":"2026-05-04 03:13:31"}
{"level":"info","message":"GET /api/todos 304 in 284ms :: [{\"id\":1,\"text\":\"Implementare verifica SMS/Whats…","service":"stargem-manager","timestamp":"2026-05-04 03:13:31"}
{"level":"info","message":"GET /api/team-comments 304 in 303ms :: [{\"id\":20,\"authorId\":\"admin-id\",\"authorN…","service":"stargem-manager","timestamp":"2026-05-04 03:13:41"}
{"level":"info","message":"GET /api/todos 304 in 303ms :: [{\"id\":1,\"text\":\"Implementare verifica SMS/Whats…","service":"stargem-manager","timestamp":"2026-05-04 03:13:41"}
{"level":"info","message":"GET /api/users/presence/active 304 in 489ms :: [{\"id\":\"admin-id\",\"username\":\"ad…","service":"stargem-manager","timestamp":"2026-05-04 03:13:42"}
{"level":"info","message":"GET /api/team-comments 304 in 305ms :: [{\"id\":20,\"authorId\":\"admin-id\",\"authorN…","service":"stargem-manager","timestamp":"2026-05-04 03:13:51"}
{"level":"info","message":"GET /api/todos 304 in 304ms :: [{\"id\":1,\"text\":\"Implementare verifica SMS/Whats…","service":"stargem-manager","timestamp":"2026-05-04 03:13:51"}
{"level":"info","message":"GET /api/users/presence/active 304 in 630ms :: [{\"id\":\"admin-id\",\"username\":\"ad…","service":"stargem-manager","timestamp":"2026-05-04 03:13:58"}
{"level":"info","message":"POST /api/users/presence/heartbeat 200 in 341ms :: {\"success\":true}","service":"stargem-manager","timestamp":"2026-05-04 03:14:00"}
{"level":"info","message":"GET /api/team-comments 304 in 289ms :: [{\"id\":20,\"authorId\":\"admin-id\",\"authorN…","service":"stargem-manager","timestamp":"2026-05-04 03:14:02"}
{"level":"info","message":"GET /api/todos 304 in 292ms :: [{\"id\":1,\"text\":\"Implementare verifica SMS/Whats…","service":"stargem-manager","timestamp":"2026-05-04 03:14:02"}
{"level":"info","message":"GET /api/team-comments 304 in 299ms :: [{\"id\":20,\"authorId\":\"admin-id\",\"authorN…","service":"stargem-manager","timestamp":"2026-05-04 03:14:12"}
{"level":"info","message":"GET /api/todos 304 in 302ms :: [{\"id\":1,\"text\":\"Implementare verifica SMS/Whats…","service":"stargem-manager","timestamp":"2026-05-04 03:14:12"}
{"level":"info","message":"GET /api/users/presence/active 200 in 551ms :: [{\"id\":\"admin-id\",\"username\":\"ad…","service":"stargem-manager","timestamp":"2026-05-04 03:14:13"}
{"level":"info","message":"GET /api/gemteam/permessi/pending-count 304 in 236ms :: {\"count\":0}","service":"stargem-manager","timestamp":"2026-05-04 03:14:17"}
{"level":"info","message":"GET /api/team-comments 304 in 305ms :: [{\"id\":20,\"authorId\":\"admin-id\",\"authorN…","service":"stargem-manager","timestamp":"2026-05-04 03:14:22"}
{"level":"info","message":"GET /api/todos 304 in 304ms :: [{\"id\":1,\"text\":\"Implementare verifica SMS/Whats…","service":"stargem-manager","timestamp":"2026-05-04 03:14:22"}
{"level":"info","message":"GET /api/users/presence/active 304 in 543ms :: [{\"id\":\"admin-id\",\"username\":\"ad…","service":"stargem-manager","timestamp":"2026-05-04 03:14:29"}
{"level":"info","message":"GET /api/team-comments 304 in 302ms :: [{\"id\":20,\"authorId\":\"admin-id\",\"authorN…","service":"stargem-manager","timestamp":"2026-05-04 03:14:32"}
{"level":"info","message":"GET /api/todos 304 in 305ms :: [{\"id\":1,\"text\":\"Implementare verifica SMS/Whats…","service":"stargem-manager","timestamp":"2026-05-04 03:14:33"}
{"level":"info","message":"GET /api/team-comments 304 in 324ms :: [{\"id\":20,\"authorId\":\"admin-id\",\"authorN…","service":"stargem-manager","timestamp":"2026-05-04 03:14:43"}
{"level":"info","message":"GET /api/todos 304 in 327ms :: [{\"id\":1,\"text\":\"Implementare verifica SMS/Whats…","service":"stargem-manager","timestamp":"2026-05-04 03:14:43"}
{"level":"info","message":"GET /api/users/presence/active 200 in 533ms :: [{\"id\":\"admin-id\",\"username\":\"ad…","service":"stargem-manager","timestamp":"2026-05-04 03:14:45"}
{"level":"info","message":"GET /api/team-comments 304 in 300ms :: [{\"id\":20,\"authorId\":\"admin-id\",\"authorN…","service":"stargem-manager","timestamp":"2026-05-04 03:14:53"}
{"level":"info","message":"GET /api/todos 304 in 302ms :: [{\"id\":1,\"text\":\"Implementare verifica SMS/Whats…","service":"stargem-manager","timestamp":"2026-05-04 03:14:53"}
{"level":"info","message":"GET /api/users/presence/active 304 in 537ms :: [{\"id\":\"admin-id\",\"username\":\"ad…","service":"stargem-manager","timestamp":"2026-05-04 03:15:00"}
{"level":"info","message":"GET /api/team-comments 304 in 301ms :: [{\"id\":20,\"authorId\":\"admin-id\",\"authorN…","service":"stargem-manager","timestamp":"2026-05-04 03:15:03"}
{"level":"info","message":"GET /api/todos 304 in 303ms :: [{\"id\":1,\"text\":\"Implementare verifica SMS/Whats…","service":"stargem-manager","timestamp":"2026-05-04 03:15:03"}
{"level":"info","message":"GET /api/team-comments 304 in 301ms :: [{\"id\":20,\"authorId\":\"admin-id\",\"authorN…","service":"stargem-manager","timestamp":"2026-05-04 03:15:14"}
{"level":"info","message":"GET /api/todos 304 in 306ms :: [{\"id\":1,\"text\":\"Implementare verifica SMS/Whats…","service":"stargem-manager","timestamp":"2026-05-04 03:15:14"}
{"level":"info","message":"GET /api/users/presence/active 304 in 552ms :: [{\"id\":\"admin-id\",\"username\":\"ad…","service":"stargem-manager","timestamp":"2026-05-04 03:15:16"}
{"level":"info","message":"GET /api/gemteam/permessi/pending-count 304 in 182ms :: {\"count\":0}","service":"stargem-manager","timestamp":"2026-05-04 03:15:17"}
{"level":"info","message":"GET /api/team-comments 304 in 307ms :: [{\"id\":20,\"authorId\":\"admin-id\",\"authorN…","service":"stargem-manager","timestamp":"2026-05-04 03:15:24"}
{"level":"info","message":"GET /api/todos 304 in 309ms :: [{\"id\":1,\"text\":\"Implementare verifica SMS/Whats…","service":"stargem-manager","timestamp":"2026-05-04 03:15:24"}
{"level":"info","message":"GET /api/users/presence/active 304 in 565ms :: [{\"id\":\"admin-id\",\"username\":\"ad…","service":"stargem-manager","timestamp":"2026-05-04 03:15:31"}
{"level":"info","message":"GET /api/team-comments 304 in 306ms :: [{\"id\":20,\"authorId\":\"admin-id\",\"authorN…","service":"stargem-manager","timestamp":"2026-05-04 03:15:34"}
{"level":"info","message":"GET /api/todos 304 in 309ms :: [{\"id\":1,\"text\":\"Implementare verifica SMS/Whats…","service":"stargem-manager","timestamp":"2026-05-04 03:15:34"}
{"level":"info","message":"GET /api/team-comments 304 in 309ms :: [{\"id\":20,\"authorId\":\"admin-id\",\"authorN…","service":"stargem-manager","timestamp":"2026-05-04 03:15:45"}
{"level":"info","message":"GET /api/todos 304 in 312ms :: [{\"id\":1,\"text\":\"Implementare verifica SMS/Whats…","service":"stargem-manager","timestamp":"2026-05-04 03:15:45"}
{"level":"info","message":"GET /api/users/presence/active 200 in 555ms :: [{\"id\":\"admin-id\",\"username\":\"ad…","service":"stargem-manager","timestamp":"2026-05-04 03:15:47"}
{"level":"info","message":"GET /api/team-comments 304 in 304ms :: [{\"id\":20,\"authorId\":\"admin-id\",\"authorN…","service":"stargem-manager","timestamp":"2026-05-04 03:15:55"}
{"level":"info","message":"GET /api/todos 304 in 304ms :: [{\"id\":1,\"text\":\"Implementare verifica SMS/Whats…","service":"stargem-manager","timestamp":"2026-05-04 03:15:55"}
{"level":"info","message":"GET /api/users/presence/active 304 in 574ms :: [{\"id\":\"admin-id\",\"username\":\"ad…","service":"stargem-manager","timestamp":"2026-05-04 03:16:02"}
{"level":"info","message":"POST /api/users/presence/heartbeat 200 in 308ms :: {\"success\":true}","service":"stargem-manager","timestamp":"2026-05-04 03:16:03"}
{"level":"info","message":"GET /api/enrollments 304 in 296ms :: [{\"id\":593,\"memberId\":14327,\"courseId\":30}…","service":"stargem-manager","timestamp":"2026-05-04 03:16:05"}
{"level":"info","message":"GET /api/custom-lists/tag_interni 304 in 357ms :: {\"id\":35,\"name\":\"Interno Cors…","service":"stargem-manager","timestamp":"2026-05-04 03:16:05"}
{"level":"info","message":"GET /api/custom-lists/stato_corso 304 in 360ms :: {\"id\":34,\"name\":\"Stato Corso\"…","service":"stargem-manager","timestamp":"2026-05-04 03:16:05"}
{"level":"info","message":"GET /api/enrollments 304 in 174ms :: [{\"id\":593,\"memberId\":14327,\"courseId\":30}…","service":"stargem-manager","timestamp":"2026-05-04 03:16:05"}
{"level":"info","message":"GET /api/team-comments 304 in 219ms :: [{\"id\":20,\"authorId\":\"admin-id\",\"authorN…","service":"stargem-manager","timestamp":"2026-05-04 03:16:05"}
{"level":"info","message":"GET /api/todos 304 in 220ms :: [{\"id\":1,\"text\":\"Implementare verifica SMS/Whats…","service":"stargem-manager","timestamp":"2026-05-04 03:16:05"}
{"level":"info","message":"GET /api/team-comments 304 in 311ms :: [{\"id\":20,\"authorId\":\"admin-id\",\"authorN…","service":"stargem-manager","timestamp":"2026-05-04 03:16:16"}
{"level":"info","message":"GET /api/todos 304 in 313ms :: [{\"id\":1,\"text\":\"Implementare verifica SMS/Whats…","service":"stargem-manager","timestamp":"2026-05-04 03:16:16"}
{"level":"info","message":"GET /api/gemteam/permessi/pending-count 304 in 236ms :: {\"count\":0}","service":"stargem-manager","timestamp":"2026-05-04 03:16:17"}
{"level":"info","message":"GET /api/users/presence/active 200 in 491ms :: [{\"id\":\"admin-id\",\"username\":\"ad…","service":"stargem-manager","timestamp":"2026-05-04 03:16:18"}
{"level":"info","message":"GET /api/user 200 in 134ms :: {\"id\":\"admin-id\",\"username\":\"admin\",\"password\":\"d…","service":"stargem-manager","timestamp":"2026-05-04 03:16:27"}
{"level":"info","message":"GET /api/gemteam/permessi/pending-count 200 in 188ms :: {\"count\":0}","service":"stargem-manager","timestamp":"2026-05-04 03:16:27"}
{"level":"info","message":"GET /api/todos 200 in 325ms :: [{\"id\":1,\"text\":\"Implementare verifica SMS/Whats…","service":"stargem-manager","timestamp":"2026-05-04 03:16:28"}
{"level":"info","message":"GET /api/team-comments 200 in 321ms :: [{\"id\":20,\"authorId\":\"admin-id\",\"authorN…","service":"stargem-manager","timestamp":"2026-05-04 03:16:28"}
{"level":"info","message":"GET /api/users/presence/active 200 in 461ms :: [{\"id\":\"admin-id\",\"username\":\"ad…","service":"stargem-manager","timestamp":"2026-05-04 03:16:28"}
{"level":"info","message":"POST /api/users/presence/heartbeat 200 in 464ms :: {\"success\":true}","service":"stargem-manager","timestamp":"2026-05-04 03:16:28"}
{"level":"info","message":"GET /api/activities-summary 200 in 396ms :: {\"corsi\":{\"total\":289,\"active\":289}…","service":"stargem-manager","timestamp":"2026-05-04 03:16:28"}
{"level":"info","message":"GET /api/team-notes 200 in 371ms :: []","service":"stargem-manager","timestamp":"2026-05-04 03:16:28"}
{"level":"info","message":"GET /api/latest-activity 200 in 193ms :: {\"id\":2618,\"userId\":\"admin-id\",\"action…","service":"stargem-manager","timestamp":"2026-05-04 03:16:28"}
{"level":"info","message":"GET /api/courses/30/enrolled-members 304 in 170ms :: [{\"enrollment_id\":593,\"mem…","service":"stargem-manager","timestamp":"2026-05-04 03:16:28"}
{"level":"info","message":"GET /api/strategic-events 304 in 244ms :: [{\"id\":48,\"title\":\"Ferragosto\",\"descr…","service":"stargem-manager","timestamp":"2026-05-04 03:16:29"}
{"level":"info","message":"GET /api/courses 304 in 251ms :: [{\"id\":849,\"sku\":\"2627ALMEIDALUN19\",\"name\":\"Fu…","service":"stargem-manager","timestamp":"2026-05-04 03:16:29"}
{"level":"info","message":"GET /api/payments 304 in 270ms :: []","service":"stargem-manager","timestamp":"2026-05-04 03:16:29"}
{"level":"info","message":"GET /api/custom-lists/livello 304 in 182ms :: {\"id\":5,\"name\":\"Livello\",\"systemN…","service":"stargem-manager","timestamp":"2026-05-04 03:16:29"}
{"level":"info","message":"GET /api/custom-lists/campus 304 in 218ms :: {\"id\":22,\"name\":\"Campus\",\"systemNa…","service":"stargem-manager","timestamp":"2026-05-04 03:16:29"}
{"level":"info","message":"GET /api/custom-lists/nomi_corsi 304 in 221ms :: {\"id\":15,\"name\":\"Generi Corsi\"…","service":"stargem-manager","timestamp":"2026-05-04 03:16:29"}
{"level":"info","message":"GET /api/custom-lists/posti_disponibili 304 in 220ms :: {\"id\":14,\"name\":\"Posti …","service":"stargem-manager","timestamp":"2026-05-04 03:16:29"}
{"level":"info","message":"GET /api/custom-lists/fascia_eta 304 in 243ms :: {\"id\":6,\"name\":\"Fascia età\",\"s…","service":"stargem-manager","timestamp":"2026-05-04 03:16:29"}
{"level":"info","message":"GET /api/custom-lists/numero_persone 304 in 246ms :: {\"id\":25,\"name\":\"Numero Pe…","service":"stargem-manager","timestamp":"2026-05-04 03:16:29"}
{"level":"info","message":"GET /api/activity-statuses 304 in 166ms :: [{\"id\":5,\"name\":\"APERTO\",\"color\":\"#2…","service":"stargem-manager","timestamp":"2026-05-04 03:16:29"}
{"level":"info","message":"GET /api/quotes 304 in 201ms :: [{\"id\":34,\"name\":\"1 OPEN BALLO\",\"amount\":\"1300.…","service":"stargem-manager","timestamp":"2026-05-04 03:16:29"}
{"level":"info","message":"GET /api/custom-lists/pacchetti_prenotazioni 304 in 175ms :: {\"items\":[]}","service":"stargem-manager","timestamp":"2026-05-04 03:16:29"}
{"level":"info","message":"GET /api/studios 304 in 201ms :: [{\"id\":10,\"name\":\"STUDIO 01 (80mq)\",\"floor\":\"\"…","service":"stargem-manager","timestamp":"2026-05-04 03:16:29"}
{"level":"info","message":"GET /api/custom-lists/categorie 304 in 227ms :: {\"id\":23,\"name\":\"Categorie\",\"sy…","service":"stargem-manager","timestamp":"2026-05-04 03:16:29"}
{"level":"info","message":"GET /api/seasons 304 in 184ms :: [{\"id\":2,\"name\":\"2026/2027\",\"description\":null…","service":"stargem-manager","timestamp":"2026-05-04 03:16:29"}
{"level":"info","message":"GET /api/instructors 304 in 390ms :: [{\"id\":2336,\"userId\":null,\"firstName\":\"ANT…","service":"stargem-manager","timestamp":"2026-05-04 03:16:29"}
{"level":"info","message":"GET /api/members 304 in 229ms :: {\"members\":[{\"id\":15616,\"firstName\":\"LIA\",\"las…","service":"stargem-manager","timestamp":"2026-05-04 03:16:29"}
{"level":"info","message":"GET /api/enrollments 304 in 307ms :: [{\"id\":593,\"memberId\":14327,\"courseId\":30}…","service":"stargem-manager","timestamp":"2026-05-04 03:16:31"}
{"level":"info","message":"GET /api/custom-lists/tag_interni 304 in 344ms :: {\"id\":35,\"name\":\"Interno Cors…","service":"stargem-manager","timestamp":"2026-05-04 03:16:31"}
{"level":"info","message":"GET /api/custom-lists/stato_corso 304 in 345ms :: {\"id\":34,\"name\":\"Stato Corso\"…","service":"stargem-manager","timestamp":"2026-05-04 03:16:31"}
{"level":"info","message":"GET /api/attendances 304 in 327ms :: []","service":"stargem-manager","timestamp":"2026-05-04 03:16:31"}
{"level":"info","message":"GET /api/enrollments 304 in 173ms :: [{\"id\":593,\"memberId\":14327,\"courseId\":30}…","service":"stargem-manager","timestamp":"2026-05-04 03:16:32"}
{"level":"info","message":"GET /api/todos 304 in 286ms :: [{\"id\":1,\"text\":\"Implementare verifica SMS/Whats…","service":"stargem-manager","timestamp":"2026-05-04 03:16:38"}
{"level":"info","message":"GET /api/team-comments 304 in 268ms :: [{\"id\":20,\"authorId\":\"admin-id\",\"authorN…","service":"stargem-manager","timestamp":"2026-05-04 03:16:38"}
{"level":"info","message":"GET /api/users/presence/active 200 in 547ms :: [{\"id\":\"admin-id\",\"username\":\"ad…","service":"stargem-manager","timestamp":"2026-05-04 03:16:43"}
{"level":"info","message":"GET /api/todos 304 in 303ms :: [{\"id\":1,\"text\":\"Implementare verifica SMS/Whats…","service":"stargem-manager","timestamp":"2026-05-04 03:16:48"}
{"level":"info","message":"GET /api/team-comments 304 in 308ms :: [{\"id\":20,\"authorId\":\"admin-id\",\"authorN…","service":"stargem-manager","timestamp":"2026-05-04 03:16:48"}
{"level":"info","message":"POST /api/users/presence/heartbeat 200 in 345ms :: {\"success\":true}","service":"stargem-manager","timestamp":"2026-05-04 03:16:58"}
{"level":"info","message":"GET /api/todos 304 in 226ms :: [{\"id\":1,\"text\":\"Implementare verifica SMS/Whats…","service":"stargem-manager","timestamp":"2026-05-04 03:16:58"}
{"level":"info","message":"GET /api/team-comments 304 in 242ms :: [{\"id\":20,\"authorId\":\"admin-id\",\"authorN…","service":"stargem-manager","timestamp":"2026-05-04 03:16:59"}
{"level":"info","message":"GET /api/users/presence/active 200 in 535ms :: [{\"id\":\"admin-id\",\"username\":\"ad…","service":"stargem-manager","timestamp":"2026-05-04 03:16:59"}
{"level":"info","message":"GET /api/members 200 in 293ms :: {\"members\":[{\"id\":15616,\"firstName\":\"LIA\",\"las…","service":"stargem-manager","timestamp":"2026-05-04 03:17:04"}
{"level":"info","message":"GET /api/todos 304 in 278ms :: [{\"id\":1,\"text\":\"Implementare verifica SMS/Whats…","service":"stargem-manager","timestamp":"2026-05-04 03:17:09"}
{"level":"info","message":"GET /api/team-comments 304 in 292ms :: [{\"id\":20,\"authorId\":\"admin-id\",\"authorN…","service":"stargem-manager","timestamp":"2026-05-04 03:17:09"}
{"level":"info","message":"GET /api/courses/30/enrolled-members 200 in 281ms :: [{\"enrollment_id\":593,\"mem…","service":"stargem-manager","timestamp":"2026-05-04 03:17:14"}
{"level":"info","message":"GET /api/users/presence/active 304 in 616ms :: [{\"id\":\"admin-id\",\"username\":\"ad…","service":"stargem-manager","timestamp":"2026-05-04 03:17:14"}
{"level":"info","message":"GET /api/todos 304 in 282ms :: [{\"id\":1,\"text\":\"Implementare verifica SMS/Whats…","service":"stargem-manager","timestamp":"2026-05-04 03:17:19"}
{"level":"info","message":"GET /api/team-comments 304 in 285ms :: [{\"id\":20,\"authorId\":\"admin-id\",\"authorN…","service":"stargem-manager","timestamp":"2026-05-04 03:17:19"}
{"level":"info","message":"GET /api/gemteam/permessi/pending-count 304 in 235ms :: {\"count\":0}","service":"stargem-manager","timestamp":"2026-05-04 03:17:28"}
{"level":"info","message":"GET /api/todos 304 in 293ms :: [{\"id\":1,\"text\":\"Implementare verifica SMS/Whats…","service":"stargem-manager","timestamp":"2026-05-04 03:17:29"}
{"level":"info","message":"GET /api/team-comments 304 in 296ms :: [{\"id\":20,\"authorId\":\"admin-id\",\"authorN…","service":"stargem-manager","timestamp":"2026-05-04 03:17:29"}
{"level":"info","message":"GET /api/users/presence/active 304 in 477ms :: [{\"id\":\"admin-id\",\"username\":\"ad…","service":"stargem-manager","timestamp":"2026-05-04 03:17:30"}
{"level":"info","message":"GET /api/todos 304 in 290ms :: [{\"id\":1,\"text\":\"Implementare verifica SMS/Whats…","service":"stargem-manager","timestamp":"2026-05-04 03:17:40"}
{"level":"info","message":"GET /api/team-comments 304 in 298ms :: [{\"id\":20,\"authorId\":\"admin-id\",\"authorN…","service":"stargem-manager","timestamp":"2026-05-04 03:17:40"}
{"level":"info","message":"GET /api/users/presence/active 304 in 574ms :: [{\"id\":\"admin-id\",\"username\":\"ad…","service":"stargem-manager","timestamp":"2026-05-04 03:17:45"}
{"level":"info","message":"GET /api/todos 304 in 301ms :: [{\"id\":1,\"text\":\"Implementare verifica SMS/Whats…","service":"stargem-manager","timestamp":"2026-05-04 03:17:50"}
{"level":"info","message":"GET /api/team-comments 304 in 271ms :: [{\"id\":20,\"authorId\":\"admin-id\",\"authorN…","service":"stargem-manager","timestamp":"2026-05-04 03:17:50"}
{"level":"info","message":"GET /api/todos 304 in 302ms :: [{\"id\":1,\"text\":\"Implementare verifica SMS/Whats…","service":"stargem-manager","timestamp":"2026-05-04 03:18:00"}
{"level":"info","message":"GET /api/team-comments 304 in 304ms :: [{\"id\":20,\"authorId\":\"admin-id\",\"authorN…","service":"stargem-manager","timestamp":"2026-05-04 03:18:00"}
{"level":"info","message":"GET /api/users/presence/active 200 in 437ms :: [{\"id\":\"admin-id\",\"username\":\"ad…","service":"stargem-manager","timestamp":"2026-05-04 03:18:01"}
{"level":"info","message":"GET /api/todos 304 in 303ms :: [{\"id\":1,\"text\":\"Implementare verifica SMS/Whats…","service":"stargem-manager","timestamp":"2026-05-04 03:18:11"}
{"level":"info","message":"GET /api/team-comments 304 in 305ms :: [{\"id\":20,\"authorId\":\"admin-id\",\"authorN…","service":"stargem-manager","timestamp":"2026-05-04 03:18:11"}
{"level":"info","message":"GET /api/users/presence/active 304 in 550ms :: [{\"id\":\"admin-id\",\"username\":\"ad…","service":"stargem-manager","timestamp":"2026-05-04 03:18:16"}
{"level":"info","message":"GET /api/todos 304 in 304ms :: [{\"id\":1,\"text\":\"Implementare verifica SMS/Whats…","service":"stargem-manager","timestamp":"2026-05-04 03:18:21"}
{"level":"info","message":"GET /api/team-comments 304 in 307ms :: [{\"id\":20,\"authorId\":\"admin-id\",\"authorN…","service":"stargem-manager","timestamp":"2026-05-04 03:18:21"}
{"level":"info","message":"GET /api/gemteam/permessi/pending-count 304 in 236ms :: {\"count\":0}","service":"stargem-manager","timestamp":"2026-05-04 03:18:28"}
{"level":"info","message":"GET /api/todos 304 in 313ms :: [{\"id\":1,\"text\":\"Implementare verifica SMS/Whats…","service":"stargem-manager","timestamp":"2026-05-04 03:18:31"}
{"level":"info","message":"GET /api/team-comments 304 in 316ms :: [{\"id\":20,\"authorId\":\"admin-id\",\"authorN…","service":"stargem-manager","timestamp":"2026-05-04 03:18:31"}
{"level":"info","message":"GET /api/users/presence/active 304 in 441ms :: [{\"id\":\"admin-id\",\"username\":\"ad…","service":"stargem-manager","timestamp":"2026-05-04 03:18:32"}
{"level":"info","message":"GET /api/todos 304 in 308ms :: [{\"id\":1,\"text\":\"Implementare verifica SMS/Whats…","service":"stargem-manager","timestamp":"2026-05-04 03:18:42"}
{"level":"info","message":"GET /api/team-comments 304 in 313ms :: [{\"id\":20,\"authorId\":\"admin-id\",\"authorN…","service":"stargem-manager","timestamp":"2026-05-04 03:18:42"}
{"level":"info","message":"POST /api/users/presence/heartbeat 200 in 341ms :: {\"success\":true}","service":"stargem-manager","timestamp":"2026-05-04 03:18:45"}
{"level":"info","message":"GET /api/users/presence/active 200 in 588ms :: [{\"id\":\"admin-id\",\"username\":\"ad…","service":"stargem-manager","timestamp":"2026-05-04 03:18:48"}
{"level":"info","message":"GET /api/todos 304 in 299ms :: [{\"id\":1,\"text\":\"Implementare verifica SMS/Whats…","service":"stargem-manager","timestamp":"2026-05-04 03:18:52"}
{"level":"info","message":"GET /api/team-comments 304 in 299ms :: [{\"id\":20,\"authorId\":\"admin-id\",\"authorN…","service":"stargem-manager","timestamp":"2026-05-04 03:18:52"}
{"level":"info","message":"GET /api/team-notes 304 in 333ms :: []","service":"stargem-manager","timestamp":"2026-05-04 03:19:01"}
{"level":"info","message":"GET /api/seasons/active 304 in 171ms :: {\"id\":1,\"name\":\"Stagione 2025/2026\",\"de…","service":"stargem-manager","timestamp":"2026-05-04 03:19:01"}
{"level":"info","message":"GET /api/courses 304 in 234ms :: []","service":"stargem-manager","timestamp":"2026-05-04 03:19:02"}
{"level":"info","message":"GET /api/courses 304 in 272ms :: [{\"id\":517,\"sku\":\"2526STANISCIMAR13\",\"name\":\"P…","service":"stargem-manager","timestamp":"2026-05-04 03:19:02"}
{"level":"info","message":"GET /api/courses 304 in 274ms :: [{\"id\":802,\"sku\":\"2526AMBER-ALDRIN15MA\",\"name\"…","service":"stargem-manager","timestamp":"2026-05-04 03:19:02"}
{"level":"info","message":"GET /api/enrollments 304 in 296ms :: [{\"id\":12454,\"memberId\":18192,\"courseId\":5…","service":"stargem-manager","timestamp":"2026-05-04 03:19:02"}
{"level":"info","message":"GET /api/courses 304 in 255ms :: []","service":"stargem-manager","timestamp":"2026-05-04 03:19:02"}
{"level":"info","message":"GET /api/enrollments 304 in 451ms :: [{\"id\":65,\"memberId\":14194,\"courseId\":7,\"p…","service":"stargem-manager","timestamp":"2026-05-04 03:19:02"}
{"level":"info","message":"GET /api/courses 304 in 230ms :: []","service":"stargem-manager","timestamp":"2026-05-04 03:19:02"}
{"level":"info","message":"GET /api/courses 304 in 227ms :: [{\"id\":807,\"sku\":\"2526KUQI15MAR - A\",\"name\":\"D…","service":"stargem-manager","timestamp":"2026-05-04 03:19:02"}
{"level":"info","message":"GET /api/courses 304 in 228ms :: []","service":"stargem-manager","timestamp":"2026-05-04 03:19:02"}
{"level":"info","message":"GET /api/courses 304 in 254ms :: [{\"id\":810,\"sku\":\"PROVA2526CRUZMAR12\",\"name\":\"…","service":"stargem-manager","timestamp":"2026-05-04 03:19:02"}
{"level":"info","message":"GET /api/courses 304 in 211ms :: [{\"id\":560,\"sku\":\"2526LEZINDIVIDUALE\",\"name\":\"…","service":"stargem-manager","timestamp":"2026-05-04 03:19:02"}
{"level":"info","message":"GET /api/courses 304 in 187ms :: []","service":"stargem-manager","timestamp":"2026-05-04 03:19:02"}
{"level":"info","message":"GET /api/courses 304 in 205ms :: [{\"id\":529,\"sku\":\"2526ALLENAMENTO\",\"name\":\"All…","service":"stargem-manager","timestamp":"2026-05-04 03:19:02"}
{"level":"info","message":"GET /api/enrollments 304 in 201ms :: []","service":"stargem-manager","timestamp":"2026-05-04 03:19:02"}
{"level":"info","message":"GET /api/enrollments 304 in 253ms :: [{\"id\":6133,\"memberId\":18311,\"courseId\":53…","service":"stargem-manager","timestamp":"2026-05-04 03:19:02"}
{"level":"info","message":"GET /api/enrollments 304 in 246ms :: []","service":"stargem-manager","timestamp":"2026-05-04 03:19:02"}
{"level":"info","message":"GET /api/enrollments 304 in 215ms :: []","service":"stargem-manager","timestamp":"2026-05-04 03:19:02"}
{"level":"info","message":"GET /api/enrollments 304 in 197ms :: [{\"id\":6929,\"memberId\":17989,\"courseId\":56…","service":"stargem-manager","timestamp":"2026-05-04 03:19:02"}
{"level":"info","message":"GET /api/enrollments 304 in 221ms :: [{\"id\":6071,\"memberId\":15573,\"courseId\":52…","service":"stargem-manager","timestamp":"2026-05-04 03:19:02"}
{"level":"info","message":"GET /api/courses 304 in 229ms :: [{\"id\":813,\"sku\":\"2526CAMPUSDANZAS2\",\"name\":\"C…","service":"stargem-manager","timestamp":"2026-05-04 03:19:02"}
{"level":"info","message":"GET /api/enrollments 304 in 206ms :: []","service":"stargem-manager","timestamp":"2026-05-04 03:19:02"}
{"level":"info","message":"GET /api/enrollments 304 in 208ms :: [{\"id\":10586,\"memberId\":14957,\"courseId\":7…","service":"stargem-manager","timestamp":"2026-05-04 03:19:02"}
{"level":"info","message":"GET /api/todos 304 in 168ms :: [{\"id\":1,\"text\":\"Implementare verifica SMS/Whats…","service":"stargem-manager","timestamp":"2026-05-04 03:19:02"}
{"level":"info","message":"GET /api/enrollments 304 in 193ms :: []","service":"stargem-manager","timestamp":"2026-05-04 03:19:02"}
{"level":"info","message":"GET /api/enrollments 304 in 241ms :: [{\"id\":7224,\"memberId\":14186,\"courseId\":56…","service":"stargem-manager","timestamp":"2026-05-04 03:19:02"}
{"level":"info","message":"GET /api/team-comments 304 in 180ms :: [{\"id\":20,\"authorId\":\"admin-id\",\"authorN…","service":"stargem-manager","timestamp":"2026-05-04 03:19:02"}
{"level":"info","message":"GET /api/users/presence/active 200 in 422ms :: [{\"id\":\"admin-id\",\"username\":\"ad…","service":"stargem-manager","timestamp":"2026-05-04 03:19:03"}
{"level":"info","message":"GET /api/todos 304 in 158ms :: [{\"id\":1,\"text\":\"Implementare verifica SMS/Whats…","service":"stargem-manager","timestamp":"2026-05-04 03:19:13"}
{"level":"info","message":"GET /api/team-comments 304 in 159ms :: [{\"id\":20,\"authorId\":\"admin-id\",\"authorN…","service":"stargem-manager","timestamp":"2026-05-04 03:19:13"}
{"level":"info","message":"GET /api/team-notes 304 in 252ms :: []","service":"stargem-manager","timestamp":"2026-05-04 03:19:14"}
{"level":"info","message":"GET /api/courses/513/enrolled-members 200 in 178ms :: [{\"enrollment_id\":413,\"me…","service":"stargem-manager","timestamp":"2026-05-04 03:19:14"}
{"level":"info","message":"POST /api/users/presence/heartbeat 200 in 365ms :: {\"success\":true}","service":"stargem-manager","timestamp":"2026-05-04 03:19:16"}
{"level":"info","message":"GET /api/users/presence/active 200 in 554ms :: [{\"id\":\"admin-id\",\"username\":\"ad…","service":"stargem-manager","timestamp":"2026-05-04 03:19:19"}
{"level":"info","message":"GET /api/enrollments 200 in 216ms :: [{\"id\":413,\"memberId\":14277,\"courseId\":513…","service":"stargem-manager","timestamp":"2026-05-04 03:19:19"}
{"level":"info","message":"GET /api/custom-lists/stato_corso 304 in 257ms :: {\"id\":34,\"name\":\"Stato Corso\"…","service":"stargem-manager","timestamp":"2026-05-04 03:19:19"}
{"level":"info","message":"GET /api/user 200 in 153ms :: {\"id\":\"admin-id\",\"username\":\"admin\",\"password\":\"d…","service":"stargem-manager","timestamp":"2026-05-04 03:19:38"}
{"level":"info","message":"GET /api/team-notes 304 in 176ms :: []","service":"stargem-manager","timestamp":"2026-05-04 03:19:38"}
{"level":"info","message":"GET /api/latest-activity 304 in 194ms :: {\"id\":2618,\"userId\":\"admin-id\",\"action…","service":"stargem-manager","timestamp":"2026-05-04 03:19:38"}
{"level":"info","message":"GET /api/activities-summary 304 in 212ms :: {\"corsi\":{\"total\":289,\"active\":289}…","service":"stargem-manager","timestamp":"2026-05-04 03:19:38"}
{"level":"info","message":"GET /api/gemteam/permessi/pending-count 304 in 335ms :: {\"count\":0}","service":"stargem-manager","timestamp":"2026-05-04 03:19:38"}
{"level":"info","message":"GET /api/users/presence/active 304 in 428ms :: [{\"id\":\"admin-id\",\"username\":\"ad…","service":"stargem-manager","timestamp":"2026-05-04 03:19:38"}
{"level":"info","message":"GET /api/todos 304 in 334ms :: [{\"id\":1,\"text\":\"Implementare verifica SMS/Whats…","service":"stargem-manager","timestamp":"2026-05-04 03:19:38"}
{"level":"info","message":"POST /api/users/presence/heartbeat 200 in 431ms :: {\"success\":true}","service":"stargem-manager","timestamp":"2026-05-04 03:19:38"}
{"level":"info","message":"GET /api/team-comments 304 in 374ms :: [{\"id\":20,\"authorId\":\"admin-id\",\"authorN…","service":"stargem-manager","timestamp":"2026-05-04 03:19:38"}
{"level":"info","message":"GET /api/courses/30/enrolled-members 304 in 200ms :: [{\"enrollment_id\":593,\"mem…","service":"stargem-manager","timestamp":"2026-05-04 03:19:39"}
{"level":"info","message":"GET /api/courses 304 in 227ms :: [{\"id\":849,\"sku\":\"2627ALMEIDALUN19\",\"name\":\"Fu…","service":"stargem-manager","timestamp":"2026-05-04 03:19:39"}
{"level":"info","message":"GET /api/strategic-events 304 in 228ms :: [{\"id\":48,\"title\":\"Ferragosto\",\"descr…","service":"stargem-manager","timestamp":"2026-05-04 03:19:39"}
{"level":"info","message":"GET /api/payments 304 in 253ms :: []","service":"stargem-manager","timestamp":"2026-05-04 03:19:39"}
{"level":"info","message":"GET /api/custom-lists/livello 304 in 172ms :: {\"id\":5,\"name\":\"Livello\",\"systemN…","service":"stargem-manager","timestamp":"2026-05-04 03:19:39"}
{"level":"info","message":"GET /api/custom-lists/nomi_corsi 304 in 196ms :: {\"id\":15,\"name\":\"Generi Corsi\"…","service":"stargem-manager","timestamp":"2026-05-04 03:19:39"}
{"level":"info","message":"GET /api/custom-lists/numero_persone 304 in 221ms :: {\"id\":25,\"name\":\"Numero Pe…","service":"stargem-manager","timestamp":"2026-05-04 03:19:39"}
{"level":"info","message":"GET /api/custom-lists/fascia_eta 304 in 221ms :: {\"id\":6,\"name\":\"Fascia età\",\"s…","service":"stargem-manager","timestamp":"2026-05-04 03:19:39"}
{"level":"info","message":"GET /api/custom-lists/posti_disponibili 304 in 222ms :: {\"id\":14,\"name\":\"Posti …","service":"stargem-manager","timestamp":"2026-05-04 03:19:39"}
{"level":"info","message":"GET /api/custom-lists/campus 304 in 246ms :: {\"id\":22,\"name\":\"Campus\",\"systemNa…","service":"stargem-manager","timestamp":"2026-05-04 03:19:39"}
{"level":"info","message":"GET /api/custom-lists/categorie 304 in 184ms :: {\"id\":23,\"name\":\"Categorie\",\"sy…","service":"stargem-manager","timestamp":"2026-05-04 03:19:39"}
{"level":"info","message":"GET /api/seasons 304 in 187ms :: [{\"id\":2,\"name\":\"2026/2027\",\"description\":null…","service":"stargem-manager","timestamp":"2026-05-04 03:19:39"}
{"level":"info","message":"GET /api/studios 304 in 162ms :: [{\"id\":10,\"name\":\"STUDIO 01 (80mq)\",\"floor\":\"\"…","service":"stargem-manager","timestamp":"2026-05-04 03:19:39"}
{"level":"info","message":"GET /api/custom-lists/pacchetti_prenotazioni 304 in 197ms :: {\"items\":[]}","service":"stargem-manager","timestamp":"2026-05-04 03:19:39"}
{"level":"info","message":"GET /api/activity-statuses 304 in 198ms :: [{\"id\":5,\"name\":\"APERTO\",\"color\":\"#2…","service":"stargem-manager","timestamp":"2026-05-04 03:19:39"}
{"level":"info","message":"GET /api/quotes 304 in 202ms :: [{\"id\":34,\"name\":\"1 OPEN BALLO\",\"amount\":\"1300.…","service":"stargem-manager","timestamp":"2026-05-04 03:19:39"}
{"level":"info","message":"GET /api/instructors 304 in 366ms :: [{\"id\":2336,\"userId\":null,\"firstName\":\"ANT…","service":"stargem-manager","timestamp":"2026-05-04 03:19:40"}
{"level":"info","message":"GET /api/members 304 in 389ms :: {\"members\":[{\"id\":15616,\"firstName\":\"LIA\",\"las…","service":"stargem-manager","timestamp":"2026-05-04 03:19:40"}
{"level":"info","message":"GET /api/todos 304 in 280ms :: [{\"id\":1,\"text\":\"Implementare verifica SMS/Whats…","service":"stargem-manager","timestamp":"2026-05-04 03:19:48"}
{"level":"info","message":"GET /api/team-comments 304 in 267ms :: [{\"id\":20,\"authorId\":\"admin-id\",\"authorN…","service":"stargem-manager","timestamp":"2026-05-04 03:19:49"}
{"level":"info","message":"GET /api/users/presence/active 200 in 591ms :: [{\"id\":\"admin-id\",\"username\":\"ad…","service":"stargem-manager","timestamp":"2026-05-04 03:19:54"}
{"level":"info","message":"GET /api/user 200 in 177ms :: {\"id\":\"admin-id\",\"username\":\"admin\",\"password\":\"d…","service":"stargem-manager","timestamp":"2026-05-04 03:19:57"}
{"level":"info","message":"GET /api/todos 304 in 166ms :: [{\"id\":1,\"text\":\"Implementare verifica SMS/Whats…","service":"stargem-manager","timestamp":"2026-05-04 03:19:58"}
{"level":"info","message":"GET /api/team-comments 304 in 195ms :: [{\"id\":20,\"authorId\":\"admin-id\",\"authorN…","service":"stargem-manager","timestamp":"2026-05-04 03:19:58"}
{"level":"info","message":"GET /api/users/presence/active 200 in 464ms :: [{\"id\":\"admin-id\",\"username\":\"ad…","service":"stargem-manager","timestamp":"2026-05-04 03:19:58"}
{"level":"info","message":"GET /api/latest-activity 304 in 370ms :: {\"id\":2618,\"userId\":\"admin-id\",\"action…","service":"stargem-manager","timestamp":"2026-05-04 03:19:58"}
{"level":"info","message":"POST /api/users/presence/heartbeat 200 in 512ms :: {\"success\":true}","service":"stargem-manager","timestamp":"2026-05-04 03:19:58"}
{"level":"info","message":"GET /api/gemteam/permessi/pending-count 304 in 344ms :: {\"count\":0}","service":"stargem-manager","timestamp":"2026-05-04 03:19:58"}
{"level":"info","message":"GET /api/activities-summary 304 in 396ms :: {\"corsi\":{\"total\":289,\"active\":289}…","service":"stargem-manager","timestamp":"2026-05-04 03:19:58"}
{"level":"info","message":"GET /api/team-notes 304 in 356ms :: []","service":"stargem-manager","timestamp":"2026-05-04 03:19:58"}
{"level":"info","message":"GET /api/courses/30/enrolled-members 304 in 204ms :: [{\"enrollment_id\":593,\"mem…","service":"stargem-manager","timestamp":"2026-05-04 03:19:59"}
{"level":"info","message":"GET /api/payments 304 in 223ms :: []","service":"stargem-manager","timestamp":"2026-05-04 03:19:59"}
{"level":"info","message":"GET /api/strategic-events 304 in 247ms :: [{\"id\":48,\"title\":\"Ferragosto\",\"descr…","service":"stargem-manager","timestamp":"2026-05-04 03:19:59"}
{"level":"info","message":"GET /api/courses 304 in 249ms :: [{\"id\":849,\"sku\":\"2627ALMEIDALUN19\",\"name\":\"Fu…","service":"stargem-manager","timestamp":"2026-05-04 03:19:59"}
{"level":"info","message":"GET /api/custom-lists/numero_persone 304 in 172ms :: {\"id\":25,\"name\":\"Numero Pe…","service":"stargem-manager","timestamp":"2026-05-04 03:19:59"}
{"level":"info","message":"GET /api/custom-lists/campus 304 in 198ms :: {\"id\":22,\"name\":\"Campus\",\"systemNa…","service":"stargem-manager","timestamp":"2026-05-04 03:19:59"}
{"level":"info","message":"GET /api/custom-lists/posti_disponibili 304 in 200ms :: {\"id\":14,\"name\":\"Posti …","service":"stargem-manager","timestamp":"2026-05-04 03:19:59"}
{"level":"info","message":"GET /api/custom-lists/nomi_corsi 304 in 202ms :: {\"id\":15,\"name\":\"Generi Corsi\"…","service":"stargem-manager","timestamp":"2026-05-04 03:19:59"}
{"level":"info","message":"GET /api/custom-lists/livello 304 in 226ms :: {\"id\":5,\"name\":\"Livello\",\"systemN…","service":"stargem-manager","timestamp":"2026-05-04 03:19:59"}
{"level":"info","message":"GET /api/custom-lists/fascia_eta 304 in 226ms :: {\"id\":6,\"name\":\"Fascia età\",\"s…","service":"stargem-manager","timestamp":"2026-05-04 03:19:59"}
{"level":"info","message":"GET /api/studios 304 in 169ms :: [{\"id\":10,\"name\":\"STUDIO 01 (80mq)\",\"floor\":\"\"…","service":"stargem-manager","timestamp":"2026-05-04 03:19:59"}
{"level":"info","message":"GET /api/activity-statuses 304 in 193ms :: [{\"id\":5,\"name\":\"APERTO\",\"color\":\"#2…","service":"stargem-manager","timestamp":"2026-05-04 03:19:59"}
{"level":"info","message":"GET /api/custom-lists/categorie 304 in 249ms :: {\"id\":23,\"name\":\"Categorie\",\"sy…","service":"stargem-manager","timestamp":"2026-05-04 03:19:59"}
{"level":"info","message":"GET /api/instructors 304 in 221ms :: [{\"id\":2336,\"userId\":null,\"firstName\":\"ANT…","service":"stargem-manager","timestamp":"2026-05-04 03:19:59"}
{"level":"info","message":"GET /api/quotes 304 in 197ms :: [{\"id\":34,\"name\":\"1 OPEN BALLO\",\"amount\":\"1300.…","service":"stargem-manager","timestamp":"2026-05-04 03:19:59"}
{"level":"info","message":"GET /api/custom-lists/pacchetti_prenotazioni 304 in 217ms :: {\"items\":[]}","service":"stargem-manager","timestamp":"2026-05-04 03:19:59"}
{"level":"info","message":"GET /api/seasons 304 in 237ms :: [{\"id\":2,\"name\":\"2026/2027\",\"description\":null…","service":"stargem-manager","timestamp":"2026-05-04 03:19:59"}
{"level":"info","message":"GET /api/members 304 in 266ms :: {\"members\":[{\"id\":15616,\"firstName\":\"LIA\",\"las…","service":"stargem-manager","timestamp":"2026-05-04 03:19:59"}
{"level":"info","message":"GET /api/team-notes 304 in 311ms :: []","service":"stargem-manager","timestamp":"2026-05-04 03:20:03"}
{"level":"info","message":"GET /api/sunday-categories 200 in 138ms","service":"stargem-manager","timestamp":"2026-05-04 03:20:03"}
{"level":"info","message":"GET /api/individual-lesson-categories 200 in 162ms","service":"stargem-manager","timestamp":"2026-05-04 03:20:03"}
{"level":"info","message":"GET /api/recital-categories 200 in 161ms","service":"stargem-manager","timestamp":"2026-05-04 03:20:03"}
{"level":"info","message":"GET /api/training-categories 200 in 162ms","service":"stargem-manager","timestamp":"2026-05-04 03:20:03"}
{"level":"info","message":"GET /api/rental-categories 200 in 187ms","service":"stargem-manager","timestamp":"2026-05-04 03:20:03"}
{"level":"info","message":"GET /api/campus-categories 200 in 186ms","service":"stargem-manager","timestamp":"2026-05-04 03:20:03"}
{"level":"info","message":"GET /api/vacation-categories 200 in 148ms","service":"stargem-manager","timestamp":"2026-05-04 03:20:03"}
{"level":"info","message":"GET /api/merchandising-categories 200 in 149ms","service":"stargem-manager","timestamp":"2026-05-04 03:20:03"}
{"level":"info","message":"GET /api/booking-service-categories 200 in 173ms","service":"stargem-manager","timestamp":"2026-05-04 03:20:04"}
{"level":"info","message":"GET /api/workshop-categories 200 in 173ms","service":"stargem-manager","timestamp":"2026-05-04 03:20:04"}
{"level":"info","message":"GET /api/courses 304 in 233ms :: [{\"id\":802,\"sku\":\"2526AMBER-ALDRIN15MA\",\"name\"…","service":"stargem-manager","timestamp":"2026-05-04 03:20:04"}
{"level":"info","message":"GET /api/courses 304 in 249ms :: [{\"id\":813,\"sku\":\"2526CAMPUSDANZAS2\",\"name\":\"C…","service":"stargem-manager","timestamp":"2026-05-04 03:20:04"}
{"level":"info","message":"GET /api/enrollments 304 in 375ms :: [{\"id\":256,\"memberId\":14240,\"courseId\":385…","service":"stargem-manager","timestamp":"2026-05-04 03:20:04"}
{"level":"info","message":"GET /api/team-notes 304 in 244ms :: []","service":"stargem-manager","timestamp":"2026-05-04 03:20:05"}
{"level":"info","message":"GET /api/attendances 304 in 174ms :: []","service":"stargem-manager","timestamp":"2026-05-04 03:20:05"}
{"level":"info","message":"GET /api/custom-lists/stato_corso 304 in 210ms :: {\"id\":34,\"name\":\"Stato Corso\"…","service":"stargem-manager","timestamp":"2026-05-04 03:20:05"}
{"level":"info","message":"GET /api/custom-lists/genere 304 in 232ms :: {\"id\":21,\"name\":\"Generi Workshop\",…","service":"stargem-manager","timestamp":"2026-05-04 03:20:05"}
{"level":"info","message":"GET /api/courses 304 in 263ms :: [{\"id\":517,\"sku\":\"2526STANISCIMAR13\",\"name\":\"P…","service":"stargem-manager","timestamp":"2026-05-04 03:20:05"}
{"level":"info","message":"GET /api/enrollments 304 in 280ms :: [{\"id\":65,\"memberId\":14194,\"courseId\":7,\"p…","service":"stargem-manager","timestamp":"2026-05-04 03:20:05"}
{"level":"info","message":"GET /api/todos 304 in 279ms :: [{\"id\":1,\"text\":\"Implementare verifica SMS/Whats…","service":"stargem-manager","timestamp":"2026-05-04 03:20:08"}
{"level":"info","message":"GET /api/team-comments 304 in 290ms :: [{\"id\":20,\"authorId\":\"admin-id\",\"authorN…","service":"stargem-manager","timestamp":"2026-05-04 03:20:08"}
{"level":"info","message":"GET /api/enrollments 304 in 301ms :: [{\"id\":593,\"memberId\":14327,\"courseId\":30}…","service":"stargem-manager","timestamp":"2026-05-04 03:20:11"}
{"level":"info","message":"GET /api/custom-lists/tag_interni 304 in 367ms :: {\"id\":35,\"name\":\"Interno Cors…","service":"stargem-manager","timestamp":"2026-05-04 03:20:12"}
{"level":"info","message":"GET /api/custom-lists/stato_corso 304 in 392ms :: {\"id\":34,\"name\":\"Stato Corso\"…","service":"stargem-manager","timestamp":"2026-05-04 03:20:12"}
{"level":"info","message":"GET /api/team-notes 304 in 193ms :: []","service":"stargem-manager","timestamp":"2026-05-04 03:21:02"}
{"level":"info","message":"POST /api/users/presence/heartbeat 200 in 324ms :: {\"success\":true}","service":"stargem-manager","timestamp":"2026-05-04 03:21:02"}
{"level":"info","message":"GET /api/enrollments 304 in 299ms :: [{\"id\":593,\"memberId\":14327,\"courseId\":30}…","service":"stargem-manager","timestamp":"2026-05-04 03:21:11"}
{"level":"info","message":"GET /api/custom-lists/stato_corso 304 in 342ms :: {\"id\":34,\"name\":\"Stato Corso\"…","service":"stargem-manager","timestamp":"2026-05-04 03:21:11"}
{"level":"info","message":"GET /api/user 200 in 179ms :: {\"id\":\"admin-id\",\"username\":\"admin\",\"password\":\"d…","service":"stargem-manager","timestamp":"2026-05-04 03:21:23"}
{"level":"info","message":"GET /api/team-notes 304 in 165ms :: []","service":"stargem-manager","timestamp":"2026-05-04 03:21:23"}
{"level":"info","message":"GET /api/activities-summary 304 in 230ms :: {\"corsi\":{\"total\":289,\"active\":289}…","service":"stargem-manager","timestamp":"2026-05-04 03:21:23"}
{"level":"info","message":"GET /api/latest-activity 304 in 178ms :: {\"id\":2618,\"userId\":\"admin-id\",\"action…","service":"stargem-manager","timestamp":"2026-05-04 03:21:23"}
{"level":"info","message":"GET /api/users/presence/active 200 in 502ms :: [{\"id\":\"admin-id\",\"username\":\"ad…","service":"stargem-manager","timestamp":"2026-05-04 03:21:23"}
{"level":"info","message":"POST /api/users/presence/heartbeat 200 in 535ms :: {\"success\":true}","service":"stargem-manager","timestamp":"2026-05-04 03:21:23"}
{"level":"info","message":"GET /api/gemteam/permessi/pending-count 304 in 368ms :: {\"count\":0}","service":"stargem-manager","timestamp":"2026-05-04 03:21:23"}
{"level":"info","message":"GET /api/todos 304 in 391ms :: [{\"id\":1,\"text\":\"Implementare verifica SMS/Whats…","service":"stargem-manager","timestamp":"2026-05-04 03:21:23"}
{"level":"info","message":"GET /api/team-comments 304 in 362ms :: [{\"id\":20,\"authorId\":\"admin-id\",\"authorN…","service":"stargem-manager","timestamp":"2026-05-04 03:21:23"}
{"level":"info","message":"GET /api/courses/30/enrolled-members 304 in 194ms :: [{\"enrollment_id\":593,\"mem…","service":"stargem-manager","timestamp":"2026-05-04 03:21:24"}
{"level":"info","message":"GET /api/payments 304 in 223ms :: []","service":"stargem-manager","timestamp":"2026-05-04 03:21:24"}
{"level":"info","message":"GET /api/strategic-events 304 in 226ms :: [{\"id\":48,\"title\":\"Ferragosto\",\"descr…","service":"stargem-manager","timestamp":"2026-05-04 03:21:24"}
{"level":"info","message":"GET /api/courses 304 in 249ms :: [{\"id\":849,\"sku\":\"2627ALMEIDALUN19\",\"name\":\"Fu…","service":"stargem-manager","timestamp":"2026-05-04 03:21:24"}
{"level":"info","message":"GET /api/custom-lists/numero_persone 304 in 170ms :: {\"id\":25,\"name\":\"Numero Pe…","service":"stargem-manager","timestamp":"2026-05-04 03:21:24"}
{"level":"info","message":"GET /api/custom-lists/categorie 304 in 194ms :: {\"id\":23,\"name\":\"Categorie\",\"sy…","service":"stargem-manager","timestamp":"2026-05-04 03:21:24"}
{"level":"info","message":"GET /api/custom-lists/livello 304 in 195ms :: {\"id\":5,\"name\":\"Livello\",\"systemN…","service":"stargem-manager","timestamp":"2026-05-04 03:21:24"}
{"level":"info","message":"GET /api/custom-lists/fascia_eta 304 in 220ms :: {\"id\":6,\"name\":\"Fascia età\",\"s…","service":"stargem-manager","timestamp":"2026-05-04 03:21:24"}
{"level":"info","message":"GET /api/custom-lists/nomi_corsi 304 in 221ms :: {\"id\":15,\"name\":\"Generi Corsi\"…","service":"stargem-manager","timestamp":"2026-05-04 03:21:24"}
{"level":"info","message":"GET /api/custom-lists/posti_disponibili 304 in 220ms :: {\"id\":14,\"name\":\"Posti …","service":"stargem-manager","timestamp":"2026-05-04 03:21:24"}
{"level":"info","message":"GET /api/custom-lists/pacchetti_prenotazioni 304 in 175ms :: {\"items\":[]}","service":"stargem-manager","timestamp":"2026-05-04 03:21:25"}
{"level":"info","message":"GET /api/activity-statuses 304 in 177ms :: [{\"id\":5,\"name\":\"APERTO\",\"color\":\"#2…","service":"stargem-manager","timestamp":"2026-05-04 03:21:25"}
{"level":"info","message":"GET /api/custom-lists/campus 304 in 207ms :: {\"id\":22,\"name\":\"Campus\",\"systemNa…","service":"stargem-manager","timestamp":"2026-05-04 03:21:25"}
{"level":"info","message":"GET /api/quotes 304 in 181ms :: [{\"id\":34,\"name\":\"1 OPEN BALLO\",\"amount\":\"1300.…","service":"stargem-manager","timestamp":"2026-05-04 03:21:25"}
{"level":"info","message":"GET /api/seasons 304 in 203ms :: [{\"id\":2,\"name\":\"2026/2027\",\"description\":null…","service":"stargem-manager","timestamp":"2026-05-04 03:21:25"}
{"level":"info","message":"GET /api/instructors 304 in 230ms :: [{\"id\":2336,\"userId\":null,\"firstName\":\"ANT…","service":"stargem-manager","timestamp":"2026-05-04 03:21:25"}
{"level":"info","message":"GET /api/studios 304 in 249ms :: [{\"id\":10,\"name\":\"STUDIO 01 (80mq)\",\"floor\":\"\"…","service":"stargem-manager","timestamp":"2026-05-04 03:21:25"}
{"level":"info","message":"GET /api/members 304 in 274ms :: {\"members\":[{\"id\":15616,\"firstName\":\"LIA\",\"las…","service":"stargem-manager","timestamp":"2026-05-04 03:21:25"}
{"level":"info","message":"GET /api/enrollments 304 in 295ms :: [{\"id\":593,\"memberId\":14327,\"courseId\":30}…","service":"stargem-manager","timestamp":"2026-05-04 03:21:30"}
{"level":"info","message":"GET /api/custom-lists/stato_corso 304 in 355ms :: {\"id\":34,\"name\":\"Stato Corso\"…","service":"stargem-manager","timestamp":"2026-05-04 03:21:30"}
{"level":"info","message":"GET /api/custom-lists/tag_interni 304 in 380ms :: {\"id\":35,\"name\":\"Interno Cors…","service":"stargem-manager","timestamp":"2026-05-04 03:21:30"}
{"level":"info","message":"GET /api/user 200 in 131ms :: {\"id\":\"admin-id\",\"username\":\"admin\",\"password\":\"d…","service":"stargem-manager","timestamp":"2026-05-04 03:21:41"}
{"level":"info","message":"GET /api/gemteam/permessi/pending-count 304 in 181ms :: {\"count\":0}","service":"stargem-manager","timestamp":"2026-05-04 03:21:41"}
{"level":"info","message":"GET /api/latest-activity 304 in 198ms :: {\"id\":2618,\"userId\":\"admin-id\",\"action…","service":"stargem-manager","timestamp":"2026-05-04 03:21:41"}
{"level":"info","message":"GET /api/users/presence/active 200 in 444ms :: [{\"id\":\"admin-id\",\"username\":\"ad…","service":"stargem-manager","timestamp":"2026-05-04 03:21:41"}
{"level":"info","message":"GET /api/activities-summary 304 in 383ms :: {\"corsi\":{\"total\":289,\"active\":289}…","service":"stargem-manager","timestamp":"2026-05-04 03:21:41"}
{"level":"info","message":"GET /api/team-notes 304 in 370ms :: []","service":"stargem-manager","timestamp":"2026-05-04 03:21:41"}
{"level":"info","message":"GET /api/todos 304 in 352ms :: [{\"id\":1,\"text\":\"Implementare verifica SMS/Whats…","service":"stargem-manager","timestamp":"2026-05-04 03:21:41"}
{"level":"info","message":"GET /api/team-comments 304 in 364ms :: [{\"id\":20,\"authorId\":\"admin-id\",\"authorN…","service":"stargem-manager","timestamp":"2026-05-04 03:21:41"}
{"level":"info","message":"POST /api/users/presence/heartbeat 200 in 457ms :: {\"success\":true}","service":"stargem-manager","timestamp":"2026-05-04 03:21:41"}
{"level":"info","message":"GET /api/courses/30/enrolled-members 304 in 173ms :: [{\"enrollment_id\":593,\"mem…","service":"stargem-manager","timestamp":"2026-05-04 03:21:42"}
{"level":"info","message":"GET /api/courses 304 in 197ms :: [{\"id\":849,\"sku\":\"2627ALMEIDALUN19\",\"name\":\"Fu…","service":"stargem-manager","timestamp":"2026-05-04 03:21:42"}
{"level":"info","message":"GET /api/payments 304 in 221ms :: []","service":"stargem-manager","timestamp":"2026-05-04 03:21:42"}
{"level":"info","message":"GET /api/strategic-events 304 in 247ms :: [{\"id\":48,\"title\":\"Ferragosto\",\"descr…","service":"stargem-manager","timestamp":"2026-05-04 03:21:42"}
{"level":"info","message":"GET /api/custom-lists/livello 304 in 171ms :: {\"id\":5,\"name\":\"Livello\",\"systemN…","service":"stargem-manager","timestamp":"2026-05-04 03:21:42"}
{"level":"info","message":"GET /api/custom-lists/campus 304 in 191ms :: {\"id\":22,\"name\":\"Campus\",\"systemNa…","service":"stargem-manager","timestamp":"2026-05-04 03:21:42"}
{"level":"info","message":"GET /api/custom-lists/numero_persone 304 in 216ms :: {\"id\":25,\"name\":\"Numero Pe…","service":"stargem-manager","timestamp":"2026-05-04 03:21:42"}
{"level":"info","message":"GET /api/custom-lists/posti_disponibili 304 in 217ms :: {\"id\":14,\"name\":\"Posti …","service":"stargem-manager","timestamp":"2026-05-04 03:21:42"}
{"level":"info","message":"GET /api/custom-lists/nomi_corsi 304 in 243ms :: {\"id\":15,\"name\":\"Generi Corsi\"…","service":"stargem-manager","timestamp":"2026-05-04 03:21:42"}
{"level":"info","message":"GET /api/custom-lists/fascia_eta 304 in 242ms :: {\"id\":6,\"name\":\"Fascia età\",\"s…","service":"stargem-manager","timestamp":"2026-05-04 03:21:42"}
{"level":"info","message":"GET /api/activity-statuses 304 in 189ms :: [{\"id\":5,\"name\":\"APERTO\",\"color\":\"#2…","service":"stargem-manager","timestamp":"2026-05-04 03:21:42"}
{"level":"info","message":"GET /api/custom-lists/categorie 304 in 194ms :: {\"id\":23,\"name\":\"Categorie\",\"sy…","service":"stargem-manager","timestamp":"2026-05-04 03:21:42"}
{"level":"info","message":"GET /api/studios 304 in 171ms :: [{\"id\":10,\"name\":\"STUDIO 01 (80mq)\",\"floor\":\"\"…","service":"stargem-manager","timestamp":"2026-05-04 03:21:42"}
{"level":"info","message":"GET /api/custom-lists/pacchetti_prenotazioni 304 in 149ms :: {\"items\":[]}","service":"stargem-manager","timestamp":"2026-05-04 03:21:42"}
{"level":"info","message":"GET /api/instructors 304 in 200ms :: [{\"id\":2336,\"userId\":null,\"firstName\":\"ANT…","service":"stargem-manager","timestamp":"2026-05-04 03:21:42"}
{"level":"info","message":"GET /api/seasons 304 in 178ms :: [{\"id\":2,\"name\":\"2026/2027\",\"description\":null…","service":"stargem-manager","timestamp":"2026-05-04 03:21:42"}
{"level":"info","message":"GET /api/quotes 304 in 228ms :: [{\"id\":34,\"name\":\"1 OPEN BALLO\",\"amount\":\"1300.…","service":"stargem-manager","timestamp":"2026-05-04 03:21:42"}
{"level":"info","message":"GET /api/members 304 in 254ms :: {\"members\":[{\"id\":15616,\"firstName\":\"LIA\",\"las…","service":"stargem-manager","timestamp":"2026-05-04 03:21:42"}
{"level":"info","message":"GET /api/enrollments 304 in 235ms :: [{\"id\":593,\"memberId\":14327,\"courseId\":30}…","service":"stargem-manager","timestamp":"2026-05-04 03:21:44"}
{"level":"info","message":"GET /api/custom-lists/stato_corso 304 in 276ms :: {\"id\":34,\"name\":\"Stato Corso\"…","service":"stargem-manager","timestamp":"2026-05-04 03:21:44"}
{"level":"info","message":"GET /api/custom-lists/tag_interni 304 in 299ms :: {\"id\":35,\"name\":\"Interno Cors…","service":"stargem-manager","timestamp":"2026-05-04 03:21:44"}
{"level":"info","message":"GET /api/user 200 in 175ms :: {\"id\":\"admin-id\",\"username\":\"admin\",\"password\":\"d…","service":"stargem-manager","timestamp":"2026-05-04 03:22:24"}
{"level":"info","message":"GET /api/latest-activity 304 in 155ms :: {\"id\":2618,\"userId\":\"admin-id\",\"action…","service":"stargem-manager","timestamp":"2026-05-04 03:22:24"}
{"level":"info","message":"GET /api/gemteam/permessi/pending-count 304 in 186ms :: {\"count\":0}","service":"stargem-manager","timestamp":"2026-05-04 03:22:24"}
{"level":"info","message":"GET /api/activities-summary 304 in 212ms :: {\"corsi\":{\"total\":289,\"active\":289}…","service":"stargem-manager","timestamp":"2026-05-04 03:22:24"}
{"level":"info","message":"GET /api/team-notes 304 in 316ms :: []","service":"stargem-manager","timestamp":"2026-05-04 03:22:25"}
{"level":"info","message":"GET /api/todos 304 in 321ms :: [{\"id\":1,\"text\":\"Implementare verifica SMS/Whats…","service":"stargem-manager","timestamp":"2026-05-04 03:22:25"}
{"level":"info","message":"GET /api/users/presence/active 200 in 498ms :: [{\"id\":\"admin-id\",\"username\":\"ad…","service":"stargem-manager","timestamp":"2026-05-04 03:22:25"}
{"level":"info","message":"POST /api/users/presence/heartbeat 200 in 471ms :: {\"success\":true}","service":"stargem-manager","timestamp":"2026-05-04 03:22:25"}
{"level":"info","message":"GET /api/team-comments 304 in 336ms :: [{\"id\":20,\"authorId\":\"admin-id\",\"authorN…","service":"stargem-manager","timestamp":"2026-05-04 03:22:25"}
{"level":"info","message":"GET /api/courses/30/enrolled-members 304 in 200ms :: [{\"enrollment_id\":593,\"mem…","service":"stargem-manager","timestamp":"2026-05-04 03:22:25"}
{"level":"info","message":"GET /api/strategic-events 304 in 227ms :: [{\"id\":48,\"title\":\"Ferragosto\",\"descr…","service":"stargem-manager","timestamp":"2026-05-04 03:22:25"}
{"level":"info","message":"GET /api/courses 304 in 229ms :: [{\"id\":849,\"sku\":\"2627ALMEIDALUN19\",\"name\":\"Fu…","service":"stargem-manager","timestamp":"2026-05-04 03:22:25"}
{"level":"info","message":"GET /api/payments 304 in 251ms :: []","service":"stargem-manager","timestamp":"2026-05-04 03:22:25"}
{"level":"info","message":"GET /api/custom-lists/fascia_eta 304 in 174ms :: {\"id\":6,\"name\":\"Fascia età\",\"s…","service":"stargem-manager","timestamp":"2026-05-04 03:22:26"}
{"level":"info","message":"GET /api/custom-lists/categorie 304 in 194ms :: {\"id\":23,\"name\":\"Categorie\",\"sy…","service":"stargem-manager","timestamp":"2026-05-04 03:22:26"}
{"level":"info","message":"GET /api/custom-lists/numero_persone 304 in 195ms :: {\"id\":25,\"name\":\"Numero Pe…","service":"stargem-manager","timestamp":"2026-05-04 03:22:26"}
{"level":"info","message":"GET /api/custom-lists/posti_disponibili 304 in 196ms :: {\"id\":14,\"name\":\"Posti …","service":"stargem-manager","timestamp":"2026-05-04 03:22:26"}
{"level":"info","message":"GET /api/custom-lists/livello 304 in 220ms :: {\"id\":5,\"name\":\"Livello\",\"systemN…","service":"stargem-manager","timestamp":"2026-05-04 03:22:26"}
{"level":"info","message":"GET /api/custom-lists/nomi_corsi 304 in 244ms :: {\"id\":15,\"name\":\"Generi Corsi\"…","service":"stargem-manager","timestamp":"2026-05-04 03:22:26"}
{"level":"info","message":"GET /api/activity-statuses 304 in 186ms :: [{\"id\":5,\"name\":\"APERTO\",\"color\":\"#2…","service":"stargem-manager","timestamp":"2026-05-04 03:22:26"}
{"level":"info","message":"GET /api/studios 304 in 171ms :: [{\"id\":10,\"name\":\"STUDIO 01 (80mq)\",\"floor\":\"\"…","service":"stargem-manager","timestamp":"2026-05-04 03:22:26"}
{"level":"info","message":"GET /api/instructors 304 in 195ms :: [{\"id\":2336,\"userId\":null,\"firstName\":\"ANT…","service":"stargem-manager","timestamp":"2026-05-04 03:22:26"}
{"level":"info","message":"GET /api/quotes 304 in 173ms :: [{\"id\":34,\"name\":\"1 OPEN BALLO\",\"amount\":\"1300.…","service":"stargem-manager","timestamp":"2026-05-04 03:22:26"}
{"level":"info","message":"GET /api/custom-lists/campus 304 in 220ms :: {\"id\":22,\"name\":\"Campus\",\"systemNa…","service":"stargem-manager","timestamp":"2026-05-04 03:22:26"}
{"level":"info","message":"GET /api/custom-lists/pacchetti_prenotazioni 304 in 198ms :: {\"items\":[]}","service":"stargem-manager","timestamp":"2026-05-04 03:22:26"}
{"level":"info","message":"GET /api/seasons 304 in 248ms :: [{\"id\":2,\"name\":\"2026/2027\",\"description\":null…","service":"stargem-manager","timestamp":"2026-05-04 03:22:26"}
{"level":"info","message":"GET /api/members 304 in 278ms :: {\"members\":[{\"id\":15616,\"firstName\":\"LIA\",\"las…","service":"stargem-manager","timestamp":"2026-05-04 03:22:26"}
{"level":"info","message":"GET /api/todos 304 in 289ms :: [{\"id\":1,\"text\":\"Implementare verifica SMS/Whats…","service":"stargem-manager","timestamp":"2026-05-04 03:22:35"}
{"level":"info","message":"GET /api/team-comments 304 in 294ms :: [{\"id\":20,\"authorId\":\"admin-id\",\"authorN…","service":"stargem-manager","timestamp":"2026-05-04 03:22:35"}
{"level":"info","message":"GET /api/users/presence/active 200 in 570ms :: [{\"id\":\"admin-id\",\"username\":\"ad…","service":"stargem-manager","timestamp":"2026-05-04 03:22:40"}
{"level":"info","message":"GET /api/todos 304 in 280ms :: [{\"id\":1,\"text\":\"Implementare verifica SMS/Whats…","service":"stargem-manager","timestamp":"2026-05-04 03:22:45"}
{"level":"info","message":"GET /api/team-comments 304 in 281ms :: [{\"id\":20,\"authorId\":\"admin-id\",\"authorN…","service":"stargem-manager","timestamp":"2026-05-04 03:22:45"}
{"level":"info","message":"GET /api/todos 304 in 275ms :: [{\"id\":1,\"text\":\"Implementare verifica SMS/Whats…","service":"stargem-manager","timestamp":"2026-05-04 03:22:56"}
{"level":"info","message":"GET /api/team-comments 304 in 313ms :: [{\"id\":20,\"authorId\":\"admin-id\",\"authorN…","service":"stargem-manager","timestamp":"2026-05-04 03:22:56"}
{"level":"info","message":"GET /api/users/presence/active 304 in 646ms :: [{\"id\":\"admin-id\",\"username\":\"ad…","service":"stargem-manager","timestamp":"2026-05-04 03:22:56"}
{"level":"info","message":"POST /api/users/presence/heartbeat 200 in 320ms :: {\"success\":true}","service":"stargem-manager","timestamp":"2026-05-04 03:22:58"}
{"level":"info","message":"GET /api/enrollments 304 in 279ms :: [{\"id\":593,\"memberId\":14327,\"courseId\":30}…","service":"stargem-manager","timestamp":"2026-05-04 03:22:59"}
{"level":"info","message":"GET /api/custom-lists/stato_corso 304 in 341ms :: {\"id\":34,\"name\":\"Stato Corso\"…","service":"stargem-manager","timestamp":"2026-05-04 03:22:59"}
{"level":"info","message":"GET /api/custom-lists/tag_interni 304 in 364ms :: {\"id\":35,\"name\":\"Interno Cors…","service":"stargem-manager","timestamp":"2026-05-04 03:22:59"}
{"level":"info","message":"GET /api/user 200 in 152ms :: {\"id\":\"admin-id\",\"username\":\"admin\",\"password\":\"d…","service":"stargem-manager","timestamp":"2026-05-04 03:23:07"}
{"level":"info","message":"GET /api/todos 304 in 184ms :: [{\"id\":1,\"text\":\"Implementare verifica SMS/Whats…","service":"stargem-manager","timestamp":"2026-05-04 03:23:07"}
{"level":"info","message":"GET /api/latest-activity 304 in 317ms :: {\"id\":2618,\"userId\":\"admin-id\",\"action…","service":"stargem-manager","timestamp":"2026-05-04 03:23:07"}
{"level":"info","message":"GET /api/activities-summary 304 in 388ms :: {\"corsi\":{\"total\":289,\"active\":289}…","service":"stargem-manager","timestamp":"2026-05-04 03:23:07"}
{"level":"info","message":"GET /api/team-comments 304 in 339ms :: [{\"id\":20,\"authorId\":\"admin-id\",\"authorN…","service":"stargem-manager","timestamp":"2026-05-04 03:23:07"}
{"level":"info","message":"POST /api/users/presence/heartbeat 200 in 508ms :: {\"success\":true}","service":"stargem-manager","timestamp":"2026-05-04 03:23:07"}
{"level":"info","message":"GET /api/users/presence/active 200 in 510ms :: [{\"id\":\"admin-id\",\"username\":\"ad…","service":"stargem-manager","timestamp":"2026-05-04 03:23:07"}
{"level":"info","message":"GET /api/gemteam/permessi/pending-count 304 in 377ms :: {\"count\":0}","service":"stargem-manager","timestamp":"2026-05-04 03:23:07"}
{"level":"info","message":"GET /api/team-notes 304 in 218ms :: []","service":"stargem-manager","timestamp":"2026-05-04 03:23:07"}
{"level":"info","message":"GET /api/custom-lists/campus 304 in 196ms :: {\"id\":22,\"name\":\"Campus\",\"systemNa…","service":"stargem-manager","timestamp":"2026-05-04 03:23:08"}
{"level":"info","message":"GET /api/custom-lists/numero_persone 304 in 196ms :: {\"id\":25,\"name\":\"Numero Pe…","service":"stargem-manager","timestamp":"2026-05-04 03:23:08"}
{"level":"info","message":"GET /api/custom-lists/livello 304 in 197ms :: {\"id\":5,\"name\":\"Livello\",\"systemN…","service":"stargem-manager","timestamp":"2026-05-04 03:23:08"}
{"level":"info","message":"GET /api/custom-lists/nomi_corsi 304 in 198ms :: {\"id\":15,\"name\":\"Generi Corsi\"…","service":"stargem-manager","timestamp":"2026-05-04 03:23:08"}
{"level":"info","message":"GET /api/custom-lists/posti_disponibili 304 in 221ms :: {\"id\":14,\"name\":\"Posti …","service":"stargem-manager","timestamp":"2026-05-04 03:23:08"}
{"level":"info","message":"GET /api/custom-lists/fascia_eta 304 in 220ms :: {\"id\":6,\"name\":\"Fascia età\",\"s…","service":"stargem-manager","timestamp":"2026-05-04 03:23:08"}
{"level":"info","message":"GET /api/instructors 304 in 154ms :: [{\"id\":2336,\"userId\":null,\"firstName\":\"ANT…","service":"stargem-manager","timestamp":"2026-05-04 03:23:08"}
{"level":"info","message":"GET /api/studios 304 in 165ms :: [{\"id\":10,\"name\":\"STUDIO 01 (80mq)\",\"floor\":\"\"…","service":"stargem-manager","timestamp":"2026-05-04 03:23:08"}
{"level":"info","message":"GET /api/activity-statuses 304 in 178ms :: [{\"id\":5,\"name\":\"APERTO\",\"color\":\"#2…","service":"stargem-manager","timestamp":"2026-05-04 03:23:08"}
{"level":"info","message":"GET /api/quotes 304 in 153ms :: [{\"id\":34,\"name\":\"1 OPEN BALLO\",\"amount\":\"1300.…","service":"stargem-manager","timestamp":"2026-05-04 03:23:08"}
{"level":"info","message":"GET /api/custom-lists/categorie 304 in 230ms :: {\"id\":23,\"name\":\"Categorie\",\"sy…","service":"stargem-manager","timestamp":"2026-05-04 03:23:08"}
{"level":"info","message":"GET /api/members 304 in 220ms :: {\"members\":[{\"id\":15616,\"firstName\":\"LIA\",\"las…","service":"stargem-manager","timestamp":"2026-05-04 03:23:08"}
{"level":"info","message":"GET /api/seasons 304 in 221ms :: [{\"id\":2,\"name\":\"2026/2027\",\"description\":null…","service":"stargem-manager","timestamp":"2026-05-04 03:23:09"}
{"level":"info","message":"GET /api/custom-lists/pacchetti_prenotazioni 304 in 209ms :: {\"items\":[]}","service":"stargem-manager","timestamp":"2026-05-04 03:23:09"}
{"level":"info","message":"GET /api/custom-lists/stato_corso 304 in 254ms :: {\"id\":34,\"name\":\"Stato Corso\"…","service":"stargem-manager","timestamp":"2026-05-04 03:23:09"}
{"level":"info","message":"GET /api/custom-lists/genere 304 in 255ms :: {\"id\":21,\"name\":\"Generi Workshop\",…","service":"stargem-manager","timestamp":"2026-05-04 03:23:09"}
{"level":"info","message":"GET /api/attendances 304 in 273ms :: []","service":"stargem-manager","timestamp":"2026-05-04 03:23:09"}
{"level":"info","message":"GET /api/courses 304 in 286ms :: [{\"id\":517,\"sku\":\"2526STANISCIMAR13\",\"name\":\"P…","service":"stargem-manager","timestamp":"2026-05-04 03:23:09"}
{"level":"info","message":"GET /api/enrollments 304 in 311ms :: [{\"id\":65,\"memberId\":14194,\"courseId\":7,\"p…","service":"stargem-manager","timestamp":"2026-05-04 03:23:09"}
{"level":"info","message":"GET /api/team-notes 304 in 315ms :: []","service":"stargem-manager","timestamp":"2026-05-04 03:23:13"}
{"level":"info","message":"GET /api/payments 304 in 206ms :: []","service":"stargem-manager","timestamp":"2026-05-04 03:23:13"}
{"level":"info","message":"GET /api/courses/30/enrolled-members 304 in 206ms :: [{\"enrollment_id\":593,\"mem…","service":"stargem-manager","timestamp":"2026-05-04 03:23:13"}
{"level":"info","message":"GET /api/courses 304 in 230ms :: [{\"id\":849,\"sku\":\"2627ALMEIDALUN19\",\"name\":\"Fu…","service":"stargem-manager","timestamp":"2026-05-04 03:23:13"}
{"level":"info","message":"GET /api/strategic-events 304 in 256ms :: [{\"id\":48,\"title\":\"Ferragosto\",\"descr…","service":"stargem-manager","timestamp":"2026-05-04 03:23:13"}
{"level":"info","message":"GET /api/todos 304 in 246ms :: [{\"id\":1,\"text\":\"Implementare verifica SMS/Whats…","service":"stargem-manager","timestamp":"2026-05-04 03:23:17"}
{"level":"info","message":"GET /api/team-comments 304 in 156ms :: [{\"id\":20,\"authorId\":\"admin-id\",\"authorN…","service":"stargem-manager","timestamp":"2026-05-04 03:23:17"}
{"level":"info","message":"GET /api/users/presence/active 200 in 544ms :: [{\"id\":\"admin-id\",\"username\":\"ad…","service":"stargem-manager","timestamp":"2026-05-04 03:23:23"}
{"level":"info","message":"GET /api/enrollments 304 in 226ms :: [{\"id\":593,\"memberId\":14327,\"courseId\":30}…","service":"stargem-manager","timestamp":"2026-05-04 03:23:24"}
{"level":"info","message":"GET /api/custom-lists/tag_interni 304 in 262ms :: {\"id\":35,\"name\":\"Interno Cors…","service":"stargem-manager","timestamp":"2026-05-04 03:23:24"}
{"level":"info","message":"GET /api/custom-lists/stato_corso 304 in 286ms :: {\"id\":34,\"name\":\"Stato Corso\"…","service":"stargem-manager","timestamp":"2026-05-04 03:23:24"}
{"level":"info","message":"POST /api/users/presence/heartbeat 200 in 327ms :: {\"success\":true}","service":"stargem-manager","timestamp":"2026-05-04 03:23:29"}
{"level":"info","message":"GET /api/todos 304 in 308ms :: [{\"id\":1,\"text\":\"Implementare verifica SMS/Whats…","service":"stargem-manager","timestamp":"2026-05-04 03:23:39"}
{"level":"info","message":"GET /api/team-comments 304 in 331ms :: [{\"id\":20,\"authorId\":\"admin-id\",\"authorN…","service":"stargem-manager","timestamp":"2026-05-04 03:23:39"}
{"level":"info","message":"GET /api/users/presence/active 200 in 622ms :: [{\"id\":\"admin-id\",\"username\":\"ad…","service":"stargem-manager","timestamp":"2026-05-04 03:23:44"}
{"level":"info","message":"GET /api/todos 304 in 302ms :: [{\"id\":1,\"text\":\"Implementare verifica SMS/Whats…","service":"stargem-manager","timestamp":"2026-05-04 03:23:49"}
{"level":"info","message":"GET /api/team-comments 304 in 303ms :: [{\"id\":20,\"authorId\":\"admin-id\",\"authorN…","service":"stargem-manager","timestamp":"2026-05-04 03:23:49"}
{"level":"info","message":"GET /api/todos 304 in 280ms :: [{\"id\":1,\"text\":\"Implementare verifica SMS/Whats…","service":"stargem-manager","timestamp":"2026-05-04 03:24:00"}
{"level":"info","message":"GET /api/team-comments 304 in 304ms :: [{\"id\":20,\"authorId\":\"admin-id\",\"authorN…","service":"stargem-manager","timestamp":"2026-05-04 03:24:00"}
{"level":"info","message":"GET /api/users/presence/active 304 in 615ms :: [{\"id\":\"admin-id\",\"username\":\"ad…","service":"stargem-manager","timestamp":"2026-05-04 03:24:00"}
{"level":"info","message":"POST /api/users/presence/heartbeat 200 in 346ms :: {\"success\":true}","service":"stargem-manager","timestamp":"2026-05-04 03:24:02"}
{"level":"info","message":"GET /api/enrollments 304 in 306ms :: [{\"id\":593,\"memberId\":14327,\"courseId\":30}…","service":"stargem-manager","timestamp":"2026-05-04 03:24:04"}
{"level":"info","message":"GET /api/custom-lists/stato_corso 304 in 348ms :: {\"id\":34,\"name\":\"Stato Corso\"…","service":"stargem-manager","timestamp":"2026-05-04 03:24:04"}
{"level":"info","message":"GET /api/todos 304 in 280ms :: [{\"id\":1,\"text\":\"Implementare verifica SMS/Whats…","service":"stargem-manager","timestamp":"2026-05-04 03:24:10"}
{"level":"info","message":"GET /api/team-comments 304 in 305ms :: [{\"id\":20,\"authorId\":\"admin-id\",\"authorN…","service":"stargem-manager","timestamp":"2026-05-04 03:24:10"}
{"level":"info","message":"GET /api/users/presence/active 200 in 568ms :: [{\"id\":\"admin-id\",\"username\":\"ad…","service":"stargem-manager","timestamp":"2026-05-04 03:24:16"}
{"level":"info","message":"GET /api/todos 304 in 279ms :: [{\"id\":1,\"text\":\"Implementare verifica SMS/Whats…","service":"stargem-manager","timestamp":"2026-05-04 03:24:20"}
{"level":"info","message":"GET /api/team-comments 304 in 257ms :: [{\"id\":20,\"authorId\":\"admin-id\",\"authorN…","service":"stargem-manager","timestamp":"2026-05-04 03:24:20"}
{"level":"info","message":"GET /api/gemteam/permessi/pending-count 304 in 236ms :: {\"count\":0}","service":"stargem-manager","timestamp":"2026-05-04 03:24:29"}
{"level":"info","message":"GET /api/todos 304 in 284ms :: [{\"id\":1,\"text\":\"Implementare verifica SMS/Whats…","service":"stargem-manager","timestamp":"2026-05-04 03:24:30"}
{"level":"info","message":"GET /api/team-comments 304 in 285ms :: [{\"id\":20,\"authorId\":\"admin-id\",\"authorN…","service":"stargem-manager","timestamp":"2026-05-04 03:24:31"}
{"level":"info","message":"GET /api/users/presence/active 304 in 472ms :: [{\"id\":\"admin-id\",\"username\":\"ad…","service":"stargem-manager","timestamp":"2026-05-04 03:24:31"}
{"level":"info","message":"POST /api/users/presence/heartbeat 200 in 338ms :: {\"success\":true}","service":"stargem-manager","timestamp":"2026-05-04 03:24:33"}
{"level":"info","message":"POST /api/attendances/bulk 201 in 295ms :: {\"success\":true,\"count\":14}","service":"stargem-manager","timestamp":"2026-05-04 03:24:35"}
{"level":"info","message":"GET /api/attendances 200 in 198ms :: [{\"id\":1,\"memberId\":14327,\"courseId\":30,\"e…","service":"stargem-manager","timestamp":"2026-05-04 03:24:35"}
{"level":"info","message":"GET /api/todos 304 in 289ms :: [{\"id\":1,\"text\":\"Implementare verifica SMS/Whats…","service":"stargem-manager","timestamp":"2026-05-04 03:24:41"}
{"level":"info","message":"GET /api/team-comments 304 in 291ms :: [{\"id\":20,\"authorId\":\"admin-id\",\"authorN…","service":"stargem-manager","timestamp":"2026-05-04 03:24:41"}
{"level":"info","message":"GET /api/users/presence/active 200 in 546ms :: [{\"id\":\"admin-id\",\"username\":\"ad…","service":"stargem-manager","timestamp":"2026-05-04 03:24:47"}
{"level":"info","message":"GET /api/todos 304 in 288ms :: [{\"id\":1,\"text\":\"Implementare verifica SMS/Whats…","service":"stargem-manager","timestamp":"2026-05-04 03:24:51"}
{"level":"info","message":"GET /api/team-comments 304 in 291ms :: [{\"id\":20,\"authorId\":\"admin-id\",\"authorN…","service":"stargem-manager","timestamp":"2026-05-04 03:24:51"}
{"level":"info","message":"GET /api/todos 304 in 281ms :: [{\"id\":1,\"text\":\"Implementare verifica SMS/Whats…","service":"stargem-manager","timestamp":"2026-05-04 03:25:01"}
{"level":"info","message":"GET /api/team-comments 304 in 281ms :: [{\"id\":20,\"authorId\":\"admin-id\",\"authorN…","service":"stargem-manager","timestamp":"2026-05-04 03:25:01"}
{"level":"info","message":"GET /api/users/presence/active 304 in 483ms :: [{\"id\":\"admin-id\",\"username\":\"ad…","service":"stargem-manager","timestamp":"2026-05-04 03:25:02"}
{"level":"info","message":"GET /api/todos 304 in 279ms :: [{\"id\":1,\"text\":\"Implementare verifica SMS/Whats…","service":"stargem-manager","timestamp":"2026-05-04 03:25:12"}
{"level":"info","message":"GET /api/team-comments 304 in 282ms :: [{\"id\":20,\"authorId\":\"admin-id\",\"authorN…","service":"stargem-manager","timestamp":"2026-05-04 03:25:12"}
{"level":"info","message":"GET /api/users/presence/active 200 in 545ms :: [{\"id\":\"admin-id\",\"username\":\"ad…","service":"stargem-manager","timestamp":"2026-05-04 03:25:18"}
{"level":"info","message":"GET /api/todos 304 in 282ms :: [{\"id\":1,\"text\":\"Implementare verifica SMS/Whats…","service":"stargem-manager","timestamp":"2026-05-04 03:25:22"}
{"level":"info","message":"GET /api/team-comments 304 in 280ms :: [{\"id\":20,\"authorId\":\"admin-id\",\"authorN…","service":"stargem-manager","timestamp":"2026-05-04 03:25:22"}
{"level":"info","message":"GET /api/gemteam/permessi/pending-count 304 in 241ms :: {\"count\":0}","service":"stargem-manager","timestamp":"2026-05-04 03:25:29"}
{"level":"info","message":"GET /api/todos 304 in 281ms :: [{\"id\":1,\"text\":\"Implementare verifica SMS/Whats…","service":"stargem-manager","timestamp":"2026-05-04 03:25:32"}
{"level":"info","message":"GET /api/team-comments 304 in 280ms :: [{\"id\":20,\"authorId\":\"admin-id\",\"authorN…","service":"stargem-manager","timestamp":"2026-05-04 03:25:32"}
{"level":"info","message":"GET /api/users/presence/active 304 in 473ms :: [{\"id\":\"admin-id\",\"username\":\"ad…","service":"stargem-manager","timestamp":"2026-05-04 03:25:33"}
{"level":"info","message":"GET /api/todos 304 in 285ms :: [{\"id\":1,\"text\":\"Implementare verifica SMS/Whats…","service":"stargem-manager","timestamp":"2026-05-04 03:25:42"}
{"level":"info","message":"GET /api/team-comments 304 in 286ms :: [{\"id\":20,\"authorId\":\"admin-id\",\"authorN…","service":"stargem-manager","timestamp":"2026-05-04 03:25:43"}
{"level":"info","message":"GET /api/users/presence/active 304 in 582ms :: [{\"id\":\"admin-id\",\"username\":\"ad…","service":"stargem-manager","timestamp":"2026-05-04 03:25:49"}
{"level":"info","message":"GET /api/enrollments 304 in 156ms :: [{\"id\":593,\"memberId\":14327,\"courseId\":30}…","service":"stargem-manager","timestamp":"2026-05-04 03:25:51"}
{"level":"info","message":"GET /api/todos 304 in 281ms :: [{\"id\":1,\"text\":\"Implementare verifica SMS/Whats…","service":"stargem-manager","timestamp":"2026-05-04 03:25:53"}
{"level":"info","message":"GET /api/team-comments 304 in 280ms :: [{\"id\":20,\"authorId\":\"admin-id\",\"authorN…","service":"stargem-manager","timestamp":"2026-05-04 03:25:53"}
{"level":"info","message":"POST /api/users/presence/heartbeat 200 in 339ms :: {\"success\":true}","service":"stargem-manager","timestamp":"2026-05-04 03:26:00"}
{"level":"info","message":"GET /api/todos 304 in 280ms :: [{\"id\":1,\"text\":\"Implementare verifica SMS/Whats…","service":"stargem-manager","timestamp":"2026-05-04 03:26:03"}
{"level":"info","message":"GET /api/team-comments 304 in 283ms :: [{\"id\":20,\"authorId\":\"admin-id\",\"authorN…","service":"stargem-manager","timestamp":"2026-05-04 03:26:03"}
{"level":"info","message":"GET /api/users/presence/active 200 in 636ms :: [{\"id\":\"admin-id\",\"username\":\"ad…","service":"stargem-manager","timestamp":"2026-05-04 03:26:04"}
{"level":"info","message":"GET /api/custom-lists/stato_corso 304 in 267ms :: {\"id\":34,\"name\":\"Stato Corso\"…","service":"stargem-manager","timestamp":"2026-05-04 03:26:11"}
{"level":"info","message":"GET /api/todos 304 in 288ms :: [{\"id\":1,\"text\":\"Implementare verifica SMS/Whats…","service":"stargem-manager","timestamp":"2026-05-04 03:26:13"}
{"level":"info","message":"GET /api/team-comments 304 in 288ms :: [{\"id\":20,\"authorId\":\"admin-id\",\"authorN…","service":"stargem-manager","timestamp":"2026-05-04 03:26:13"}
{"level":"info","message":"GET /api/users/presence/active 304 in 544ms :: [{\"id\":\"admin-id\",\"username\":\"ad…","service":"stargem-manager","timestamp":"2026-05-04 03:26:20"}
{"level":"info","message":"GET /api/todos 304 in 296ms :: [{\"id\":1,\"text\":\"Implementare verifica SMS/Whats…","service":"stargem-manager","timestamp":"2026-05-04 03:26:24"}
{"level":"info","message":"GET /api/team-comments 304 in 303ms :: [{\"id\":20,\"authorId\":\"admin-id\",\"authorN…","service":"stargem-manager","timestamp":"2026-05-04 03:26:24"}
{"level":"info","message":"POST /api/users/presence/heartbeat 200 in 340ms :: {\"success\":true}","service":"stargem-manager","timestamp":"2026-05-04 03:26:30"}
{"level":"info","message":"GET /api/todos 304 in 282ms :: [{\"id\":1,\"text\":\"Implementare verifica SMS/Whats…","service":"stargem-manager","timestamp":"2026-05-04 03:26:34"}
{"level":"info","message":"GET /api/team-comments 304 in 281ms :: [{\"id\":20,\"authorId\":\"admin-id\",\"authorN…","service":"stargem-manager","timestamp":"2026-05-04 03:26:34"}
{"level":"info","message":"GET /api/users/presence/active 200 in 529ms :: [{\"id\":\"admin-id\",\"username\":\"ad…","service":"stargem-manager","timestamp":"2026-05-04 03:26:35"}
{"level":"info","message":"GET /api/todos 304 in 281ms :: [{\"id\":1,\"text\":\"Implementare verifica SMS/Whats…","service":"stargem-manager","timestamp":"2026-05-04 03:26:44"}
{"level":"info","message":"GET /api/team-comments 304 in 282ms :: [{\"id\":20,\"authorId\":\"admin-id\",\"authorN…","service":"stargem-manager","timestamp":"2026-05-04 03:26:44"}
{"level":"info","message":"GET /api/gemteam/permessi/pending-count 304 in 388ms :: {\"count\":0}","service":"stargem-manager","timestamp":"2026-05-04 03:26:51"}
{"level":"info","message":"GET /api/users/presence/active 304 in 690ms :: [{\"id\":\"admin-id\",\"username\":\"ad…","service":"stargem-manager","timestamp":"2026-05-04 03:26:51"}
{"level":"info","message":"GET /api/todos 304 in 286ms :: [{\"id\":1,\"text\":\"Implementare verifica SMS/Whats…","service":"stargem-manager","timestamp":"2026-05-04 03:26:55"}
{"level":"info","message":"GET /api/team-comments 304 in 288ms :: [{\"id\":20,\"authorId\":\"admin-id\",\"authorN…","service":"stargem-manager","timestamp":"2026-05-04 03:26:55"}
{"level":"info","message":"GET /api/todos 304 in 294ms :: [{\"id\":1,\"text\":\"Implementare verifica SMS/Whats…","service":"stargem-manager","timestamp":"2026-05-04 03:27:05"}
{"level":"info","message":"GET /api/team-comments 304 in 296ms :: [{\"id\":20,\"authorId\":\"admin-id\",\"authorN…","service":"stargem-manager","timestamp":"2026-05-04 03:27:05"}
{"level":"info","message":"GET /api/users/presence/active 200 in 563ms :: [{\"id\":\"admin-id\",\"username\":\"ad…","service":"stargem-manager","timestamp":"2026-05-04 03:27:07"}
{"level":"info","message":"GET /api/todos 304 in 277ms :: [{\"id\":1,\"text\":\"Implementare verifica SMS/Whats…","service":"stargem-manager","timestamp":"2026-05-04 03:27:15"}
{"level":"info","message":"GET /api/team-comments 304 in 278ms :: [{\"id\":20,\"authorId\":\"admin-id\",\"authorN…","service":"stargem-manager","timestamp":"2026-05-04 03:27:15"}
{"level":"info","message":"GET /api/users/presence/active 304 in 557ms :: [{\"id\":\"admin-id\",\"username\":\"ad…","service":"stargem-manager","timestamp":"2026-05-04 03:27:22"}
{"level":"info","message":"GET /api/todos 304 in 285ms :: [{\"id\":1,\"text\":\"Implementare verifica SMS/Whats…","service":"stargem-manager","timestamp":"2026-05-04 03:27:25"}
{"level":"info","message":"GET /api/team-comments 304 in 261ms :: [{\"id\":20,\"authorId\":\"admin-id\",\"authorN…","service":"stargem-manager","timestamp":"2026-05-04 03:27:25"}
{"level":"info","message":"GET /api/todos 304 in 304ms :: [{\"id\":1,\"text\":\"Implementare verifica SMS/Whats…","service":"stargem-manager","timestamp":"2026-05-04 03:27:36"}
{"level":"info","message":"GET /api/team-comments 304 in 305ms :: [{\"id\":20,\"authorId\":\"admin-id\",\"authorN…","service":"stargem-manager","timestamp":"2026-05-04 03:27:36"}
{"level":"info","message":"GET /api/users/presence/active 304 in 533ms :: [{\"id\":\"admin-id\",\"username\":\"ad…","service":"stargem-manager","timestamp":"2026-05-04 03:27:38"}
{"level":"info","message":"POST /api/users/presence/heartbeat 200 in 348ms :: {\"success\":true}","service":"stargem-manager","timestamp":"2026-05-04 03:27:44"}
{"level":"info","message":"GET /api/todos 304 in 309ms :: [{\"id\":1,\"text\":\"Implementare verifica SMS/Whats…","service":"stargem-manager","timestamp":"2026-05-04 03:27:46"}
{"level":"info","message":"GET /api/team-comments 304 in 312ms :: [{\"id\":20,\"authorId\":\"admin-id\",\"authorN…","service":"stargem-manager","timestamp":"2026-05-04 03:27:46"}
{"level":"info","message":"GET /api/gemteam/permessi/pending-count 304 in 239ms :: {\"count\":0}","service":"stargem-manager","timestamp":"2026-05-04 03:27:51"}
{"level":"info","message":"GET /api/users/presence/active 200 in 569ms :: [{\"id\":\"admin-id\",\"username\":\"ad…","service":"stargem-manager","timestamp":"2026-05-04 03:27:53"}
{"level":"info","message":"GET /api/todos 304 in 302ms :: [{\"id\":1,\"text\":\"Implementare verifica SMS/Whats…","service":"stargem-manager","timestamp":"2026-05-04 03:27:56"}
{"level":"info","message":"GET /api/team-comments 304 in 305ms :: [{\"id\":20,\"authorId\":\"admin-id\",\"authorN…","service":"stargem-manager","timestamp":"2026-05-04 03:27:56"}
{"level":"info","message":"GET /api/todos 304 in 307ms :: [{\"id\":1,\"text\":\"Implementare verifica SMS/Whats…","service":"stargem-manager","timestamp":"2026-05-04 03:28:07"}
{"level":"info","message":"GET /api/team-comments 304 in 308ms :: [{\"id\":20,\"authorId\":\"admin-id\",\"authorN…","service":"stargem-manager","timestamp":"2026-05-04 03:28:07"}
{"level":"info","message":"GET /api/users/presence/active 200 in 540ms :: [{\"id\":\"admin-id\",\"username\":\"ad…","service":"stargem-manager","timestamp":"2026-05-04 03:28:09"}
{"level":"info","message":"GET /api/todos 304 in 310ms :: [{\"id\":1,\"text\":\"Implementare verifica SMS/Whats…","service":"stargem-manager","timestamp":"2026-05-04 03:28:17"}
{"level":"info","message":"GET /api/team-comments 304 in 313ms :: [{\"id\":20,\"authorId\":\"admin-id\",\"authorN…","service":"stargem-manager","timestamp":"2026-05-04 03:28:17"}
{"level":"info","message":"GET /api/users/presence/active 304 in 532ms :: [{\"id\":\"admin-id\",\"username\":\"ad…","service":"stargem-manager","timestamp":"2026-05-04 03:28:24"}
{"level":"info","message":"GET /api/todos 304 in 304ms :: [{\"id\":1,\"text\":\"Implementare verifica SMS/Whats…","service":"stargem-manager","timestamp":"2026-05-04 03:28:27"}
{"level":"info","message":"GET /api/team-comments 304 in 306ms :: [{\"id\":20,\"authorId\":\"admin-id\",\"authorN…","service":"stargem-manager","timestamp":"2026-05-04 03:28:27"}
{"level":"info","message":"GET /api/todos 304 in 313ms :: [{\"id\":1,\"text\":\"Implementare verifica SMS/Whats…","service":"stargem-manager","timestamp":"2026-05-04 03:28:38"}
{"level":"info","message":"GET /api/team-comments 304 in 312ms :: [{\"id\":20,\"authorId\":\"admin-id\",\"authorN…","service":"stargem-manager","timestamp":"2026-05-04 03:28:38"}
{"level":"info","message":"GET /api/users/presence/active 304 in 532ms :: [{\"id\":\"admin-id\",\"username\":\"ad…","service":"stargem-manager","timestamp":"2026-05-04 03:28:40"}
{"level":"info","message":"GET /api/team-comments 304 in 256ms :: [{\"id\":20,\"authorId\":\"admin-id\",\"authorN…","service":"stargem-manager","timestamp":"2026-05-04 03:28:48"}
{"level":"info","message":"GET /api/todos 304 in 301ms :: [{\"id\":1,\"text\":\"Implementare verifica SMS/Whats…","service":"stargem-manager","timestamp":"2026-05-04 03:28:48"}
{"level":"info","message":"POST /api/users/presence/heartbeat 200 in 437ms :: {\"success\":true}","service":"stargem-manager","timestamp":"2026-05-04 03:28:48"}
{"level":"info","message":"GET /api/gemteam/permessi/pending-count 304 in 258ms :: {\"count\":0}","service":"stargem-manager","timestamp":"2026-05-04 03:28:51"}
{"level":"info","message":"GET /api/team-notes 304 in 311ms :: []","service":"stargem-manager","timestamp":"2026-05-04 03:28:53"}
{"level":"info","message":"GET /api/seasons/active 304 in 148ms :: {\"id\":1,\"name\":\"Stagione 2025/2026\",\"de…","service":"stargem-manager","timestamp":"2026-05-04 03:28:53"}
{"level":"info","message":"GET /api/courses 304 in 197ms :: []","service":"stargem-manager","timestamp":"2026-05-04 03:28:53"}
{"level":"info","message":"GET /api/enrollments 304 in 201ms :: [{\"id\":12454,\"memberId\":18192,\"courseId\":5…","service":"stargem-manager","timestamp":"2026-05-04 03:28:53"}
{"level":"info","message":"GET /api/courses 304 in 204ms :: [{\"id\":802,\"sku\":\"2526AMBER-ALDRIN15MA\",\"name\"…","service":"stargem-manager","timestamp":"2026-05-04 03:28:53"}
{"level":"info","message":"GET /api/courses 304 in 247ms :: [{\"id\":517,\"sku\":\"2526STANISCIMAR13\",\"name\":\"P…","service":"stargem-manager","timestamp":"2026-05-04 03:28:53"}
{"level":"info","message":"GET /api/enrollments 304 in 274ms :: [{\"id\":65,\"memberId\":14194,\"courseId\":7,\"p…","service":"stargem-manager","timestamp":"2026-05-04 03:28:53"}
{"level":"info","message":"GET /api/courses 304 in 357ms :: []","service":"stargem-manager","timestamp":"2026-05-04 03:28:54"}
{"level":"info","message":"GET /api/courses 304 in 330ms :: [{\"id\":560,\"sku\":\"2526LEZINDIVIDUALE\",\"name\":\"…","service":"stargem-manager","timestamp":"2026-05-04 03:28:54"}
{"level":"info","message":"GET /api/courses 304 in 330ms :: []","service":"stargem-manager","timestamp":"2026-05-04 03:28:54"}
{"level":"info","message":"GET /api/courses 304 in 361ms :: [{\"id\":810,\"sku\":\"PROVA2526CRUZMAR12\",\"name\":\"…","service":"stargem-manager","timestamp":"2026-05-04 03:28:54"}
{"level":"info","message":"GET /api/courses 304 in 350ms :: [{\"id\":807,\"sku\":\"2526KUQI15MAR - A\",\"name\":\"D…","service":"stargem-manager","timestamp":"2026-05-04 03:28:54"}
{"level":"info","message":"GET /api/courses 304 in 352ms :: []","service":"stargem-manager","timestamp":"2026-05-04 03:28:54"}
{"level":"info","message":"GET /api/courses 304 in 825ms :: []","service":"stargem-manager","timestamp":"2026-05-04 03:28:54"}
{"level":"info","message":"GET /api/courses 304 in 1027ms :: [{\"id\":813,\"sku\":\"2526CAMPUSDANZAS2\",\"name\":\"…","service":"stargem-manager","timestamp":"2026-05-04 03:28:55"}
{"level":"info","message":"GET /api/enrollments 304 in 1030ms :: []","service":"stargem-manager","timestamp":"2026-05-04 03:28:55"}
{"level":"info","message":"GET /api/enrollments 304 in 1059ms :: []","service":"stargem-manager","timestamp":"2026-05-04 03:28:55"}
{"level":"info","message":"GET /api/enrollments 304 in 1099ms :: [{\"id\":7224,\"memberId\":14186,\"courseId\":5…","service":"stargem-manager","timestamp":"2026-05-04 03:28:55"}
{"level":"info","message":"GET /api/courses 304 in 1098ms :: [{\"id\":529,\"sku\":\"2526ALLENAMENTO\",\"name\":\"Al…","service":"stargem-manager","timestamp":"2026-05-04 03:28:55"}
{"level":"info","message":"GET /api/enrollments 304 in 470ms :: []","service":"stargem-manager","timestamp":"2026-05-04 03:28:55"}
{"level":"info","message":"GET /api/enrollments 304 in 234ms :: [{\"id\":10586,\"memberId\":14957,\"courseId\":7…","service":"stargem-manager","timestamp":"2026-05-04 03:28:55"}
{"level":"info","message":"GET /api/enrollments 304 in 268ms :: [{\"id\":6071,\"memberId\":15573,\"courseId\":52…","service":"stargem-manager","timestamp":"2026-05-04 03:28:55"}
{"level":"info","message":"GET /api/enrollments 304 in 294ms :: [{\"id\":6929,\"memberId\":17989,\"courseId\":56…","service":"stargem-manager","timestamp":"2026-05-04 03:28:55"}
{"level":"info","message":"GET /api/enrollments 304 in 249ms :: []","service":"stargem-manager","timestamp":"2026-05-04 03:28:55"}
{"level":"info","message":"GET /api/enrollments 304 in 245ms :: [{\"id\":6133,\"memberId\":18311,\"courseId\":53…","service":"stargem-manager","timestamp":"2026-05-04 03:28:55"}
{"level":"info","message":"GET /api/enrollments 304 in 272ms :: []","service":"stargem-manager","timestamp":"2026-05-04 03:28:55"}
{"level":"info","message":"GET /api/users/presence/active 200 in 585ms :: [{\"id\":\"admin-id\",\"username\":\"ad…","service":"stargem-manager","timestamp":"2026-05-04 03:28:56"}
{"level":"info","message":"GET /api/team-comments 304 in 301ms :: [{\"id\":20,\"authorId\":\"admin-id\",\"authorN…","service":"stargem-manager","timestamp":"2026-05-04 03:28:58"}
{"level":"info","message":"GET /api/todos 304 in 304ms :: [{\"id\":1,\"text\":\"Implementare verifica SMS/Whats…","service":"stargem-manager","timestamp":"2026-05-04 03:28:58"}
{"level":"info","message":"GET /api/team-comments 304 in 300ms :: [{\"id\":20,\"authorId\":\"admin-id\",\"authorN…","service":"stargem-manager","timestamp":"2026-05-04 03:29:09"}
{"level":"info","message":"GET /api/todos 304 in 301ms :: [{\"id\":1,\"text\":\"Implementare verifica SMS/Whats…","service":"stargem-manager","timestamp":"2026-05-04 03:29:09"}
{"level":"info","message":"GET /api/users/presence/active 200 in 590ms :: [{\"id\":\"admin-id\",\"username\":\"ad…","service":"stargem-manager","timestamp":"2026-05-04 03:29:11"}
{"level":"info","message":"GET /api/team-comments 304 in 301ms :: [{\"id\":20,\"authorId\":\"admin-id\",\"authorN…","service":"stargem-manager","timestamp":"2026-05-04 03:29:19"}
{"level":"info","message":"GET /api/todos 304 in 301ms :: [{\"id\":1,\"text\":\"Implementare verifica SMS/Whats…","service":"stargem-manager","timestamp":"2026-05-04 03:29:19"}
{"level":"info","message":"POST /api/users/presence/heartbeat 200 in 369ms :: {\"success\":true}","service":"stargem-manager","timestamp":"2026-05-04 03:29:24"}
{"level":"info","message":"GET /api/users/presence/active 200 in 601ms :: [{\"id\":\"admin-id\",\"username\":\"ad…","service":"stargem-manager","timestamp":"2026-05-04 03:29:27"}
{"level":"info","message":"GET /api/team-comments 304 in 305ms :: [{\"id\":20,\"authorId\":\"admin-id\",\"authorN…","service":"stargem-manager","timestamp":"2026-05-04 03:29:29"}
{"level":"info","message":"GET /api/todos 304 in 307ms :: [{\"id\":1,\"text\":\"Implementare verifica SMS/Whats…","service":"stargem-manager","timestamp":"2026-05-04 03:29:29"}
{"level":"info","message":"GET /api/team-comments 304 in 361ms :: [{\"id\":20,\"authorId\":\"admin-id\",\"authorN…","service":"stargem-manager","timestamp":"2026-05-04 03:29:39"}
{"level":"info","message":"GET /api/todos 304 in 369ms :: [{\"id\":1,\"text\":\"Implementare verifica SMS/Whats…","service":"stargem-manager","timestamp":"2026-05-04 03:29:40"}
{"level":"info","message":"GET /api/users/presence/active 304 in 589ms :: [{\"id\":\"admin-id\",\"username\":\"ad…","service":"stargem-manager","timestamp":"2026-05-04 03:29:42"}
{"level":"info","message":"GET /api/team-comments 304 in 362ms :: [{\"id\":20,\"authorId\":\"admin-id\",\"authorN…","service":"stargem-manager","timestamp":"2026-05-04 03:29:50"}
{"level":"info","message":"GET /api/todos 304 in 366ms :: [{\"id\":1,\"text\":\"Implementare verifica SMS/Whats…","service":"stargem-manager","timestamp":"2026-05-04 03:29:50"}
{"level":"info","message":"GET /api/gemteam/permessi/pending-count 304 in 238ms :: {\"count\":0}","service":"stargem-manager","timestamp":"2026-05-04 03:29:52"}
{"level":"info","message":"GET /api/users/presence/active 200 in 548ms :: [{\"id\":\"admin-id\",\"username\":\"ad…","service":"stargem-manager","timestamp":"2026-05-04 03:29:58"}
{"level":"info","message":"GET /api/team-comments 304 in 309ms :: [{\"id\":20,\"authorId\":\"admin-id\",\"authorN…","service":"stargem-manager","timestamp":"2026-05-04 03:30:00"}
{"level":"info","message":"GET /api/todos 304 in 303ms :: [{\"id\":1,\"text\":\"Implementare verifica SMS/Whats…","service":"stargem-manager","timestamp":"2026-05-04 03:30:00"}
{"level":"info","message":"GET /api/team-comments 304 in 311ms :: [{\"id\":20,\"authorId\":\"admin-id\",\"authorN…","service":"stargem-manager","timestamp":"2026-05-04 03:30:10"}
{"level":"info","message":"GET /api/todos 304 in 314ms :: [{\"id\":1,\"text\":\"Implementare verifica SMS/Whats…","service":"stargem-manager","timestamp":"2026-05-04 03:30:11"}
{"level":"info","message":"GET /api/users/presence/active 304 in 598ms :: [{\"id\":\"admin-id\",\"username\":\"ad…","service":"stargem-manager","timestamp":"2026-05-04 03:30:14"}
{"level":"info","message":"GET /api/team-comments 304 in 309ms :: [{\"id\":20,\"authorId\":\"admin-id\",\"authorN…","service":"stargem-manager","timestamp":"2026-05-04 03:30:21"}
{"level":"info","message":"GET /api/todos 304 in 312ms :: [{\"id\":1,\"text\":\"Implementare verifica SMS/Whats…","service":"stargem-manager","timestamp":"2026-05-04 03:30:21"}
{"level":"info","message":"GET /api/users/presence/active 304 in 627ms :: [{\"id\":\"admin-id\",\"username\":\"ad…","service":"stargem-manager","timestamp":"2026-05-04 03:30:29"}
{"level":"info","message":"GET /api/team-comments 304 in 248ms :: [{\"id\":20,\"authorId\":\"admin-id\",\"authorN…","service":"stargem-manager","timestamp":"2026-05-04 03:30:31"}
{"level":"info","message":"GET /api/todos 304 in 253ms :: [{\"id\":1,\"text\":\"Implementare verifica SMS/Whats…","service":"stargem-manager","timestamp":"2026-05-04 03:30:31"}
{"level":"info","message":"GET /api/team-comments 304 in 308ms :: [{\"id\":20,\"authorId\":\"admin-id\",\"authorN…","service":"stargem-manager","timestamp":"2026-05-04 03:30:41"}
{"level":"info","message":"GET /api/todos 304 in 307ms :: [{\"id\":1,\"text\":\"Implementare verifica SMS/Whats…","service":"stargem-manager","timestamp":"2026-05-04 03:30:41"}
{"level":"info","message":"GET /api/users/presence/active 304 in 545ms :: [{\"id\":\"admin-id\",\"username\":\"ad…","service":"stargem-manager","timestamp":"2026-05-04 03:30:45"}
{"level":"info","message":"GET /api/team-comments 304 in 307ms :: [{\"id\":20,\"authorId\":\"admin-id\",\"authorN…","service":"stargem-manager","timestamp":"2026-05-04 03:30:52"}
{"level":"info","message":"GET /api/todos 304 in 307ms :: [{\"id\":1,\"text\":\"Implementare verifica SMS/Whats…","service":"stargem-manager","timestamp":"2026-05-04 03:30:52"}
{"level":"info","message":"GET /api/gemteam/permessi/pending-count 304 in 181ms :: {\"count\":0}","service":"stargem-manager","timestamp":"2026-05-04 03:30:52"}
{"level":"info","message":"GET /api/users/presence/active 200 in 541ms :: [{\"id\":\"admin-id\",\"username\":\"ad…","service":"stargem-manager","timestamp":"2026-05-04 03:31:00"}
{"level":"info","message":"GET /api/team-comments 304 in 278ms :: [{\"id\":20,\"authorId\":\"admin-id\",\"authorN…","service":"stargem-manager","timestamp":"2026-05-04 03:31:02"}
{"level":"info","message":"GET /api/todos 304 in 281ms :: [{\"id\":1,\"text\":\"Implementare verifica SMS/Whats…","service":"stargem-manager","timestamp":"2026-05-04 03:31:02"}
{"level":"info","message":"GET /api/team-comments 304 in 302ms :: [{\"id\":20,\"authorId\":\"admin-id\",\"authorN…","service":"stargem-manager","timestamp":"2026-05-04 03:31:12"}
{"level":"info","message":"GET /api/todos 304 in 303ms :: [{\"id\":1,\"text\":\"Implementare verifica SMS/Whats…","service":"stargem-manager","timestamp":"2026-05-04 03:31:12"}
{"level":"info","message":"GET /api/users/presence/active 304 in 539ms :: [{\"id\":\"admin-id\",\"username\":\"ad…","service":"stargem-manager","timestamp":"2026-05-04 03:31:16"}
{"level":"info","message":"GET /api/team-comments 304 in 309ms :: [{\"id\":20,\"authorId\":\"admin-id\",\"authorN…","service":"stargem-manager","timestamp":"2026-05-04 03:31:23"}
{"level":"info","message":"GET /api/todos 304 in 310ms :: [{\"id\":1,\"text\":\"Implementare verifica SMS/Whats…","service":"stargem-manager","timestamp":"2026-05-04 03:31:23"}
{"level":"info","message":"GET /api/users/presence/active 304 in 554ms :: [{\"id\":\"admin-id\",\"username\":\"ad…","service":"stargem-manager","timestamp":"2026-05-04 03:31:31"}
{"level":"info","message":"GET /api/team-comments 304 in 254ms :: [{\"id\":20,\"authorId\":\"admin-id\",\"authorN…","service":"stargem-manager","timestamp":"2026-05-04 03:31:33"}
{"level":"info","message":"GET /api/todos 304 in 258ms :: [{\"id\":1,\"text\":\"Implementare verifica SMS/Whats…","service":"stargem-manager","timestamp":"2026-05-04 03:31:33"}
{"level":"info","message":"GET /api/team-comments 304 in 306ms :: [{\"id\":20,\"authorId\":\"admin-id\",\"authorN…","service":"stargem-manager","timestamp":"2026-05-04 03:31:43"}
{"level":"info","message":"GET /api/todos 304 in 308ms :: [{\"id\":1,\"text\":\"Implementare verifica SMS/Whats…","service":"stargem-manager","timestamp":"2026-05-04 03:31:43"}
{"level":"info","message":"GET /api/users/presence/active 304 in 609ms :: [{\"id\":\"admin-id\",\"username\":\"ad…","service":"stargem-manager","timestamp":"2026-05-04 03:31:47"}
